user_id,movie_name,producer,director,genre,release_year,runtime_minutes,budget_band,mpaa_rating,user_rating,review_date
915,The Silence of the Lambs,Orion Pictures,Jonathan Demme,Drama,1991,118,Medium,R,3,2017-09-30
2419,The Shawshank Redemption,Castle Rock Entertainment,Frank Darabont,Crime,1994,142,High,R,5,2015-12-23
953,Pulp Fiction,Miramax,Quentin Tarantino,Drama,1994,154,High,R,1,2017-06-14
2933,Inception,Warner Bros.,Christopher Nolan,Drama,2010,148,High,PG-13,5,2017-03-25
1840,Schindler's List,Universal Pictures,Steven Spielberg,Animation,1993,195,High,R,4,2017-06-21
1732,The Matrix,Warner Bros.,Lana Wachowski,Drama,1999,136,High,R,2,2022-10-30
1379,The Dark Knight,Warner Bros.,Christopher Nolan,Action,2008,152,High,PG-13,2,2025-09-25
1409,The Shawshank Redemption,Castle Rock Entertainment,Frank Darabont,Sci-Fi,1994,142,High,R,1,2019-01-10
512,The Lord of the Rings: The Return of the King,New Line Cinema,Peter Jackson,Drama,2003,201,High,PG-13,4,2021-01-05
1201,Inside Out,Pixar,Pete Docter,Sci-Fi,2015,95,Medium,PG,1,2021-03-11
788,Back to the Future,Universal Pictures,Robert Zemeckis,Romance,1985,116,Medium,PG,3,2021-06-22
1186,Gladiator,DreamWorks Pictures,Ridley Scott,Drama,2000,155,High,R,2,2023-09-02
1139,The Usual Suspects,Gramercy Pictures,Bryan Singer,Thriller,1995,106,Medium,R,1,2019-04-06
1456,Pulp Fiction,Miramax,Quentin Tarantino,Adventure,1994,154,High,R,2,2019-02-25
2601,The Shawshank Redemption,Castle Rock Entertainment,Frank Darabont,Comedy,1994,142,High,R,1,2021-10-31
1555,The Shawshank Redemption,Castle Rock Entertainment,Frank Darabont,Thriller,1994,142,High,R,2,2020-03-08
1329,The Godfather,Paramount Pictures,Francis Ford Coppola,Animation,1972,175,High,R,2,2022-09-05
132,Parasite,CJ Entertainment,Bong Joon-ho,Drama,2019,132,High,R,2,2024-03-20
865,Saving Private Ryan,DreamWorks/Amblin,Steven Spielberg,Sci-Fi,1998,169,High,R,3,2015-09-29
2685,Joker,Warner Bros.,Todd Phillips,Romance,2019,122,High,R,3,2017-05-20
572,Forrest Gump,Paramount Pictures,Robert Zemeckis,Fantasy,1994,142,High,PG-13,2,2017-12-20
2395,The Godfather,Paramount Pictures,Francis Ford Coppola,Animation,1972,175,High,R,5,2017-12-12
899,Pulp Fiction,Miramax,Quentin Tarantino,Romance,1994,154,High,R,4,2019-01-22
373,The Avengers,Marvel Studios,Joss Whedon,Action,2012,143,High,PG-13,5,2020-07-14
656,Se7en,New Line Cinema,David Fincher,Crime,1995,127,High,R,2,2022-01-14
1577,The Prestige,Warner Bros.,Christopher Nolan,Sci-Fi,2006,130,High,PG-13,5,2015-09-18
2267,The Dark Knight,Warner Bros.,Christopher Nolan,Fantasy,2008,152,High,PG-13,5,2017-10-26
2200,La La Land,Summit Entertainment,Damien Chazelle,Drama,2016,128,High,PG-13,1,2022-08-24
1781,Se7en,New Line Cinema,David Fincher,Adventure,1995,127,High,R,1,2018-04-17
2051,The Shawshank Redemption,Castle Rock Entertainment,Frank Darabont,Drama,1994,142,High,R,3,2025-11-24
2562,The Departed,Warner Bros.,Martin Scorsese,Animation,2006,151,High,R,1,2024-10-05
627,The Godfather,Paramount Pictures,Francis Ford Coppola,Animation,1972,175,High,R,5,2017-03-25
2173,The Dark Knight,Warner Bros.,Christopher Nolan,Action,2008,152,High,PG-13,5,2025-09-10
80,The Truman Show,Paramount Pictures,Peter Weir,Romance,1998,103,Medium,PG,3,2020-06-24
238,The Shawshank Redemption,Castle Rock Entertainment,Frank Darabont,Adventure,1994,142,High,R,3,2017-09-07
2998,The Godfather,Paramount Pictures,Francis Ford Coppola,Romance,1972,175,High,R,1,2015-12-17
516,Forrest Gump,Paramount Pictures,Robert Zemeckis,Crime,1994,142,High,PG-13,5,2023-08-03
1086,The Shawshank Redemption,Castle Rock Entertainment,Frank Darabont,Fantasy,1994,142,High,R,5,2016-11-07
868,Inception,Warner Bros.,Christopher Nolan,Romance,2010,148,High,PG-13,4,2025-10-25
2752,Blade Runner 2049,Warner Bros.,Denis Villeneuve,Thriller,2017,164,High,R,3,2019-06-23
496,Schindler's List,Universal Pictures,Steven Spielberg,Fantasy,1993,195,High,R,5,2020-01-24
2410,The Godfather,Paramount Pictures,Francis Ford Coppola,Crime,1972,175,High,R,3,2015-03-28
291,Fight Club,20th Century Fox,David Fincher,Romance,1999,139,High,R,2,2015-01-30
129,Gladiator,DreamWorks Pictures,Ridley Scott,Drama,2000,155,High,R,2,2015-10-04
1141,La La Land,Summit Entertainment,Damien Chazelle,Crime,2016,128,High,PG-13,5,2017-09-01
2963,The Empire Strikes Back,Lucasfilm,Irvin Kershner,Thriller,1980,124,High,PG,5,2016-06-25
996,"Crouching Tiger, Hidden Dragon",Sony Pictures Classics,Ang Lee,Romance,2000,120,Medium,PG-13,5,2020-04-20
398,Whiplash,Blumhouse Productions,Damien Chazelle,Sci-Fi,2014,107,Medium,R,2,2016-01-22
1913,Schindler's List,Universal Pictures,Steven Spielberg,Adventure,1993,195,High,R,4,2019-08-11
1650,Mad Max: Fury Road,Warner Bros.,George Miller,Drama,2015,120,Medium,R,1,2015-09-06
780,Titanic,Paramount Pictures,James Cameron,Crime,1997,195,High,PG-13,2,2017-02-23
1141,Inception,Warner Bros.,Christopher Nolan,Action,2010,148,High,PG-13,4,2017-01-21
2255,Forrest Gump,Paramount Pictures,Robert Zemeckis,Crime,1994,142,High,PG-13,4,2024-01-23
383,The Shawshank Redemption,Castle Rock Entertainment,Frank Darabont,Animation,1994,142,High,R,1,2025-11-13
1990,Blade Runner 2049,Warner Bros.,Denis Villeneuve,Thriller,2017,164,High,R,2,2019-07-23
1553,Forrest Gump,Paramount Pictures,Robert Zemeckis,Sci-Fi,1994,142,High,PG-13,1,2016-11-05
1864,The Shawshank Redemption,Castle Rock Entertainment,Frank Darabont,Sci-Fi,1994,142,High,R,3,2025-05-23
778,The Godfather,Paramount Pictures,Francis Ford Coppola,Animation,1972,175,High,R,4,2016-09-26
2221,The Godfather,Paramount Pictures,Francis Ford Coppola,Drama,1972,175,High,R,5,2023-04-02
2393,The Shawshank Redemption,Castle Rock Entertainment,Frank Darabont,Adventure,1994,142,High,R,1,2015-07-25
2081,Forrest Gump,Paramount Pictures,Robert Zemeckis,Animation,1994,142,High,PG-13,2,2015-08-21
279,The Shawshank Redemption,Castle Rock Entertainment,Frank Darabont,Action,1994,142,High,R,1,2021-09-03
2334,The Empire Strikes Back,Lucasfilm,Irvin Kershner,Thriller,1980,124,High,PG,4,2016-05-06
336,The Godfather,Paramount Pictures,Francis Ford Coppola,Romance,1972,175,High,R,1,2021-12-11
1296,Pulp Fiction,Miramax,Quentin Tarantino,Romance,1994,154,High,R,5,2020-11-11
1088,"Crouching Tiger, Hidden Dragon",Sony Pictures Classics,Ang Lee,Thriller,2000,120,Medium,PG-13,3,2017-09-04
298,The Dark Knight,Warner Bros.,Christopher Nolan,Comedy,2008,152,High,PG-13,4,2018-07-19
301,The Shawshank Redemption,Castle Rock Entertainment,Frank Darabont,Romance,1994,142,High,R,5,2016-02-14
1430,Inception,Warner Bros.,Christopher Nolan,Animation,2010,148,High,PG-13,3,2016-06-26
647,The Grand Budapest Hotel,Fox Searchlight,Wes Anderson,Thriller,2014,99,Medium,R,3,2018-03-13
2679,Pulp Fiction,Miramax,Quentin Tarantino,Animation,1994,154,High,R,3,2021-11-10
2718,Inception,Warner Bros.,Christopher Nolan,Animation,2010,148,High,PG-13,3,2025-06-13
439,The Shawshank Redemption,Castle Rock Entertainment,Frank Darabont,Action,1994,142,High,R,3,2016-04-17
2478,Goodfellas,Warner Bros.,Martin Scorsese,Action,1990,146,High,R,3,2018-02-28
2598,The Shawshank Redemption,Castle Rock Entertainment,Frank Darabont,Adventure,1994,142,High,R,2,2022-09-16
209,The Social Network,Columbia Pictures,David Fincher,Animation,2010,120,Medium,PG-13,4,2017-10-25
15,The Shawshank Redemption,Castle Rock Entertainment,Frank Darabont,Sci-Fi,1994,142,High,R,3,2015-06-30
1810,The Dark Knight,Warner Bros.,Christopher Nolan,Action,2008,152,High,PG-13,3,2016-10-23
459,Fight Club,20th Century Fox,David Fincher,Sci-Fi,1999,139,High,R,5,2015-02-09
1513,The Shawshank Redemption,Castle Rock Entertainment,Frank Darabont,Action,1994,142,High,R,5,2015-05-28
172,The Matrix,Warner Bros.,Lana Wachowski,Action,1999,136,High,R,4,2016-06-06
2794,The Godfather,Paramount Pictures,Francis Ford Coppola,Drama,1972,175,High,R,3,2017-05-10
2294,The Godfather,Paramount Pictures,Francis Ford Coppola,Crime,1972,175,High,R,3,2023-10-01
634,Moonlight,A24,Barry Jenkins,Sci-Fi,2016,111,Medium,R,5,2023-05-28
726,Blade Runner 2049,Warner Bros.,Denis Villeneuve,Thriller,2017,164,High,R,2,2025-12-12
1361,The Grand Budapest Hotel,Fox Searchlight,Wes Anderson,Drama,2014,99,Medium,R,2,2023-04-05
653,Whiplash,Blumhouse Productions,Damien Chazelle,Sci-Fi,2014,107,Medium,R,2,2017-12-28
159,The Prestige,Warner Bros.,Christopher Nolan,Crime,2006,130,High,PG-13,4,2024-10-12
1886,La La Land,Summit Entertainment,Damien Chazelle,Thriller,2016,128,High,PG-13,2,2024-02-27
2704,The Dark Knight,Warner Bros.,Christopher Nolan,Thriller,2008,152,High,PG-13,2,2015-04-07
285,The Shawshank Redemption,Castle Rock Entertainment,Frank Darabont,Adventure,1994,142,High,R,3,2024-09-10
2087,Up,Pixar,Pete Docter,Comedy,2009,96,Medium,PG,3,2022-03-12
114,The Dark Knight,Warner Bros.,Christopher Nolan,Animation,2008,152,High,PG-13,3,2025-07-14
1088,The Shawshank Redemption,Castle Rock Entertainment,Frank Darabont,Comedy,1994,142,High,R,2,2021-07-06
2985,The Shawshank Redemption,Castle Rock Entertainment,Frank Darabont,Romance,1994,142,High,R,4,2018-11-16
474,The Prestige,Warner Bros.,Christopher Nolan,Sci-Fi,2006,130,High,PG-13,5,2020-09-25
182,The Dark Knight,Warner Bros.,Christopher Nolan,Romance,2008,152,High,PG-13,2,2017-11-09
2206,Gladiator,DreamWorks Pictures,Ridley Scott,Drama,2000,155,High,R,5,2025-05-19
287,Interstellar,Paramount Pictures,Christopher Nolan,Thriller,2014,169,High,PG-13,3,2019-11-02
2718,Alien,20th Century Fox,Ridley Scott,Adventure,1979,117,Medium,R,5,2018-07-09
2732,The Social Network,Columbia Pictures,David Fincher,Comedy,2010,120,Medium,PG-13,5,2018-06-20
522,Pulp Fiction,Miramax,Quentin Tarantino,Sci-Fi,1994,154,High,R,3,2021-03-20
2332,The Shawshank Redemption,Castle Rock Entertainment,Frank Darabont,Sci-Fi,1994,142,High,R,2,2021-11-26
1176,The Godfather,Paramount Pictures,Francis Ford Coppola,Animation,1972,175,High,R,1,2018-05-29
1320,The Shawshank Redemption,Castle Rock Entertainment,Frank Darabont,Romance,1994,142,High,R,5,2022-05-05
1939,Forrest Gump,Paramount Pictures,Robert Zemeckis,Fantasy,1994,142,High,PG-13,2,2020-09-24
2112,The Prestige,Warner Bros.,Christopher Nolan,Action,2006,130,High,PG-13,1,2018-03-08
963,Schindler's List,Universal Pictures,Steven Spielberg,Romance,1993,195,High,R,3,2016-01-18
101,The Empire Strikes Back,Lucasfilm,Irvin Kershner,Thriller,1980,124,High,PG,2,2016-08-26
299,The Shawshank Redemption,Castle Rock Entertainment,Frank Darabont,Fantasy,1994,142,High,R,5,2024-07-12
2853,Pulp Fiction,Miramax,Quentin Tarantino,Romance,1994,154,High,R,2,2023-01-21
2688,The Dark Knight,Warner Bros.,Christopher Nolan,Sci-Fi,2008,152,High,PG-13,2,2016-08-27
721,Interstellar,Paramount Pictures,Christopher Nolan,Crime,2014,169,High,PG-13,4,2017-06-15
2284,Saving Private Ryan,DreamWorks/Amblin,Steven Spielberg,Animation,1998,169,High,R,4,2015-07-25
1904,The Godfather,Paramount Pictures,Francis Ford Coppola,Crime,1972,175,High,R,4,2016-06-30
1813,Schindler's List,Universal Pictures,Steven Spielberg,Animation,1993,195,High,R,5,2018-07-23
2245,The Lord of the Rings: The Return of the King,New Line Cinema,Peter Jackson,Animation,2003,201,High,PG-13,4,2024-04-25
1062,Pulp Fiction,Miramax,Quentin Tarantino,Action,1994,154,High,R,4,2020-01-18
2568,Se7en,New Line Cinema,David Fincher,Comedy,1995,127,High,R,5,2020-06-07
1171,The Godfather,Paramount Pictures,Francis Ford Coppola,Fantasy,1972,175,High,R,1,2023-01-01
2213,The Godfather,Paramount Pictures,Francis Ford Coppola,Adventure,1972,175,High,R,3,2025-01-05
2843,The Shawshank Redemption,Castle Rock Entertainment,Frank Darabont,Action,1994,142,High,R,2,2019-04-18
1670,The Shawshank Redemption,Castle Rock Entertainment,Frank Darabont,Thriller,1994,142,High,R,1,2019-08-27
848,The Godfather,Paramount Pictures,Francis Ford Coppola,Fantasy,1972,175,High,R,4,2015-09-13
2849,Back to the Future,Universal Pictures,Robert Zemeckis,Sci-Fi,1985,116,Medium,PG,5,2025-08-11
25,The Shawshank Redemption,Castle Rock Entertainment,Frank Darabont,Romance,1994,142,High,R,4,2020-05-07
1717,The King's Speech,The Weinstein Company,Tom Hooper,Comedy,2010,118,Medium,R,4,2024-07-27
904,Inception,Warner Bros.,Christopher Nolan,Animation,2010,148,High,PG-13,5,2025-01-25
119,Forrest Gump,Paramount Pictures,Robert Zemeckis,Comedy,1994,142,High,PG-13,4,2020-06-12
1915,The Dark Knight,Warner Bros.,Christopher Nolan,Sci-Fi,2008,152,High,PG-13,2,2024-06-04
1614,The Truman Show,Paramount Pictures,Peter Weir,Romance,1998,103,Medium,PG,5,2015-04-21
1756,The Matrix,Warner Bros.,Lana Wachowski,Drama,1999,136,High,R,1,2022-03-17
1066,The Shawshank Redemption,Castle Rock Entertainment,Frank Darabont,Fantasy,1994,142,High,R,2,2015-07-25
1383,The Dark Knight,Warner Bros.,Christopher Nolan,Thriller,2008,152,High,PG-13,4,2018-08-31
1727,The Departed,Warner Bros.,Martin Scorsese,Sci-Fi,2006,151,High,R,3,2023-06-08
2210,The Godfather,Paramount Pictures,Francis Ford Coppola,Crime,1972,175,High,R,4,2015-03-21
282,The Shawshank Redemption,Castle Rock Entertainment,Frank Darabont,Adventure,1994,142,High,R,2,2022-04-16
1013,Whiplash,Blumhouse Productions,Damien Chazelle,Drama,2014,107,Medium,R,1,2025-08-25
978,The Shawshank Redemption,Castle Rock Entertainment,Frank Darabont,Drama,1994,142,High,R,5,2016-09-16
893,The Shawshank Redemption,Castle Rock Entertainment,Frank Darabont,Crime,1994,142,High,R,5,2025-08-18
2482,Forrest Gump,Paramount Pictures,Robert Zemeckis,Comedy,1994,142,High,PG-13,3,2016-11-18
1275,The Lord of the Rings: The Return of the King,New Line Cinema,Peter Jackson,Crime,2003,201,High,PG-13,2,2025-10-26
2775,The Shawshank Redemption,Castle Rock Entertainment,Frank Darabont,Drama,1994,142,High,R,3,2021-06-16
2929,Avengers: Endgame,Marvel Studios,Anthony Russo,Sci-Fi,2019,181,High,PG-13,4,2025-07-23
2856,The Shawshank Redemption,Castle Rock Entertainment,Frank Darabont,Romance,1994,142,High,R,2,2016-02-22
2319,The Departed,Warner Bros.,Martin Scorsese,Romance,2006,151,High,R,1,2023-12-06
2710,Whiplash,Blumhouse Productions,Damien Chazelle,Adventure,2014,107,Medium,R,5,2019-10-21
1721,The Dark Knight,Warner Bros.,Christopher Nolan,Animation,2008,152,High,PG-13,3,2015-02-21
1484,The Lion King,Walt Disney Pictures,Roger Allers,Crime,1994,88,Low,G,4,2025-10-10
722,The Silence of the Lambs,Orion Pictures,Jonathan Demme,Fantasy,1991,118,Medium,R,2,2019-11-19
2205,Titanic,Paramount Pictures,James Cameron,Comedy,1997,195,High,PG-13,5,2024-01-24
2995,Whiplash,Blumhouse Productions,Damien Chazelle,Fantasy,2014,107,Medium,R,4,2024-04-05
355,The Matrix,Warner Bros.,Lana Wachowski,Adventure,1999,136,High,R,2,2024-04-25
1904,The Godfather,Paramount Pictures,Francis Ford Coppola,Fantasy,1972,175,High,R,2,2023-06-01
2025,Fight Club,20th Century Fox,David Fincher,Sci-Fi,1999,139,High,R,3,2015-04-28
1454,The Social Network,Columbia Pictures,David Fincher,Action,2010,120,Medium,PG-13,4,2017-05-18
2442,Saving Private Ryan,DreamWorks/Amblin,Steven Spielberg,Adventure,1998,169,High,R,3,2024-11-14
2117,Interstellar,Paramount Pictures,Christopher Nolan,Comedy,2014,169,High,PG-13,5,2015-02-11
1665,Alien,20th Century Fox,Ridley Scott,Crime,1979,117,Medium,R,2,2023-01-28
2916,Forrest Gump,Paramount Pictures,Robert Zemeckis,Thriller,1994,142,High,PG-13,4,2022-03-30
908,Forrest Gump,Paramount Pictures,Robert Zemeckis,Drama,1994,142,High,PG-13,1,2018-04-20
2383,The Dark Knight,Warner Bros.,Christopher Nolan,Thriller,2008,152,High,PG-13,3,2022-06-12
1743,The Dark Knight,Warner Bros.,Christopher Nolan,Animation,2008,152,High,PG-13,5,2018-11-09
2879,The Avengers,Marvel Studios,Joss Whedon,Animation,2012,143,High,PG-13,3,2018-12-12
495,Pulp Fiction,Miramax,Quentin Tarantino,Comedy,1994,154,High,R,3,2017-08-02
2195,Titanic,Paramount Pictures,James Cameron,Adventure,1997,195,High,PG-13,1,2023-05-01
1984,Alien,20th Century Fox,Ridley Scott,Action,1979,117,Medium,R,2,2017-06-05
1160,The Godfather,Paramount Pictures,Francis Ford Coppola,Romance,1972,175,High,R,5,2021-09-10
1479,Spirited Away,Studio Ghibli,Hayao Miyazaki,Thriller,2001,125,High,PG,3,2017-07-20
1124,The Shawshank Redemption,Castle Rock Entertainment,Frank Darabont,Drama,1994,142,High,R,5,2016-06-02
2857,The Shawshank Redemption,Castle Rock Entertainment,Frank Darabont,Drama,1994,142,High,R,5,2018-04-11
51,The King's Speech,The Weinstein Company,Tom Hooper,Fantasy,2010,118,Medium,R,1,2024-10-14
1396,The Matrix,Warner Bros.,Lana Wachowski,Fantasy,1999,136,High,R,4,2019-12-10
1957,The Shawshank Redemption,Castle Rock Entertainment,Frank Darabont,Drama,1994,142,High,R,3,2025-07-21
304,The Shawshank Redemption,Castle Rock Entertainment,Frank Darabont,Crime,1994,142,High,R,4,2020-07-07
2306,The Matrix,Warner Bros.,Lana Wachowski,Drama,1999,136,High,R,2,2016-09-03
2286,Alien,20th Century Fox,Ridley Scott,Crime,1979,117,Medium,R,2,2016-04-30
2534,The Departed,Warner Bros.,Martin Scorsese,Romance,2006,151,High,R,5,2023-11-13
1814,The Godfather,Paramount Pictures,Francis Ford Coppola,Animation,1972,175,High,R,4,2020-01-20
2330,The Godfather,Paramount Pictures,Francis Ford Coppola,Romance,1972,175,High,R,4,2018-06-04
852,The Lord of the Rings: The Return of the King,New Line Cinema,Peter Jackson,Romance,2003,201,High,PG-13,1,2025-08-17
983,The Lord of the Rings: The Return of the King,New Line Cinema,Peter Jackson,Comedy,2003,201,High,PG-13,1,2016-10-05
1674,The Shawshank Redemption,Castle Rock Entertainment,Frank Darabont,Crime,1994,142,High,R,2,2015-01-11
134,Pulp Fiction,Miramax,Quentin Tarantino,Romance,1994,154,High,R,4,2018-04-07
2816,The Godfather,Paramount Pictures,Francis Ford Coppola,Comedy,1972,175,High,R,4,2015-10-19
811,The Godfather,Paramount Pictures,Francis Ford Coppola,Comedy,1972,175,High,R,5,2022-06-01
611,Pulp Fiction,Miramax,Quentin Tarantino,Animation,1994,154,High,R,2,2022-04-06
680,Avengers: Endgame,Marvel Studios,Anthony Russo,Action,2019,181,High,PG-13,1,2015-09-02
1183,The Prestige,Warner Bros.,Christopher Nolan,Romance,2006,130,High,PG-13,5,2025-05-01
1649,Pulp Fiction,Miramax,Quentin Tarantino,Fantasy,1994,154,High,R,3,2022-11-06
1794,The King's Speech,The Weinstein Company,Tom Hooper,Animation,2010,118,Medium,R,5,2020-07-15
1321,The Shawshank Redemption,Castle Rock Entertainment,Frank Darabont,Drama,1994,142,High,R,4,2023-03-28
2762,The Lord of the Rings: The Return of the King,New Line Cinema,Peter Jackson,Drama,2003,201,High,PG-13,1,2017-07-26
85,Parasite,CJ Entertainment,Bong Joon-ho,Romance,2019,132,High,R,5,2025-08-30
718,The Avengers,Marvel Studios,Joss Whedon,Comedy,2012,143,High,PG-13,5,2015-06-14
2398,Forrest Gump,Paramount Pictures,Robert Zemeckis,Fantasy,1994,142,High,PG-13,3,2017-01-13
1426,Pulp Fiction,Miramax,Quentin Tarantino,Fantasy,1994,154,High,R,1,2020-04-09
659,Pulp Fiction,Miramax,Quentin Tarantino,Adventure,1994,154,High,R,1,2024-08-14
1641,The Godfather,Paramount Pictures,Francis Ford Coppola,Fantasy,1972,175,High,R,3,2022-06-06
361,American Beauty,DreamWorks,Sam Mendes,Animation,1999,122,High,R,1,2020-02-06
1656,The Godfather,Paramount Pictures,Francis Ford Coppola,Adventure,1972,175,High,R,1,2025-11-17
1693,Mad Max: Fury Road,Warner Bros.,George Miller,Drama,2015,120,Medium,R,5,2020-03-07
2042,The Shawshank Redemption,Castle Rock Entertainment,Frank Darabont,Animation,1994,142,High,R,3,2021-12-25
2250,The Lord of the Rings: The Return of the King,New Line Cinema,Peter Jackson,Drama,2003,201,High,PG-13,2,2017-12-29
2861,The Shawshank Redemption,Castle Rock Entertainment,Frank Darabont,Comedy,1994,142,High,R,4,2024-11-16
981,Forrest Gump,Paramount Pictures,Robert Zemeckis,Drama,1994,142,High,PG-13,5,2023-12-18
2263,Gladiator,DreamWorks Pictures,Ridley Scott,Comedy,2000,155,High,R,5,2015-02-26
482,Pulp Fiction,Miramax,Quentin Tarantino,Thriller,1994,154,High,R,1,2020-03-05
2936,The Silence of the Lambs,Orion Pictures,Jonathan Demme,Action,1991,118,Medium,R,4,2025-06-17
1977,The Godfather,Paramount Pictures,Francis Ford Coppola,Comedy,1972,175,High,R,4,2024-05-12
593,Spirited Away,Studio Ghibli,Hayao Miyazaki,Thriller,2001,125,High,PG,4,2021-03-07
560,The Dark Knight,Warner Bros.,Christopher Nolan,Romance,2008,152,High,PG-13,5,2023-05-15
2080,Mad Max: Fury Road,Warner Bros.,George Miller,Comedy,2015,120,Medium,R,4,2018-10-24
1223,The Godfather,Paramount Pictures,Francis Ford Coppola,Drama,1972,175,High,R,3,2023-02-21
609,Parasite,CJ Entertainment,Bong Joon-ho,Romance,2019,132,High,R,4,2024-09-14
2261,Pulp Fiction,Miramax,Quentin Tarantino,Fantasy,1994,154,High,R,3,2018-09-23
1319,The Departed,Warner Bros.,Martin Scorsese,Sci-Fi,2006,151,High,R,4,2025-06-17
957,The Green Mile,Castle Rock Entertainment,Frank Darabont,Thriller,1999,189,High,R,5,2019-04-18
1938,La La Land,Summit Entertainment,Damien Chazelle,Sci-Fi,2016,128,High,PG-13,1,2018-07-27
2671,Gladiator,DreamWorks Pictures,Ridley Scott,Sci-Fi,2000,155,High,R,4,2022-06-11
2058,Spirited Away,Studio Ghibli,Hayao Miyazaki,Fantasy,2001,125,High,PG,1,2016-06-01
1804,Up,Pixar,Pete Docter,Adventure,2009,96,Medium,PG,1,2024-10-20
591,The Shawshank Redemption,Castle Rock Entertainment,Frank Darabont,Fantasy,1994,142,High,R,1,2023-02-07
1086,Pulp Fiction,Miramax,Quentin Tarantino,Action,1994,154,High,R,1,2020-04-07
1346,The Dark Knight,Warner Bros.,Christopher Nolan,Sci-Fi,2008,152,High,PG-13,1,2024-07-20
1298,The Social Network,Columbia Pictures,David Fincher,Animation,2010,120,Medium,PG-13,4,2025-09-13
2530,The Silence of the Lambs,Orion Pictures,Jonathan Demme,Fantasy,1991,118,Medium,R,5,2015-05-28
371,The Shawshank Redemption,Castle Rock Entertainment,Frank Darabont,Comedy,1994,142,High,R,2,2023-05-17
682,Pulp Fiction,Miramax,Quentin Tarantino,Crime,1994,154,High,R,1,2019-12-23
230,Interstellar,Paramount Pictures,Christopher Nolan,Drama,2014,169,High,PG-13,1,2018-08-21
1001,The Godfather,Paramount Pictures,Francis Ford Coppola,Adventure,1972,175,High,R,4,2016-08-19
718,Inception,Warner Bros.,Christopher Nolan,Romance,2010,148,High,PG-13,2,2016-11-27
987,The Shawshank Redemption,Castle Rock Entertainment,Frank Darabont,Sci-Fi,1994,142,High,R,5,2022-08-30
1889,Forrest Gump,Paramount Pictures,Robert Zemeckis,Romance,1994,142,High,PG-13,2,2017-08-09
39,The Silence of the Lambs,Orion Pictures,Jonathan Demme,Fantasy,1991,118,Medium,R,3,2022-06-24
2239,There Will Be Blood,Paramount Vantage,Paul Thomas Anderson,Fantasy,2007,158,High,R,3,2022-08-07
1226,The Shawshank Redemption,Castle Rock Entertainment,Frank Darabont,Fantasy,1994,142,High,R,3,2021-08-03
1238,The Silence of the Lambs,Orion Pictures,Jonathan Demme,Sci-Fi,1991,118,Medium,R,3,2020-02-15
972,The Shawshank Redemption,Castle Rock Entertainment,Frank Darabont,Sci-Fi,1994,142,High,R,4,2016-03-12
2865,The Dark Knight,Warner Bros.,Christopher Nolan,Adventure,2008,152,High,PG-13,5,2018-04-26
2319,The Godfather,Paramount Pictures,Francis Ford Coppola,Sci-Fi,1972,175,High,R,3,2015-02-03
2035,Mad Max: Fury Road,Warner Bros.,George Miller,Drama,2015,120,Medium,R,5,2023-05-11
1444,Back to the Future,Universal Pictures,Robert Zemeckis,Comedy,1985,116,Medium,PG,2,2021-10-22
2777,The Shawshank Redemption,Castle Rock Entertainment,Frank Darabont,Thriller,1994,142,High,R,5,2017-10-23
2571,Se7en,New Line Cinema,David Fincher,Action,1995,127,High,R,1,2025-02-17
2374,The Silence of the Lambs,Orion Pictures,Jonathan Demme,Comedy,1991,118,Medium,R,4,2015-05-17
1209,The Dark Knight,Warner Bros.,Christopher Nolan,Action,2008,152,High,PG-13,1,2025-03-14
542,The Godfather,Paramount Pictures,Francis Ford Coppola,Sci-Fi,1972,175,High,R,2,2017-04-02
1117,The Prestige,Warner Bros.,Christopher Nolan,Adventure,2006,130,High,PG-13,5,2020-08-17
1209,Back to the Future,Universal Pictures,Robert Zemeckis,Comedy,1985,116,Medium,PG,4,2025-11-06
309,Goodfellas,Warner Bros.,Martin Scorsese,Adventure,1990,146,High,R,1,2020-04-02
2283,The Shawshank Redemption,Castle Rock Entertainment,Frank Darabont,Thriller,1994,142,High,R,4,2025-11-05
2198,The Dark Knight,Warner Bros.,Christopher Nolan,Sci-Fi,2008,152,High,PG-13,1,2017-12-19
1561,The Shawshank Redemption,Castle Rock Entertainment,Frank Darabont,Adventure,1994,142,High,R,3,2021-07-22
958,The Lion King,Walt Disney Pictures,Roger Allers,Adventure,1994,88,Low,G,1,2022-07-27
2499,Forrest Gump,Paramount Pictures,Robert Zemeckis,Romance,1994,142,High,PG-13,5,2018-09-05
2872,The Godfather,Paramount Pictures,Francis Ford Coppola,Crime,1972,175,High,R,4,2025-03-13
186,The Godfather,Paramount Pictures,Francis Ford Coppola,Sci-Fi,1972,175,High,R,1,2016-07-26
399,The King's Speech,The Weinstein Company,Tom Hooper,Comedy,2010,118,Medium,R,4,2016-04-20
1859,The Godfather,Paramount Pictures,Francis Ford Coppola,Animation,1972,175,High,R,2,2019-05-11
2977,The Dark Knight,Warner Bros.,Christopher Nolan,Animation,2008,152,High,PG-13,4,2021-08-02
2005,The Shawshank Redemption,Castle Rock Entertainment,Frank Darabont,Sci-Fi,1994,142,High,R,1,2024-05-07
1518,The Lord of the Rings: The Return of the King,New Line Cinema,Peter Jackson,Comedy,2003,201,High,PG-13,1,2022-09-28
1486,The Shawshank Redemption,Castle Rock Entertainment,Frank Darabont,Fantasy,1994,142,High,R,2,2024-08-04
2642,The Shawshank Redemption,Castle Rock Entertainment,Frank Darabont,Adventure,1994,142,High,R,5,2025-02-10
501,The Dark Knight,Warner Bros.,Christopher Nolan,Sci-Fi,2008,152,High,PG-13,3,2017-02-16
869,Alien,20th Century Fox,Ridley Scott,Fantasy,1979,117,Medium,R,1,2022-06-07
1367,The Silence of the Lambs,Orion Pictures,Jonathan Demme,Romance,1991,118,Medium,R,1,2015-07-27
282,The Godfather,Paramount Pictures,Francis Ford Coppola,Action,1972,175,High,R,5,2017-04-20
885,Back to the Future,Universal Pictures,Robert Zemeckis,Animation,1985,116,Medium,PG,2,2021-07-29
605,American Beauty,DreamWorks,Sam Mendes,Thriller,1999,122,High,R,3,2023-09-07
593,The Prestige,Warner Bros.,Christopher Nolan,Romance,2006,130,High,PG-13,1,2018-02-09
715,Heat,Warner Bros.,Michael Mann,Animation,1995,170,High,R,3,2023-12-15
1468,The Shawshank Redemption,Castle Rock Entertainment,Frank Darabont,Drama,1994,142,High,R,2,2015-03-02
65,The Prestige,Warner Bros.,Christopher Nolan,Thriller,2006,130,High,PG-13,5,2018-08-19
1725,The Shawshank Redemption,Castle Rock Entertainment,Frank Darabont,Drama,1994,142,High,R,2,2023-04-27
1483,Inception,Warner Bros.,Christopher Nolan,Crime,2010,148,High,PG-13,4,2020-01-11
908,Inception,Warner Bros.,Christopher Nolan,Crime,2010,148,High,PG-13,4,2020-08-25
1877,The King's Speech,The Weinstein Company,Tom Hooper,Drama,2010,118,Medium,R,5,2018-05-20
1646,The Silence of the Lambs,Orion Pictures,Jonathan Demme,Drama,1991,118,Medium,R,1,2020-05-15
1817,Pulp Fiction,Miramax,Quentin Tarantino,Crime,1994,154,High,R,4,2022-12-27
608,The Shawshank Redemption,Castle Rock Entertainment,Frank Darabont,Crime,1994,142,High,R,3,2021-10-27
2398,The Shawshank Redemption,Castle Rock Entertainment,Frank Darabont,Comedy,1994,142,High,R,5,2022-02-06
2174,Fight Club,20th Century Fox,David Fincher,Adventure,1999,139,High,R,4,2021-09-12
407,The Godfather,Paramount Pictures,Francis Ford Coppola,Animation,1972,175,High,R,5,2019-10-29
881,The Prestige,Warner Bros.,Christopher Nolan,Crime,2006,130,High,PG-13,5,2023-01-31
1858,Pulp Fiction,Miramax,Quentin Tarantino,Thriller,1994,154,High,R,4,2018-10-20
1281,The Dark Knight,Warner Bros.,Christopher Nolan,Crime,2008,152,High,PG-13,3,2019-10-15
1943,Schindler's List,Universal Pictures,Steven Spielberg,Adventure,1993,195,High,R,2,2022-09-14
396,The Shawshank Redemption,Castle Rock Entertainment,Frank Darabont,Crime,1994,142,High,R,1,2019-11-04
246,Goodfellas,Warner Bros.,Martin Scorsese,Adventure,1990,146,High,R,2,2021-03-28
2745,The Matrix,Warner Bros.,Lana Wachowski,Animation,1999,136,High,R,5,2018-09-12
2954,The Shawshank Redemption,Castle Rock Entertainment,Frank Darabont,Adventure,1994,142,High,R,4,2024-09-25
1441,The Shawshank Redemption,Castle Rock Entertainment,Frank Darabont,Comedy,1994,142,High,R,5,2018-07-03
2690,The Shawshank Redemption,Castle Rock Entertainment,Frank Darabont,Animation,1994,142,High,R,2,2016-09-25
2279,Forrest Gump,Paramount Pictures,Robert Zemeckis,Crime,1994,142,High,PG-13,3,2024-06-24
1758,The Dark Knight,Warner Bros.,Christopher Nolan,Comedy,2008,152,High,PG-13,5,2017-07-15
2633,The Social Network,Columbia Pictures,David Fincher,Romance,2010,120,Medium,PG-13,5,2022-07-27
739,Fight Club,20th Century Fox,David Fincher,Romance,1999,139,High,R,3,2015-04-29
26,The Godfather,Paramount Pictures,Francis Ford Coppola,Comedy,1972,175,High,R,3,2018-12-08
1642,The Shawshank Redemption,Castle Rock Entertainment,Frank Darabont,Action,1994,142,High,R,5,2022-05-16
2173,The Shawshank Redemption,Castle Rock Entertainment,Frank Darabont,Drama,1994,142,High,R,1,2023-05-15
645,The Shawshank Redemption,Castle Rock Entertainment,Frank Darabont,Sci-Fi,1994,142,High,R,4,2018-10-28
348,The Dark Knight,Warner Bros.,Christopher Nolan,Adventure,2008,152,High,PG-13,5,2021-09-08
2531,The Grand Budapest Hotel,Fox Searchlight,Wes Anderson,Action,2014,99,Medium,R,2,2023-06-18
2712,The Shawshank Redemption,Castle Rock Entertainment,Frank Darabont,Crime,1994,142,High,R,3,2019-12-20
1119,Pulp Fiction,Miramax,Quentin Tarantino,Romance,1994,154,High,R,4,2019-08-24
1761,The Shawshank Redemption,Castle Rock Entertainment,Frank Darabont,Animation,1994,142,High,R,1,2018-11-14
2733,The Shawshank Redemption,Castle Rock Entertainment,Frank Darabont,Romance,1994,142,High,R,4,2020-11-28
225,The Godfather,Paramount Pictures,Francis Ford Coppola,Thriller,1972,175,High,R,4,2021-09-20
563,The Shawshank Redemption,Castle Rock Entertainment,Frank Darabont,Comedy,1994,142,High,R,2,2023-08-10
32,The Departed,Warner Bros.,Martin Scorsese,Comedy,2006,151,High,R,3,2016-05-06
1558,Forrest Gump,Paramount Pictures,Robert Zemeckis,Sci-Fi,1994,142,High,PG-13,2,2016-06-13
2737,Inception,Warner Bros.,Christopher Nolan,Thriller,2010,148,High,PG-13,5,2021-04-07
174,Saving Private Ryan,DreamWorks/Amblin,Steven Spielberg,Crime,1998,169,High,R,4,2024-08-30
1283,Pulp Fiction,Miramax,Quentin Tarantino,Fantasy,1994,154,High,R,1,2024-09-01
2623,The Matrix,Warner Bros.,Lana Wachowski,Romance,1999,136,High,R,4,2022-12-16
1331,Pulp Fiction,Miramax,Quentin Tarantino,Crime,1994,154,High,R,4,2015-03-27
2825,The Shawshank Redemption,Castle Rock Entertainment,Frank Darabont,Romance,1994,142,High,R,4,2024-04-30
434,The Truman Show,Paramount Pictures,Peter Weir,Crime,1998,103,Medium,PG,4,2024-06-21
323,The Godfather,Paramount Pictures,Francis Ford Coppola,Romance,1972,175,High,R,4,2020-11-16
1365,The Dark Knight,Warner Bros.,Christopher Nolan,Comedy,2008,152,High,PG-13,3,2017-06-26
468,Whiplash,Blumhouse Productions,Damien Chazelle,Crime,2014,107,Medium,R,5,2022-02-06
2980,Inception,Warner Bros.,Christopher Nolan,Thriller,2010,148,High,PG-13,3,2018-12-09
600,Toy Story,Pixar,John Lasseter,Action,1995,81,Low,G,2,2016-02-26
2685,The Godfather,Paramount Pictures,Francis Ford Coppola,Action,1972,175,High,R,5,2016-09-18
2310,The Shawshank Redemption,Castle Rock Entertainment,Frank Darabont,Fantasy,1994,142,High,R,4,2023-06-18
2603,Se7en,New Line Cinema,David Fincher,Fantasy,1995,127,High,R,5,2022-03-18
1802,The Usual Suspects,Gramercy Pictures,Bryan Singer,Adventure,1995,106,Medium,R,3,2016-09-10
1126,The Shawshank Redemption,Castle Rock Entertainment,Frank Darabont,Fantasy,1994,142,High,R,3,2023-12-06
1272,The Matrix,Warner Bros.,Lana Wachowski,Adventure,1999,136,High,R,5,2015-10-31
1176,Forrest Gump,Paramount Pictures,Robert Zemeckis,Drama,1994,142,High,PG-13,1,2019-02-19
2077,The Shawshank Redemption,Castle Rock Entertainment,Frank Darabont,Crime,1994,142,High,R,5,2021-08-30
169,The Dark Knight,Warner Bros.,Christopher Nolan,Romance,2008,152,High,PG-13,5,2025-09-13
2479,Pulp Fiction,Miramax,Quentin Tarantino,Romance,1994,154,High,R,2,2018-08-09
424,Forrest Gump,Paramount Pictures,Robert Zemeckis,Action,1994,142,High,PG-13,1,2020-01-20
2647,American Beauty,DreamWorks,Sam Mendes,Adventure,1999,122,High,R,1,2020-08-28
2147,The Shawshank Redemption,Castle Rock Entertainment,Frank Darabont,Thriller,1994,142,High,R,4,2019-12-05
1159,Inception,Warner Bros.,Christopher Nolan,Action,2010,148,High,PG-13,3,2019-03-08
2585,The Dark Knight,Warner Bros.,Christopher Nolan,Adventure,2008,152,High,PG-13,5,2015-08-03
2286,The Silence of the Lambs,Orion Pictures,Jonathan Demme,Crime,1991,118,Medium,R,3,2016-01-23
2690,The Empire Strikes Back,Lucasfilm,Irvin Kershner,Comedy,1980,124,High,PG,3,2023-02-12
334,Up,Pixar,Pete Docter,Romance,2009,96,Medium,PG,2,2018-09-27
2688,The Matrix,Warner Bros.,Lana Wachowski,Action,1999,136,High,R,3,2018-06-24
2904,Interstellar,Paramount Pictures,Christopher Nolan,Sci-Fi,2014,169,High,PG-13,2,2021-09-03
2636,The Pianist,Focus Features,Roman Polanski,Comedy,2002,150,High,R,5,2019-03-23
2647,The Prestige,Warner Bros.,Christopher Nolan,Action,2006,130,High,PG-13,5,2016-01-18
1486,The Empire Strikes Back,Lucasfilm,Irvin Kershner,Animation,1980,124,High,PG,3,2015-03-16
1992,The Godfather,Paramount Pictures,Francis Ford Coppola,Thriller,1972,175,High,R,3,2025-08-17
1212,The Shawshank Redemption,Castle Rock Entertainment,Frank Darabont,Action,1994,142,High,R,2,2015-11-13
2211,Parasite,CJ Entertainment,Bong Joon-ho,Crime,2019,132,High,R,5,2023-08-24
1380,Back to the Future,Universal Pictures,Robert Zemeckis,Animation,1985,116,Medium,PG,1,2022-06-04
1544,The Green Mile,Castle Rock Entertainment,Frank Darabont,Romance,1999,189,High,R,2,2021-09-12
679,The Shawshank Redemption,Castle Rock Entertainment,Frank Darabont,Action,1994,142,High,R,5,2024-01-27
2771,Titanic,Paramount Pictures,James Cameron,Drama,1997,195,High,PG-13,4,2019-02-01
1839,Titanic,Paramount Pictures,James Cameron,Fantasy,1997,195,High,PG-13,5,2018-03-13
1922,The Godfather,Paramount Pictures,Francis Ford Coppola,Thriller,1972,175,High,R,3,2025-10-30
2337,There Will Be Blood,Paramount Vantage,Paul Thomas Anderson,Thriller,2007,158,High,R,3,2022-08-10
1565,The Usual Suspects,Gramercy Pictures,Bryan Singer,Fantasy,1995,106,Medium,R,3,2023-09-23
818,Forrest Gump,Paramount Pictures,Robert Zemeckis,Sci-Fi,1994,142,High,PG-13,2,2024-02-28
2627,Saving Private Ryan,DreamWorks/Amblin,Steven Spielberg,Action,1998,169,High,R,3,2015-08-02
421,Forrest Gump,Paramount Pictures,Robert Zemeckis,Adventure,1994,142,High,PG-13,5,2025-06-23
344,Gladiator,DreamWorks Pictures,Ridley Scott,Animation,2000,155,High,R,1,2018-03-13
2103,The Departed,Warner Bros.,Martin Scorsese,Comedy,2006,151,High,R,4,2025-02-25
910,The Shawshank Redemption,Castle Rock Entertainment,Frank Darabont,Sci-Fi,1994,142,High,R,1,2025-08-12
219,American Beauty,DreamWorks,Sam Mendes,Adventure,1999,122,High,R,1,2019-08-27
335,The Dark Knight,Warner Bros.,Christopher Nolan,Adventure,2008,152,High,PG-13,2,2019-05-01
406,The Dark Knight,Warner Bros.,Christopher Nolan,Drama,2008,152,High,PG-13,3,2025-06-09
157,Parasite,CJ Entertainment,Bong Joon-ho,Adventure,2019,132,High,R,2,2016-07-17
2890,The Godfather,Paramount Pictures,Francis Ford Coppola,Fantasy,1972,175,High,R,2,2023-07-06
325,Forrest Gump,Paramount Pictures,Robert Zemeckis,Romance,1994,142,High,PG-13,1,2025-02-27
2979,The Shawshank Redemption,Castle Rock Entertainment,Frank Darabont,Thriller,1994,142,High,R,2,2021-02-25
1181,The Lord of the Rings: The Return of the King,New Line Cinema,Peter Jackson,Sci-Fi,2003,201,High,PG-13,1,2023-09-15
1720,The Godfather,Paramount Pictures,Francis Ford Coppola,Crime,1972,175,High,R,1,2017-09-03
455,The Silence of the Lambs,Orion Pictures,Jonathan Demme,Romance,1991,118,Medium,R,4,2015-09-15
68,Parasite,CJ Entertainment,Bong Joon-ho,Fantasy,2019,132,High,R,5,2021-01-04
589,The Silence of the Lambs,Orion Pictures,Jonathan Demme,Romance,1991,118,Medium,R,2,2023-01-22
986,The Godfather,Paramount Pictures,Francis Ford Coppola,Drama,1972,175,High,R,5,2018-12-16
1478,Fight Club,20th Century Fox,David Fincher,Action,1999,139,High,R,1,2020-11-14
2080,The Shawshank Redemption,Castle Rock Entertainment,Frank Darabont,Animation,1994,142,High,R,5,2020-09-09
2604,Fight Club,20th Century Fox,David Fincher,Sci-Fi,1999,139,High,R,4,2015-06-28
67,The Dark Knight,Warner Bros.,Christopher Nolan,Adventure,2008,152,High,PG-13,3,2023-05-20
2692,The Dark Knight,Warner Bros.,Christopher Nolan,Crime,2008,152,High,PG-13,3,2017-09-14
182,The Silence of the Lambs,Orion Pictures,Jonathan Demme,Romance,1991,118,Medium,R,3,2016-06-30
2805,The Dark Knight,Warner Bros.,Christopher Nolan,Adventure,2008,152,High,PG-13,2,2024-04-24
553,Forrest Gump,Paramount Pictures,Robert Zemeckis,Fantasy,1994,142,High,PG-13,2,2024-02-06
826,The Shawshank Redemption,Castle Rock Entertainment,Frank Darabont,Fantasy,1994,142,High,R,1,2018-04-16
1271,The Shawshank Redemption,Castle Rock Entertainment,Frank Darabont,Thriller,1994,142,High,R,1,2018-07-16
150,Inception,Warner Bros.,Christopher Nolan,Animation,2010,148,High,PG-13,4,2017-11-03
196,Se7en,New Line Cinema,David Fincher,Thriller,1995,127,High,R,3,2019-01-02
1508,Mad Max: Fury Road,Warner Bros.,George Miller,Adventure,2015,120,Medium,R,3,2016-05-24
1584,Pulp Fiction,Miramax,Quentin Tarantino,Sci-Fi,1994,154,High,R,4,2025-01-12
2038,The Dark Knight,Warner Bros.,Christopher Nolan,Action,2008,152,High,PG-13,4,2022-10-05
339,The Dark Knight,Warner Bros.,Christopher Nolan,Animation,2008,152,High,PG-13,3,2023-12-26
740,Titanic,Paramount Pictures,James Cameron,Crime,1997,195,High,PG-13,4,2021-10-03
1344,Fight Club,20th Century Fox,David Fincher,Adventure,1999,139,High,R,1,2015-11-24
2940,Schindler's List,Universal Pictures,Steven Spielberg,Comedy,1993,195,High,R,4,2021-10-04
174,Pulp Fiction,Miramax,Quentin Tarantino,Fantasy,1994,154,High,R,3,2020-01-06
1125,Titanic,Paramount Pictures,James Cameron,Adventure,1997,195,High,PG-13,5,2019-11-17
2612,The Silence of the Lambs,Orion Pictures,Jonathan Demme,Drama,1991,118,Medium,R,1,2022-07-12
128,Pulp Fiction,Miramax,Quentin Tarantino,Animation,1994,154,High,R,2,2025-09-07
518,The Shawshank Redemption,Castle Rock Entertainment,Frank Darabont,Romance,1994,142,High,R,4,2015-05-23
2324,The Shawshank Redemption,Castle Rock Entertainment,Frank Darabont,Adventure,1994,142,High,R,3,2019-04-18
1520,The Shawshank Redemption,Castle Rock Entertainment,Frank Darabont,Action,1994,142,High,R,4,2025-08-22
2169,The Dark Knight,Warner Bros.,Christopher Nolan,Crime,2008,152,High,PG-13,5,2016-07-17
465,The Dark Knight,Warner Bros.,Christopher Nolan,Adventure,2008,152,High,PG-13,3,2017-10-19
1586,The Shawshank Redemption,Castle Rock Entertainment,Frank Darabont,Action,1994,142,High,R,4,2020-10-21
1067,Joker,Warner Bros.,Todd Phillips,Crime,2019,122,High,R,3,2023-09-10
2843,Gladiator,DreamWorks Pictures,Ridley Scott,Thriller,2000,155,High,R,5,2018-03-15
556,Joker,Warner Bros.,Todd Phillips,Fantasy,2019,122,High,R,2,2016-05-17
2922,The Social Network,Columbia Pictures,David Fincher,Fantasy,2010,120,Medium,PG-13,2,2025-01-28
1424,Pulp Fiction,Miramax,Quentin Tarantino,Crime,1994,154,High,R,3,2022-06-28
1229,Gladiator,DreamWorks Pictures,Ridley Scott,Animation,2000,155,High,R,5,2018-04-04
919,The Social Network,Columbia Pictures,David Fincher,Action,2010,120,Medium,PG-13,3,2020-09-14
2024,The Shawshank Redemption,Castle Rock Entertainment,Frank Darabont,Thriller,1994,142,High,R,2,2017-08-27
1915,The Shawshank Redemption,Castle Rock Entertainment,Frank Darabont,Animation,1994,142,High,R,5,2019-02-20
354,Saving Private Ryan,DreamWorks/Amblin,Steven Spielberg,Animation,1998,169,High,R,2,2021-11-11
1683,The Shawshank Redemption,Castle Rock Entertainment,Frank Darabont,Sci-Fi,1994,142,High,R,4,2020-11-23
1299,The Departed,Warner Bros.,Martin Scorsese,Romance,2006,151,High,R,1,2016-05-28
2120,The Silence of the Lambs,Orion Pictures,Jonathan Demme,Fantasy,1991,118,Medium,R,4,2022-08-17
529,The Dark Knight,Warner Bros.,Christopher Nolan,Animation,2008,152,High,PG-13,5,2017-01-15
627,Pulp Fiction,Miramax,Quentin Tarantino,Drama,1994,154,High,R,1,2020-10-23
2906,The Godfather,Paramount Pictures,Francis Ford Coppola,Action,1972,175,High,R,3,2025-06-25
324,The Godfather,Paramount Pictures,Francis Ford Coppola,Animation,1972,175,High,R,3,2024-06-26
2561,The Godfather,Paramount Pictures,Francis Ford Coppola,Animation,1972,175,High,R,3,2016-05-27
2626,The Godfather,Paramount Pictures,Francis Ford Coppola,Animation,1972,175,High,R,1,2020-08-20
2699,The Shawshank Redemption,Castle Rock Entertainment,Frank Darabont,Romance,1994,142,High,R,2,2016-12-02
2309,The Lord of the Rings: The Return of the King,New Line Cinema,Peter Jackson,Romance,2003,201,High,PG-13,3,2024-06-13
2628,The Shawshank Redemption,Castle Rock Entertainment,Frank Darabont,Drama,1994,142,High,R,1,2015-07-06
2344,The Departed,Warner Bros.,Martin Scorsese,Comedy,2006,151,High,R,2,2023-08-08
2569,Pulp Fiction,Miramax,Quentin Tarantino,Drama,1994,154,High,R,4,2024-12-20
2806,Fight Club,20th Century Fox,David Fincher,Comedy,1999,139,High,R,4,2017-09-30
246,Pulp Fiction,Miramax,Quentin Tarantino,Fantasy,1994,154,High,R,1,2022-09-21
836,The Shawshank Redemption,Castle Rock Entertainment,Frank Darabont,Sci-Fi,1994,142,High,R,4,2020-03-17
2943,The Dark Knight,Warner Bros.,Christopher Nolan,Action,2008,152,High,PG-13,3,2024-08-29
1518,The Godfather,Paramount Pictures,Francis Ford Coppola,Adventure,1972,175,High,R,4,2016-06-19
1911,Inception,Warner Bros.,Christopher Nolan,Crime,2010,148,High,PG-13,3,2017-09-17
397,The Shawshank Redemption,Castle Rock Entertainment,Frank Darabont,Fantasy,1994,142,High,R,2,2016-07-31
1017,The Shawshank Redemption,Castle Rock Entertainment,Frank Darabont,Sci-Fi,1994,142,High,R,5,2019-09-09
2367,Up,Pixar,Pete Docter,Action,2009,96,Medium,PG,3,2025-06-21
2109,Titanic,Paramount Pictures,James Cameron,Thriller,1997,195,High,PG-13,2,2020-08-02
369,Forrest Gump,Paramount Pictures,Robert Zemeckis,Comedy,1994,142,High,PG-13,4,2015-04-05
987,The King's Speech,The Weinstein Company,Tom Hooper,Animation,2010,118,Medium,R,4,2025-11-03
1153,The Shawshank Redemption,Castle Rock Entertainment,Frank Darabont,Adventure,1994,142,High,R,1,2015-07-27
34,Forrest Gump,Paramount Pictures,Robert Zemeckis,Fantasy,1994,142,High,PG-13,3,2021-01-07
1084,The Social Network,Columbia Pictures,David Fincher,Sci-Fi,2010,120,Medium,PG-13,2,2024-11-23
1641,Titanic,Paramount Pictures,James Cameron,Sci-Fi,1997,195,High,PG-13,3,2015-07-05
2267,The Shawshank Redemption,Castle Rock Entertainment,Frank Darabont,Animation,1994,142,High,R,2,2019-01-24
2253,The Godfather,Paramount Pictures,Francis Ford Coppola,Sci-Fi,1972,175,High,R,5,2020-01-19
528,The Godfather,Paramount Pictures,Francis Ford Coppola,Romance,1972,175,High,R,5,2016-05-01
1389,Inside Out,Pixar,Pete Docter,Sci-Fi,2015,95,Medium,PG,3,2023-11-30
2468,Fight Club,20th Century Fox,David Fincher,Adventure,1999,139,High,R,2,2017-03-26
160,Inception,Warner Bros.,Christopher Nolan,Animation,2010,148,High,PG-13,1,2015-07-05
1872,The Shawshank Redemption,Castle Rock Entertainment,Frank Darabont,Adventure,1994,142,High,R,4,2020-10-28
2512,The Shawshank Redemption,Castle Rock Entertainment,Frank Darabont,Animation,1994,142,High,R,2,2018-09-05
1226,The Godfather,Paramount Pictures,Francis Ford Coppola,Sci-Fi,1972,175,High,R,5,2023-04-17
2007,The Matrix,Warner Bros.,Lana Wachowski,Animation,1999,136,High,R,5,2020-12-20
69,Gladiator,DreamWorks Pictures,Ridley Scott,Comedy,2000,155,High,R,4,2024-02-24
1261,The Dark Knight,Warner Bros.,Christopher Nolan,Crime,2008,152,High,PG-13,4,2021-07-18
1088,Saving Private Ryan,DreamWorks/Amblin,Steven Spielberg,Drama,1998,169,High,R,5,2020-04-27
2955,Up,Pixar,Pete Docter,Romance,2009,96,Medium,PG,5,2017-07-21
2577,The Shawshank Redemption,Castle Rock Entertainment,Frank Darabont,Fantasy,1994,142,High,R,2,2020-11-17
2789,Titanic,Paramount Pictures,James Cameron,Sci-Fi,1997,195,High,PG-13,2,2024-03-19
78,The Godfather,Paramount Pictures,Francis Ford Coppola,Romance,1972,175,High,R,1,2017-02-20
2829,Pulp Fiction,Miramax,Quentin Tarantino,Sci-Fi,1994,154,High,R,2,2019-08-19
1932,The Shawshank Redemption,Castle Rock Entertainment,Frank Darabont,Animation,1994,142,High,R,5,2025-04-28
850,The Green Mile,Castle Rock Entertainment,Frank Darabont,Drama,1999,189,High,R,2,2020-10-25
1286,Fight Club,20th Century Fox,David Fincher,Fantasy,1999,139,High,R,5,2019-03-24
2238,Blade Runner,Warner Bros.,Ridley Scott,Fantasy,1982,117,Medium,R,5,2018-11-03
788,The Dark Knight,Warner Bros.,Christopher Nolan,Comedy,2008,152,High,PG-13,5,2020-06-06
922,Blade Runner,Warner Bros.,Ridley Scott,Comedy,1982,117,Medium,R,5,2018-05-07
850,The King's Speech,The Weinstein Company,Tom Hooper,Comedy,2010,118,Medium,R,3,2022-11-27
1429,Interstellar,Paramount Pictures,Christopher Nolan,Fantasy,2014,169,High,PG-13,3,2020-05-19
2349,Fight Club,20th Century Fox,David Fincher,Comedy,1999,139,High,R,3,2016-05-14
1414,The Empire Strikes Back,Lucasfilm,Irvin Kershner,Sci-Fi,1980,124,High,PG,4,2024-03-06
1179,Blade Runner,Warner Bros.,Ridley Scott,Action,1982,117,Medium,R,3,2015-06-22
1812,Blade Runner,Warner Bros.,Ridley Scott,Crime,1982,117,Medium,R,3,2025-05-12
2207,Schindler's List,Universal Pictures,Steven Spielberg,Fantasy,1993,195,High,R,2,2017-04-07
448,The Godfather,Paramount Pictures,Francis Ford Coppola,Animation,1972,175,High,R,3,2016-07-16
208,The Lord of the Rings: The Return of the King,New Line Cinema,Peter Jackson,Romance,2003,201,High,PG-13,2,2017-09-20
954,The Empire Strikes Back,Lucasfilm,Irvin Kershner,Animation,1980,124,High,PG,2,2022-02-26
1935,The Shawshank Redemption,Castle Rock Entertainment,Frank Darabont,Sci-Fi,1994,142,High,R,3,2023-01-17
2255,The Shawshank Redemption,Castle Rock Entertainment,Frank Darabont,Action,1994,142,High,R,1,2025-10-25
1949,Spirited Away,Studio Ghibli,Hayao Miyazaki,Action,2001,125,High,PG,4,2022-04-28
1170,Forrest Gump,Paramount Pictures,Robert Zemeckis,Thriller,1994,142,High,PG-13,3,2018-08-08
2192,The Silence of the Lambs,Orion Pictures,Jonathan Demme,Crime,1991,118,Medium,R,5,2017-08-09
721,Goodfellas,Warner Bros.,Martin Scorsese,Drama,1990,146,High,R,2,2019-09-08
2030,"Crouching Tiger, Hidden Dragon",Sony Pictures Classics,Ang Lee,Drama,2000,120,Medium,PG-13,4,2023-11-02
1223,The Shawshank Redemption,Castle Rock Entertainment,Frank Darabont,Comedy,1994,142,High,R,1,2015-02-07
1862,Fight Club,20th Century Fox,David Fincher,Crime,1999,139,High,R,3,2018-03-11
550,Heat,Warner Bros.,Michael Mann,Animation,1995,170,High,R,5,2020-07-16
462,The Social Network,Columbia Pictures,David Fincher,Fantasy,2010,120,Medium,PG-13,3,2017-02-28
763,The Godfather,Paramount Pictures,Francis Ford Coppola,Fantasy,1972,175,High,R,3,2023-01-22
2763,The Shawshank Redemption,Castle Rock Entertainment,Frank Darabont,Adventure,1994,142,High,R,3,2021-05-14
2617,Se7en,New Line Cinema,David Fincher,Action,1995,127,High,R,5,2024-08-07
356,No Country for Old Men,Mirage Enterprises,Ethan Coen,Sci-Fi,2007,122,High,R,5,2018-09-05
1956,The Dark Knight,Warner Bros.,Christopher Nolan,Crime,2008,152,High,PG-13,2,2016-07-29
1572,The Godfather,Paramount Pictures,Francis Ford Coppola,Thriller,1972,175,High,R,1,2017-12-04
2386,The Godfather,Paramount Pictures,Francis Ford Coppola,Comedy,1972,175,High,R,3,2018-05-21
1473,Titanic,Paramount Pictures,James Cameron,Drama,1997,195,High,PG-13,3,2022-05-01
1257,Interstellar,Paramount Pictures,Christopher Nolan,Drama,2014,169,High,PG-13,1,2020-03-21
481,The Shawshank Redemption,Castle Rock Entertainment,Frank Darabont,Animation,1994,142,High,R,3,2022-09-28
905,The Silence of the Lambs,Orion Pictures,Jonathan Demme,Comedy,1991,118,Medium,R,3,2021-11-22
1864,The Shawshank Redemption,Castle Rock Entertainment,Frank Darabont,Action,1994,142,High,R,4,2016-09-19
2876,Goodfellas,Warner Bros.,Martin Scorsese,Romance,1990,146,High,R,3,2019-08-31
2721,Fight Club,20th Century Fox,David Fincher,Fantasy,1999,139,High,R,5,2023-12-29
336,The Lion King,Walt Disney Pictures,Roger Allers,Thriller,1994,88,Low,G,5,2024-10-16
2311,Inception,Warner Bros.,Christopher Nolan,Animation,2010,148,High,PG-13,3,2015-11-16
2346,The Shawshank Redemption,Castle Rock Entertainment,Frank Darabont,Animation,1994,142,High,R,5,2017-04-08
2132,Inception,Warner Bros.,Christopher Nolan,Action,2010,148,High,PG-13,3,2024-07-31
373,Pulp Fiction,Miramax,Quentin Tarantino,Thriller,1994,154,High,R,5,2020-06-25
541,There Will Be Blood,Paramount Vantage,Paul Thomas Anderson,Fantasy,2007,158,High,R,1,2020-02-01
2289,Inception,Warner Bros.,Christopher Nolan,Fantasy,2010,148,High,PG-13,5,2015-08-25
1043,Forrest Gump,Paramount Pictures,Robert Zemeckis,Comedy,1994,142,High,PG-13,1,2019-06-10
186,American Beauty,DreamWorks,Sam Mendes,Thriller,1999,122,High,R,5,2015-10-27
283,Pulp Fiction,Miramax,Quentin Tarantino,Crime,1994,154,High,R,5,2015-09-04
1675,The Usual Suspects,Gramercy Pictures,Bryan Singer,Fantasy,1995,106,Medium,R,1,2018-03-21
1567,The Shawshank Redemption,Castle Rock Entertainment,Frank Darabont,Action,1994,142,High,R,4,2019-03-14
2797,Pulp Fiction,Miramax,Quentin Tarantino,Sci-Fi,1994,154,High,R,4,2015-11-25
1425,Up,Pixar,Pete Docter,Animation,2009,96,Medium,PG,2,2022-04-30
522,The Shawshank Redemption,Castle Rock Entertainment,Frank Darabont,Animation,1994,142,High,R,4,2020-12-06
94,Titanic,Paramount Pictures,James Cameron,Thriller,1997,195,High,PG-13,1,2023-06-25
2179,Spirited Away,Studio Ghibli,Hayao Miyazaki,Fantasy,2001,125,High,PG,5,2019-10-04
1418,The Dark Knight,Warner Bros.,Christopher Nolan,Thriller,2008,152,High,PG-13,2,2020-03-01
2705,The Shawshank Redemption,Castle Rock Entertainment,Frank Darabont,Thriller,1994,142,High,R,1,2015-05-12
276,Pulp Fiction,Miramax,Quentin Tarantino,Drama,1994,154,High,R,2,2017-04-24
2753,The Shawshank Redemption,Castle Rock Entertainment,Frank Darabont,Drama,1994,142,High,R,4,2021-09-14
182,Interstellar,Paramount Pictures,Christopher Nolan,Drama,2014,169,High,PG-13,2,2023-04-22
232,The Dark Knight,Warner Bros.,Christopher Nolan,Thriller,2008,152,High,PG-13,5,2017-06-08
2997,The Shawshank Redemption,Castle Rock Entertainment,Frank Darabont,Comedy,1994,142,High,R,2,2024-02-24
2755,The Matrix,Warner Bros.,Lana Wachowski,Romance,1999,136,High,R,5,2023-08-31
587,The Lion King,Walt Disney Pictures,Roger Allers,Thriller,1994,88,Low,G,3,2024-10-29
1231,The Usual Suspects,Gramercy Pictures,Bryan Singer,Animation,1995,106,Medium,R,2,2019-08-21
718,The Godfather,Paramount Pictures,Francis Ford Coppola,Animation,1972,175,High,R,5,2024-11-12
193,The Lord of the Rings: The Return of the King,New Line Cinema,Peter Jackson,Sci-Fi,2003,201,High,PG-13,5,2020-07-23
2853,WALL·E,Pixar,Andrew Stanton,Sci-Fi,2008,98,Medium,G,5,2018-07-29
754,Pulp Fiction,Miramax,Quentin Tarantino,Action,1994,154,High,R,3,2019-03-22
924,Se7en,New Line Cinema,David Fincher,Fantasy,1995,127,High,R,2,2024-07-10
237,The Godfather,Paramount Pictures,Francis Ford Coppola,Action,1972,175,High,R,4,2025-04-04
550,Fight Club,20th Century Fox,David Fincher,Sci-Fi,1999,139,High,R,5,2020-12-10
2649,The Dark Knight,Warner Bros.,Christopher Nolan,Comedy,2008,152,High,PG-13,2,2018-09-14
2194,The Shawshank Redemption,Castle Rock Entertainment,Frank Darabont,Fantasy,1994,142,High,R,3,2016-01-14
1545,Titanic,Paramount Pictures,James Cameron,Thriller,1997,195,High,PG-13,1,2018-01-04
299,The Empire Strikes Back,Lucasfilm,Irvin Kershner,Romance,1980,124,High,PG,1,2024-10-18
1964,The Shawshank Redemption,Castle Rock Entertainment,Frank Darabont,Romance,1994,142,High,R,5,2017-06-07
63,The Shawshank Redemption,Castle Rock Entertainment,Frank Darabont,Adventure,1994,142,High,R,3,2025-09-24
1962,The Shawshank Redemption,Castle Rock Entertainment,Frank Darabont,Thriller,1994,142,High,R,1,2023-05-18
981,Joker,Warner Bros.,Todd Phillips,Romance,2019,122,High,R,2,2019-06-13
2186,Fight Club,20th Century Fox,David Fincher,Comedy,1999,139,High,R,4,2020-03-24
2101,Schindler's List,Universal Pictures,Steven Spielberg,Comedy,1993,195,High,R,3,2019-01-13
2960,The Grand Budapest Hotel,Fox Searchlight,Wes Anderson,Fantasy,2014,99,Medium,R,1,2024-01-02
1282,Forrest Gump,Paramount Pictures,Robert Zemeckis,Adventure,1994,142,High,PG-13,2,2019-02-27
598,Pulp Fiction,Miramax,Quentin Tarantino,Romance,1994,154,High,R,2,2023-04-25
2950,The Shawshank Redemption,Castle Rock Entertainment,Frank Darabont,Animation,1994,142,High,R,5,2021-06-30
943,Pulp Fiction,Miramax,Quentin Tarantino,Action,1994,154,High,R,2,2018-09-13
2682,The Dark Knight,Warner Bros.,Christopher Nolan,Thriller,2008,152,High,PG-13,4,2021-03-05
2002,The King's Speech,The Weinstein Company,Tom Hooper,Adventure,2010,118,Medium,R,3,2023-07-24
1443,Up,Pixar,Pete Docter,Fantasy,2009,96,Medium,PG,4,2016-11-20
2221,The Shawshank Redemption,Castle Rock Entertainment,Frank Darabont,Animation,1994,142,High,R,4,2017-01-23
305,Heat,Warner Bros.,Michael Mann,Drama,1995,170,High,R,5,2015-05-19
564,The King's Speech,The Weinstein Company,Tom Hooper,Drama,2010,118,Medium,R,1,2019-08-17
619,Parasite,CJ Entertainment,Bong Joon-ho,Thriller,2019,132,High,R,1,2022-12-06
248,The Shawshank Redemption,Castle Rock Entertainment,Frank Darabont,Animation,1994,142,High,R,4,2019-03-09
1999,The Lord of the Rings: The Return of the King,New Line Cinema,Peter Jackson,Romance,2003,201,High,PG-13,4,2022-05-24
49,The Shawshank Redemption,Castle Rock Entertainment,Frank Darabont,Animation,1994,142,High,R,5,2019-08-12
1175,The Shawshank Redemption,Castle Rock Entertainment,Frank Darabont,Comedy,1994,142,High,R,5,2025-12-17
395,The Shawshank Redemption,Castle Rock Entertainment,Frank Darabont,Sci-Fi,1994,142,High,R,2,2016-03-14
2157,Inception,Warner Bros.,Christopher Nolan,Thriller,2010,148,High,PG-13,2,2021-12-13
1626,The Godfather,Paramount Pictures,Francis Ford Coppola,Adventure,1972,175,High,R,3,2023-12-01
997,The Shawshank Redemption,Castle Rock Entertainment,Frank Darabont,Sci-Fi,1994,142,High,R,4,2021-05-03
331,Heat,Warner Bros.,Michael Mann,Thriller,1995,170,High,R,3,2022-09-02
1554,Schindler's List,Universal Pictures,Steven Spielberg,Drama,1993,195,High,R,1,2019-07-19
39,The Dark Knight,Warner Bros.,Christopher Nolan,Fantasy,2008,152,High,PG-13,1,2022-02-21
1778,Interstellar,Paramount Pictures,Christopher Nolan,Crime,2014,169,High,PG-13,4,2024-06-24
391,The Silence of the Lambs,Orion Pictures,Jonathan Demme,Adventure,1991,118,Medium,R,5,2025-12-17
2836,No Country for Old Men,Mirage Enterprises,Ethan Coen,Drama,2007,122,High,R,2,2017-05-15
305,Moonlight,A24,Barry Jenkins,Fantasy,2016,111,Medium,R,3,2015-07-10
2696,The Empire Strikes Back,Lucasfilm,Irvin Kershner,Comedy,1980,124,High,PG,5,2021-04-27
849,The Shawshank Redemption,Castle Rock Entertainment,Frank Darabont,Adventure,1994,142,High,R,1,2025-10-13
666,The Matrix,Warner Bros.,Lana Wachowski,Sci-Fi,1999,136,High,R,1,2018-05-10
2215,Fight Club,20th Century Fox,David Fincher,Romance,1999,139,High,R,4,2022-08-05
1417,The Godfather,Paramount Pictures,Francis Ford Coppola,Action,1972,175,High,R,1,2020-08-13
312,The Shawshank Redemption,Castle Rock Entertainment,Frank Darabont,Sci-Fi,1994,142,High,R,2,2024-05-28
1337,The Dark Knight,Warner Bros.,Christopher Nolan,Romance,2008,152,High,PG-13,5,2019-06-13
935,The Shawshank Redemption,Castle Rock Entertainment,Frank Darabont,Comedy,1994,142,High,R,4,2020-07-02
2785,The Dark Knight,Warner Bros.,Christopher Nolan,Sci-Fi,2008,152,High,PG-13,4,2017-01-30
2534,The Matrix,Warner Bros.,Lana Wachowski,Sci-Fi,1999,136,High,R,1,2023-08-29
1098,The Godfather,Paramount Pictures,Francis Ford Coppola,Thriller,1972,175,High,R,1,2015-12-03
1478,The Shawshank Redemption,Castle Rock Entertainment,Frank Darabont,Action,1994,142,High,R,4,2018-07-21
1475,The Shawshank Redemption,Castle Rock Entertainment,Frank Darabont,Drama,1994,142,High,R,3,2019-12-27
768,The Departed,Warner Bros.,Martin Scorsese,Crime,2006,151,High,R,2,2015-12-24
1672,Pulp Fiction,Miramax,Quentin Tarantino,Animation,1994,154,High,R,5,2020-09-29
382,The Shawshank Redemption,Castle Rock Entertainment,Frank Darabont,Crime,1994,142,High,R,3,2021-03-20
1196,The Matrix,Warner Bros.,Lana Wachowski,Adventure,1999,136,High,R,4,2015-02-20
995,Pulp Fiction,Miramax,Quentin Tarantino,Crime,1994,154,High,R,5,2025-02-24
569,Fight Club,20th Century Fox,David Fincher,Action,1999,139,High,R,4,2016-11-25
260,The Godfather,Paramount Pictures,Francis Ford Coppola,Comedy,1972,175,High,R,4,2016-08-20
1984,The Shawshank Redemption,Castle Rock Entertainment,Frank Darabont,Comedy,1994,142,High,R,4,2018-05-12
1011,Whiplash,Blumhouse Productions,Damien Chazelle,Adventure,2014,107,Medium,R,3,2025-08-03
801,Titanic,Paramount Pictures,James Cameron,Fantasy,1997,195,High,PG-13,5,2021-11-30
1621,Pulp Fiction,Miramax,Quentin Tarantino,Action,1994,154,High,R,3,2015-01-28
1350,The Dark Knight,Warner Bros.,Christopher Nolan,Romance,2008,152,High,PG-13,4,2024-01-07
1231,Pulp Fiction,Miramax,Quentin Tarantino,Sci-Fi,1994,154,High,R,5,2016-07-11
728,The Godfather,Paramount Pictures,Francis Ford Coppola,Thriller,1972,175,High,R,4,2018-07-10
2847,Up,Pixar,Pete Docter,Adventure,2009,96,Medium,PG,3,2023-03-30
1541,The Silence of the Lambs,Orion Pictures,Jonathan Demme,Romance,1991,118,Medium,R,2,2018-08-27
2310,The Godfather,Paramount Pictures,Francis Ford Coppola,Sci-Fi,1972,175,High,R,3,2016-04-11
2254,The Shawshank Redemption,Castle Rock Entertainment,Frank Darabont,Animation,1994,142,High,R,2,2022-08-24
1194,The Shawshank Redemption,Castle Rock Entertainment,Frank Darabont,Fantasy,1994,142,High,R,2,2019-12-01
2046,Back to the Future,Universal Pictures,Robert Zemeckis,Crime,1985,116,Medium,PG,4,2022-07-19
2698,The Shawshank Redemption,Castle Rock Entertainment,Frank Darabont,Comedy,1994,142,High,R,2,2017-10-31
1840,The Shawshank Redemption,Castle Rock Entertainment,Frank Darabont,Sci-Fi,1994,142,High,R,4,2015-10-30
2189,Heat,Warner Bros.,Michael Mann,Fantasy,1995,170,High,R,5,2019-06-30
1473,Inception,Warner Bros.,Christopher Nolan,Sci-Fi,2010,148,High,PG-13,5,2015-05-31
349,Interstellar,Paramount Pictures,Christopher Nolan,Animation,2014,169,High,PG-13,5,2022-02-26
2651,The Shawshank Redemption,Castle Rock Entertainment,Frank Darabont,Thriller,1994,142,High,R,3,2016-11-12
1359,The Lord of the Rings: The Return of the King,New Line Cinema,Peter Jackson,Romance,2003,201,High,PG-13,4,2025-11-04
404,Up,Pixar,Pete Docter,Sci-Fi,2009,96,Medium,PG,1,2015-02-13
2378,The Godfather,Paramount Pictures,Francis Ford Coppola,Animation,1972,175,High,R,5,2021-04-04
1603,Interstellar,Paramount Pictures,Christopher Nolan,Thriller,2014,169,High,PG-13,4,2019-03-13
1413,Forrest Gump,Paramount Pictures,Robert Zemeckis,Romance,1994,142,High,PG-13,5,2016-09-09
1704,The Avengers,Marvel Studios,Joss Whedon,Fantasy,2012,143,High,PG-13,1,2018-04-25
2991,The Truman Show,Paramount Pictures,Peter Weir,Crime,1998,103,Medium,PG,1,2024-04-28
848,The Shawshank Redemption,Castle Rock Entertainment,Frank Darabont,Comedy,1994,142,High,R,3,2020-02-09
1795,Inception,Warner Bros.,Christopher Nolan,Adventure,2010,148,High,PG-13,4,2016-02-04
1230,Titanic,Paramount Pictures,James Cameron,Fantasy,1997,195,High,PG-13,3,2015-10-03
1406,The Shawshank Redemption,Castle Rock Entertainment,Frank Darabont,Crime,1994,142,High,R,1,2024-07-10
715,The Silence of the Lambs,Orion Pictures,Jonathan Demme,Action,1991,118,Medium,R,2,2020-10-14
1893,Fight Club,20th Century Fox,David Fincher,Adventure,1999,139,High,R,5,2019-10-13
2624,The Godfather,Paramount Pictures,Francis Ford Coppola,Sci-Fi,1972,175,High,R,2,2017-02-02
2516,Schindler's List,Universal Pictures,Steven Spielberg,Sci-Fi,1993,195,High,R,1,2023-04-09
1593,The Grand Budapest Hotel,Fox Searchlight,Wes Anderson,Fantasy,2014,99,Medium,R,5,2019-10-26
2883,The Shawshank Redemption,Castle Rock Entertainment,Frank Darabont,Thriller,1994,142,High,R,2,2018-02-14
2200,American Beauty,DreamWorks,Sam Mendes,Crime,1999,122,High,R,5,2016-02-21
467,The Shawshank Redemption,Castle Rock Entertainment,Frank Darabont,Adventure,1994,142,High,R,2,2020-02-18
2618,The Godfather,Paramount Pictures,Francis Ford Coppola,Fantasy,1972,175,High,R,5,2025-10-31
2405,The Godfather,Paramount Pictures,Francis Ford Coppola,Sci-Fi,1972,175,High,R,5,2019-05-27
707,The Shawshank Redemption,Castle Rock Entertainment,Frank Darabont,Adventure,1994,142,High,R,4,2021-12-03
348,American Beauty,DreamWorks,Sam Mendes,Comedy,1999,122,High,R,5,2021-08-14
1251,The Empire Strikes Back,Lucasfilm,Irvin Kershner,Adventure,1980,124,High,PG,1,2017-09-04
1592,The Shawshank Redemption,Castle Rock Entertainment,Frank Darabont,Adventure,1994,142,High,R,2,2020-09-23
1733,Pulp Fiction,Miramax,Quentin Tarantino,Action,1994,154,High,R,5,2019-04-21
684,The Shawshank Redemption,Castle Rock Entertainment,Frank Darabont,Animation,1994,142,High,R,2,2021-03-22
1848,Forrest Gump,Paramount Pictures,Robert Zemeckis,Action,1994,142,High,PG-13,2,2018-07-12
560,The Lord of the Rings: The Return of the King,New Line Cinema,Peter Jackson,Adventure,2003,201,High,PG-13,1,2020-06-07
2675,The Shawshank Redemption,Castle Rock Entertainment,Frank Darabont,Sci-Fi,1994,142,High,R,5,2020-09-01
1819,Forrest Gump,Paramount Pictures,Robert Zemeckis,Fantasy,1994,142,High,PG-13,4,2022-12-18
904,Forrest Gump,Paramount Pictures,Robert Zemeckis,Crime,1994,142,High,PG-13,5,2015-05-07
1183,The Godfather,Paramount Pictures,Francis Ford Coppola,Comedy,1972,175,High,R,2,2021-01-11
2029,The Shawshank Redemption,Castle Rock Entertainment,Frank Darabont,Fantasy,1994,142,High,R,5,2023-04-30
1098,Fight Club,20th Century Fox,David Fincher,Crime,1999,139,High,R,5,2016-04-12
171,Whiplash,Blumhouse Productions,Damien Chazelle,Adventure,2014,107,Medium,R,5,2024-03-23
1742,Se7en,New Line Cinema,David Fincher,Fantasy,1995,127,High,R,5,2017-06-14
133,The Shawshank Redemption,Castle Rock Entertainment,Frank Darabont,Thriller,1994,142,High,R,3,2024-10-23
481,Pulp Fiction,Miramax,Quentin Tarantino,Adventure,1994,154,High,R,1,2019-12-04
2409,Whiplash,Blumhouse Productions,Damien Chazelle,Thriller,2014,107,Medium,R,2,2024-02-03
2524,Interstellar,Paramount Pictures,Christopher Nolan,Romance,2014,169,High,PG-13,4,2016-11-10
244,The Shawshank Redemption,Castle Rock Entertainment,Frank Darabont,Thriller,1994,142,High,R,2,2024-01-13
2207,Fight Club,20th Century Fox,David Fincher,Animation,1999,139,High,R,3,2021-09-10
1096,The Shawshank Redemption,Castle Rock Entertainment,Frank Darabont,Comedy,1994,142,High,R,3,2021-06-03
1686,Blade Runner,Warner Bros.,Ridley Scott,Animation,1982,117,Medium,R,1,2016-07-09
544,The Truman Show,Paramount Pictures,Peter Weir,Comedy,1998,103,Medium,PG,2,2022-11-13
2770,The Godfather,Paramount Pictures,Francis Ford Coppola,Adventure,1972,175,High,R,2,2023-07-16
1101,The Dark Knight,Warner Bros.,Christopher Nolan,Action,2008,152,High,PG-13,5,2022-02-03
2596,The Silence of the Lambs,Orion Pictures,Jonathan Demme,Sci-Fi,1991,118,Medium,R,4,2015-11-06
1140,The Prestige,Warner Bros.,Christopher Nolan,Crime,2006,130,High,PG-13,4,2020-10-12
2000,Interstellar,Paramount Pictures,Christopher Nolan,Adventure,2014,169,High,PG-13,4,2025-08-28
1878,The Godfather,Paramount Pictures,Francis Ford Coppola,Drama,1972,175,High,R,1,2023-03-13
2190,The Silence of the Lambs,Orion Pictures,Jonathan Demme,Adventure,1991,118,Medium,R,1,2023-12-04
1100,The Dark Knight,Warner Bros.,Christopher Nolan,Sci-Fi,2008,152,High,PG-13,2,2020-07-19
2368,The Godfather,Paramount Pictures,Francis Ford Coppola,Comedy,1972,175,High,R,3,2021-02-19
2796,The Shawshank Redemption,Castle Rock Entertainment,Frank Darabont,Fantasy,1994,142,High,R,3,2025-01-10
1883,The Departed,Warner Bros.,Martin Scorsese,Drama,2006,151,High,R,1,2022-01-08
3,The Shawshank Redemption,Castle Rock Entertainment,Frank Darabont,Action,1994,142,High,R,4,2020-02-13
541,Django Unchained,Columbia Pictures,Quentin Tarantino,Sci-Fi,2012,165,High,R,2,2022-09-21
1123,The Grand Budapest Hotel,Fox Searchlight,Wes Anderson,Comedy,2014,99,Medium,R,2,2024-10-21
1524,The Shawshank Redemption,Castle Rock Entertainment,Frank Darabont,Adventure,1994,142,High,R,3,2015-12-04
2563,Schindler's List,Universal Pictures,Steven Spielberg,Action,1993,195,High,R,1,2019-06-12
374,The Godfather,Paramount Pictures,Francis Ford Coppola,Thriller,1972,175,High,R,4,2022-05-08
320,Interstellar,Paramount Pictures,Christopher Nolan,Drama,2014,169,High,PG-13,2,2020-05-07
1823,The Shawshank Redemption,Castle Rock Entertainment,Frank Darabont,Thriller,1994,142,High,R,5,2022-08-17
1730,The Shawshank Redemption,Castle Rock Entertainment,Frank Darabont,Adventure,1994,142,High,R,1,2024-08-24
1570,Interstellar,Paramount Pictures,Christopher Nolan,Fantasy,2014,169,High,PG-13,1,2017-07-26
1506,The Shawshank Redemption,Castle Rock Entertainment,Frank Darabont,Crime,1994,142,High,R,1,2018-07-07
546,The Grand Budapest Hotel,Fox Searchlight,Wes Anderson,Action,2014,99,Medium,R,4,2023-09-04
2308,The Silence of the Lambs,Orion Pictures,Jonathan Demme,Action,1991,118,Medium,R,1,2020-12-12
2960,The Shawshank Redemption,Castle Rock Entertainment,Frank Darabont,Action,1994,142,High,R,4,2018-12-09
2813,The Shawshank Redemption,Castle Rock Entertainment,Frank Darabont,Action,1994,142,High,R,4,2021-11-28
412,Pulp Fiction,Miramax,Quentin Tarantino,Thriller,1994,154,High,R,1,2025-01-20
1573,The Shawshank Redemption,Castle Rock Entertainment,Frank Darabont,Crime,1994,142,High,R,5,2023-03-10
573,The Dark Knight,Warner Bros.,Christopher Nolan,Sci-Fi,2008,152,High,PG-13,3,2023-11-15
2462,The Godfather,Paramount Pictures,Francis Ford Coppola,Crime,1972,175,High,R,2,2021-03-16
2829,The Matrix,Warner Bros.,Lana Wachowski,Romance,1999,136,High,R,3,2023-09-26
2486,The Shawshank Redemption,Castle Rock Entertainment,Frank Darabont,Comedy,1994,142,High,R,2,2020-10-21
224,Inception,Warner Bros.,Christopher Nolan,Sci-Fi,2010,148,High,PG-13,3,2022-03-31
462,Whiplash,Blumhouse Productions,Damien Chazelle,Thriller,2014,107,Medium,R,4,2019-04-30
50,The Godfather,Paramount Pictures,Francis Ford Coppola,Romance,1972,175,High,R,1,2020-12-03
2329,Heat,Warner Bros.,Michael Mann,Adventure,1995,170,High,R,2,2019-05-04
1930,Pulp Fiction,Miramax,Quentin Tarantino,Animation,1994,154,High,R,2,2023-07-22
277,Blade Runner,Warner Bros.,Ridley Scott,Crime,1982,117,Medium,R,1,2021-08-02
248,The Shawshank Redemption,Castle Rock Entertainment,Frank Darabont,Thriller,1994,142,High,R,1,2025-05-06
2575,Alien,20th Century Fox,Ridley Scott,Sci-Fi,1979,117,Medium,R,5,2018-03-19
1648,Gladiator,DreamWorks Pictures,Ridley Scott,Sci-Fi,2000,155,High,R,4,2022-11-14
626,The Shawshank Redemption,Castle Rock Entertainment,Frank Darabont,Animation,1994,142,High,R,5,2021-11-28
833,The Godfather,Paramount Pictures,Francis Ford Coppola,Comedy,1972,175,High,R,1,2020-09-25
1601,Inside Out,Pixar,Pete Docter,Action,2015,95,Medium,PG,5,2018-08-31
1792,The Matrix,Warner Bros.,Lana Wachowski,Crime,1999,136,High,R,3,2022-11-01
354,Titanic,Paramount Pictures,James Cameron,Thriller,1997,195,High,PG-13,1,2017-09-28
2494,Blade Runner 2049,Warner Bros.,Denis Villeneuve,Crime,2017,164,High,R,4,2021-11-12
2900,The Shawshank Redemption,Castle Rock Entertainment,Frank Darabont,Action,1994,142,High,R,1,2015-02-21
1421,The Shawshank Redemption,Castle Rock Entertainment,Frank Darabont,Drama,1994,142,High,R,2,2020-07-26
520,Inception,Warner Bros.,Christopher Nolan,Comedy,2010,148,High,PG-13,2,2019-03-04
121,Se7en,New Line Cinema,David Fincher,Comedy,1995,127,High,R,1,2023-08-26
262,The Dark Knight,Warner Bros.,Christopher Nolan,Sci-Fi,2008,152,High,PG-13,3,2020-11-15
1865,The Godfather,Paramount Pictures,Francis Ford Coppola,Romance,1972,175,High,R,1,2020-07-25
2322,Inception,Warner Bros.,Christopher Nolan,Drama,2010,148,High,PG-13,4,2024-08-20
422,The Shawshank Redemption,Castle Rock Entertainment,Frank Darabont,Action,1994,142,High,R,3,2023-09-03
2085,No Country for Old Men,Mirage Enterprises,Ethan Coen,Crime,2007,122,High,R,2,2023-04-23
1933,The Shawshank Redemption,Castle Rock Entertainment,Frank Darabont,Drama,1994,142,High,R,2,2015-07-08
145,The Dark Knight,Warner Bros.,Christopher Nolan,Action,2008,152,High,PG-13,2,2025-06-11
1017,Fight Club,20th Century Fox,David Fincher,Sci-Fi,1999,139,High,R,2,2018-08-11
320,Pulp Fiction,Miramax,Quentin Tarantino,Adventure,1994,154,High,R,3,2024-04-06
216,Fight Club,20th Century Fox,David Fincher,Crime,1999,139,High,R,5,2022-07-20
1643,The Shawshank Redemption,Castle Rock Entertainment,Frank Darabont,Animation,1994,142,High,R,1,2025-09-12
1273,The Shawshank Redemption,Castle Rock Entertainment,Frank Darabont,Fantasy,1994,142,High,R,3,2023-09-04
1512,The Godfather,Paramount Pictures,Francis Ford Coppola,Animation,1972,175,High,R,4,2015-02-02
2551,The Shawshank Redemption,Castle Rock Entertainment,Frank Darabont,Romance,1994,142,High,R,3,2023-04-18
2021,The Godfather,Paramount Pictures,Francis Ford Coppola,Adventure,1972,175,High,R,5,2025-11-24
1005,The Avengers,Marvel Studios,Joss Whedon,Thriller,2012,143,High,PG-13,5,2023-07-12
2219,The Shawshank Redemption,Castle Rock Entertainment,Frank Darabont,Sci-Fi,1994,142,High,R,1,2017-08-12
2693,The Dark Knight,Warner Bros.,Christopher Nolan,Drama,2008,152,High,PG-13,3,2015-01-06
2171,The Dark Knight,Warner Bros.,Christopher Nolan,Comedy,2008,152,High,PG-13,1,2017-04-20
246,The Usual Suspects,Gramercy Pictures,Bryan Singer,Sci-Fi,1995,106,Medium,R,4,2025-10-12
180,WALL·E,Pixar,Andrew Stanton,Action,2008,98,Medium,G,3,2016-01-17
1526,The Truman Show,Paramount Pictures,Peter Weir,Animation,1998,103,Medium,PG,4,2022-11-10
2071,Pulp Fiction,Miramax,Quentin Tarantino,Crime,1994,154,High,R,5,2016-01-27
2326,The Shawshank Redemption,Castle Rock Entertainment,Frank Darabont,Sci-Fi,1994,142,High,R,1,2021-08-21
1070,The Shawshank Redemption,Castle Rock Entertainment,Frank Darabont,Action,1994,142,High,R,2,2018-04-09
1855,The Social Network,Columbia Pictures,David Fincher,Sci-Fi,2010,120,Medium,PG-13,3,2018-07-26
2395,The Godfather,Paramount Pictures,Francis Ford Coppola,Crime,1972,175,High,R,2,2016-07-11
1909,The Shawshank Redemption,Castle Rock Entertainment,Frank Darabont,Crime,1994,142,High,R,2,2020-01-16
851,The Godfather,Paramount Pictures,Francis Ford Coppola,Crime,1972,175,High,R,5,2019-01-07
492,Pulp Fiction,Miramax,Quentin Tarantino,Fantasy,1994,154,High,R,3,2024-07-23
881,The Shawshank Redemption,Castle Rock Entertainment,Frank Darabont,Comedy,1994,142,High,R,5,2015-06-15
2913,Parasite,CJ Entertainment,Bong Joon-ho,Adventure,2019,132,High,R,2,2016-01-09
201,The Godfather,Paramount Pictures,Francis Ford Coppola,Adventure,1972,175,High,R,4,2020-10-04
1657,The Empire Strikes Back,Lucasfilm,Irvin Kershner,Comedy,1980,124,High,PG,2,2015-05-08
388,La La Land,Summit Entertainment,Damien Chazelle,Animation,2016,128,High,PG-13,5,2017-10-20
253,Forrest Gump,Paramount Pictures,Robert Zemeckis,Action,1994,142,High,PG-13,1,2015-02-18
1641,Back to the Future,Universal Pictures,Robert Zemeckis,Thriller,1985,116,Medium,PG,2,2017-03-22
1061,The Dark Knight,Warner Bros.,Christopher Nolan,Crime,2008,152,High,PG-13,5,2021-07-28
810,Joker,Warner Bros.,Todd Phillips,Crime,2019,122,High,R,1,2015-09-22
1359,There Will Be Blood,Paramount Vantage,Paul Thomas Anderson,Fantasy,2007,158,High,R,2,2016-01-12
2351,The Shawshank Redemption,Castle Rock Entertainment,Frank Darabont,Fantasy,1994,142,High,R,1,2016-11-19
1568,Pulp Fiction,Miramax,Quentin Tarantino,Sci-Fi,1994,154,High,R,4,2015-05-01
767,The Empire Strikes Back,Lucasfilm,Irvin Kershner,Action,1980,124,High,PG,3,2017-05-29
2516,The Godfather,Paramount Pictures,Francis Ford Coppola,Fantasy,1972,175,High,R,2,2015-05-22
1688,The Lord of the Rings: The Return of the King,New Line Cinema,Peter Jackson,Thriller,2003,201,High,PG-13,3,2020-08-05
1146,The Grand Budapest Hotel,Fox Searchlight,Wes Anderson,Fantasy,2014,99,Medium,R,1,2015-12-26
2154,The Dark Knight,Warner Bros.,Christopher Nolan,Sci-Fi,2008,152,High,PG-13,2,2022-03-17
2922,The Godfather,Paramount Pictures,Francis Ford Coppola,Animation,1972,175,High,R,1,2019-04-16
2317,The Dark Knight,Warner Bros.,Christopher Nolan,Animation,2008,152,High,PG-13,4,2018-11-10
107,Forrest Gump,Paramount Pictures,Robert Zemeckis,Sci-Fi,1994,142,High,PG-13,3,2017-01-06
1151,The Godfather,Paramount Pictures,Francis Ford Coppola,Thriller,1972,175,High,R,1,2025-01-17
2393,The Shawshank Redemption,Castle Rock Entertainment,Frank Darabont,Fantasy,1994,142,High,R,5,2019-01-04
2691,The Avengers,Marvel Studios,Joss Whedon,Action,2012,143,High,PG-13,1,2017-10-12
899,The Godfather,Paramount Pictures,Francis Ford Coppola,Animation,1972,175,High,R,1,2023-07-27
712,The Matrix,Warner Bros.,Lana Wachowski,Sci-Fi,1999,136,High,R,3,2025-06-27
2858,The Shawshank Redemption,Castle Rock Entertainment,Frank Darabont,Romance,1994,142,High,R,3,2024-01-16
2870,The Dark Knight,Warner Bros.,Christopher Nolan,Romance,2008,152,High,PG-13,1,2022-11-21
2307,The Dark Knight,Warner Bros.,Christopher Nolan,Romance,2008,152,High,PG-13,5,2016-08-05
720,Alien,20th Century Fox,Ridley Scott,Fantasy,1979,117,Medium,R,5,2018-06-19
2465,Forrest Gump,Paramount Pictures,Robert Zemeckis,Crime,1994,142,High,PG-13,1,2017-08-10
1359,The Shawshank Redemption,Castle Rock Entertainment,Frank Darabont,Animation,1994,142,High,R,4,2015-01-03
2937,The Truman Show,Paramount Pictures,Peter Weir,Thriller,1998,103,Medium,PG,2,2018-10-27
606,The Shawshank Redemption,Castle Rock Entertainment,Frank Darabont,Adventure,1994,142,High,R,1,2015-03-31
2156,The Matrix,Warner Bros.,Lana Wachowski,Action,1999,136,High,R,1,2024-06-29
2713,La La Land,Summit Entertainment,Damien Chazelle,Crime,2016,128,High,PG-13,3,2022-11-25
1322,The Dark Knight,Warner Bros.,Christopher Nolan,Crime,2008,152,High,PG-13,3,2018-05-21
2619,The Shawshank Redemption,Castle Rock Entertainment,Frank Darabont,Action,1994,142,High,R,4,2023-11-18
2302,Toy Story,Pixar,John Lasseter,Adventure,1995,81,Low,G,2,2022-12-06
2727,Interstellar,Paramount Pictures,Christopher Nolan,Romance,2014,169,High,PG-13,3,2017-07-03
2821,The Matrix,Warner Bros.,Lana Wachowski,Action,1999,136,High,R,4,2018-06-10
2876,The Godfather,Paramount Pictures,Francis Ford Coppola,Action,1972,175,High,R,1,2025-08-22
746,Alien,20th Century Fox,Ridley Scott,Sci-Fi,1979,117,Medium,R,5,2015-05-13
2317,The Lord of the Rings: The Return of the King,New Line Cinema,Peter Jackson,Romance,2003,201,High,PG-13,2,2022-03-04
319,The Shawshank Redemption,Castle Rock Entertainment,Frank Darabont,Fantasy,1994,142,High,R,2,2018-09-18
364,The Godfather,Paramount Pictures,Francis Ford Coppola,Adventure,1972,175,High,R,2,2022-02-18
1087,The Lion King,Walt Disney Pictures,Roger Allers,Adventure,1994,88,Low,G,4,2015-02-16
443,The Shawshank Redemption,Castle Rock Entertainment,Frank Darabont,Crime,1994,142,High,R,3,2017-11-17
1719,Titanic,Paramount Pictures,James Cameron,Drama,1997,195,High,PG-13,4,2019-11-30
1552,WALL·E,Pixar,Andrew Stanton,Sci-Fi,2008,98,Medium,G,4,2024-11-20
1964,The Dark Knight,Warner Bros.,Christopher Nolan,Sci-Fi,2008,152,High,PG-13,1,2024-04-17
1849,The Prestige,Warner Bros.,Christopher Nolan,Romance,2006,130,High,PG-13,2,2016-10-28
1306,The Shawshank Redemption,Castle Rock Entertainment,Frank Darabont,Drama,1994,142,High,R,3,2015-03-24
697,The Godfather,Paramount Pictures,Francis Ford Coppola,Crime,1972,175,High,R,1,2018-11-01
382,Moonlight,A24,Barry Jenkins,Action,2016,111,Medium,R,1,2021-02-18
127,The Dark Knight,Warner Bros.,Christopher Nolan,Romance,2008,152,High,PG-13,4,2022-11-25
1779,Pulp Fiction,Miramax,Quentin Tarantino,Action,1994,154,High,R,5,2024-12-23
779,The Shawshank Redemption,Castle Rock Entertainment,Frank Darabont,Crime,1994,142,High,R,3,2017-04-21
2706,Pulp Fiction,Miramax,Quentin Tarantino,Animation,1994,154,High,R,5,2017-12-22
1610,The Godfather,Paramount Pictures,Francis Ford Coppola,Thriller,1972,175,High,R,1,2015-07-23
1478,Fight Club,20th Century Fox,David Fincher,Fantasy,1999,139,High,R,2,2015-08-12
2712,The Shawshank Redemption,Castle Rock Entertainment,Frank Darabont,Crime,1994,142,High,R,3,2024-03-28
106,The Lord of the Rings: The Return of the King,New Line Cinema,Peter Jackson,Fantasy,2003,201,High,PG-13,2,2016-02-02
474,The Shawshank Redemption,Castle Rock Entertainment,Frank Darabont,Comedy,1994,142,High,R,1,2020-04-23
2708,The Godfather,Paramount Pictures,Francis Ford Coppola,Sci-Fi,1972,175,High,R,4,2020-06-26
1520,The Godfather,Paramount Pictures,Francis Ford Coppola,Animation,1972,175,High,R,4,2017-01-27
183,Moonlight,A24,Barry Jenkins,Adventure,2016,111,Medium,R,2,2019-12-31
1101,The Godfather,Paramount Pictures,Francis Ford Coppola,Fantasy,1972,175,High,R,3,2017-07-15
2737,Fight Club,20th Century Fox,David Fincher,Action,1999,139,High,R,1,2015-12-18
2416,The Dark Knight,Warner Bros.,Christopher Nolan,Animation,2008,152,High,PG-13,4,2025-11-20
2141,The Godfather,Paramount Pictures,Francis Ford Coppola,Drama,1972,175,High,R,4,2024-03-06
966,Pulp Fiction,Miramax,Quentin Tarantino,Animation,1994,154,High,R,4,2021-06-03
2926,Forrest Gump,Paramount Pictures,Robert Zemeckis,Crime,1994,142,High,PG-13,4,2025-02-14
2341,The Shawshank Redemption,Castle Rock Entertainment,Frank Darabont,Romance,1994,142,High,R,5,2023-12-23
1840,The Empire Strikes Back,Lucasfilm,Irvin Kershner,Romance,1980,124,High,PG,2,2016-05-07
790,The Shawshank Redemption,Castle Rock Entertainment,Frank Darabont,Action,1994,142,High,R,2,2024-01-25
1784,The Shawshank Redemption,Castle Rock Entertainment,Frank Darabont,Sci-Fi,1994,142,High,R,1,2022-08-30
1310,The Shawshank Redemption,Castle Rock Entertainment,Frank Darabont,Action,1994,142,High,R,5,2017-11-22
2279,Avengers: Endgame,Marvel Studios,Anthony Russo,Crime,2019,181,High,PG-13,1,2019-05-09
1877,The Dark Knight,Warner Bros.,Christopher Nolan,Adventure,2008,152,High,PG-13,3,2020-10-29
2141,Joker,Warner Bros.,Todd Phillips,Drama,2019,122,High,R,5,2021-08-03
608,Whiplash,Blumhouse Productions,Damien Chazelle,Crime,2014,107,Medium,R,4,2016-09-04
433,Fight Club,20th Century Fox,David Fincher,Romance,1999,139,High,R,1,2025-05-16
2194,Fight Club,20th Century Fox,David Fincher,Crime,1999,139,High,R,3,2024-09-23
2683,The Grand Budapest Hotel,Fox Searchlight,Wes Anderson,Sci-Fi,2014,99,Medium,R,3,2019-04-18
706,Forrest Gump,Paramount Pictures,Robert Zemeckis,Romance,1994,142,High,PG-13,4,2015-06-03
2789,The Godfather,Paramount Pictures,Francis Ford Coppola,Action,1972,175,High,R,5,2021-10-29
1358,Interstellar,Paramount Pictures,Christopher Nolan,Drama,2014,169,High,PG-13,4,2024-12-22
1101,Interstellar,Paramount Pictures,Christopher Nolan,Drama,2014,169,High,PG-13,4,2025-04-29
1242,No Country for Old Men,Mirage Enterprises,Ethan Coen,Drama,2007,122,High,R,3,2024-03-02
934,The Godfather,Paramount Pictures,Francis Ford Coppola,Fantasy,1972,175,High,R,1,2025-11-27
2986,The Shawshank Redemption,Castle Rock Entertainment,Frank Darabont,Fantasy,1994,142,High,R,3,2018-01-08
866,Pulp Fiction,Miramax,Quentin Tarantino,Crime,1994,154,High,R,2,2019-12-15
2116,Joker,Warner Bros.,Todd Phillips,Sci-Fi,2019,122,High,R,4,2023-07-08
652,Mad Max: Fury Road,Warner Bros.,George Miller,Drama,2015,120,Medium,R,5,2023-11-16
2148,The Shawshank Redemption,Castle Rock Entertainment,Frank Darabont,Animation,1994,142,High,R,4,2016-07-09
823,The Grand Budapest Hotel,Fox Searchlight,Wes Anderson,Drama,2014,99,Medium,R,2,2017-02-28
208,Parasite,CJ Entertainment,Bong Joon-ho,Thriller,2019,132,High,R,1,2020-02-13
1902,The Truman Show,Paramount Pictures,Peter Weir,Thriller,1998,103,Medium,PG,3,2019-02-17
1526,Forrest Gump,Paramount Pictures,Robert Zemeckis,Crime,1994,142,High,PG-13,1,2017-09-17
1944,Forrest Gump,Paramount Pictures,Robert Zemeckis,Fantasy,1994,142,High,PG-13,2,2025-10-09
1060,The Matrix,Warner Bros.,Lana Wachowski,Adventure,1999,136,High,R,3,2016-10-31
1584,Se7en,New Line Cinema,David Fincher,Crime,1995,127,High,R,3,2015-04-23
907,The Shawshank Redemption,Castle Rock Entertainment,Frank Darabont,Romance,1994,142,High,R,2,2024-08-11
1678,The Silence of the Lambs,Orion Pictures,Jonathan Demme,Thriller,1991,118,Medium,R,3,2022-04-22
542,Inception,Warner Bros.,Christopher Nolan,Drama,2010,148,High,PG-13,4,2025-03-22
1034,The Silence of the Lambs,Orion Pictures,Jonathan Demme,Romance,1991,118,Medium,R,1,2017-07-05
1543,The Lord of the Rings: The Return of the King,New Line Cinema,Peter Jackson,Comedy,2003,201,High,PG-13,3,2019-10-02
1912,The Social Network,Columbia Pictures,David Fincher,Fantasy,2010,120,Medium,PG-13,3,2017-06-12
2395,The Godfather,Paramount Pictures,Francis Ford Coppola,Animation,1972,175,High,R,5,2019-06-15
2652,The Shawshank Redemption,Castle Rock Entertainment,Frank Darabont,Animation,1994,142,High,R,3,2021-04-18
443,The Matrix,Warner Bros.,Lana Wachowski,Comedy,1999,136,High,R,3,2022-09-04
1332,Forrest Gump,Paramount Pictures,Robert Zemeckis,Adventure,1994,142,High,PG-13,3,2022-03-08
615,Mad Max: Fury Road,Warner Bros.,George Miller,Comedy,2015,120,Medium,R,3,2017-02-10
2458,Inception,Warner Bros.,Christopher Nolan,Thriller,2010,148,High,PG-13,1,2024-01-13
105,The Dark Knight,Warner Bros.,Christopher Nolan,Adventure,2008,152,High,PG-13,2,2023-02-02
1715,Schindler's List,Universal Pictures,Steven Spielberg,Comedy,1993,195,High,R,3,2025-03-03
2344,The Dark Knight,Warner Bros.,Christopher Nolan,Drama,2008,152,High,PG-13,5,2022-12-10
2190,American Beauty,DreamWorks,Sam Mendes,Adventure,1999,122,High,R,2,2022-09-12
1230,The Silence of the Lambs,Orion Pictures,Jonathan Demme,Fantasy,1991,118,Medium,R,3,2020-09-08
400,The Social Network,Columbia Pictures,David Fincher,Animation,2010,120,Medium,PG-13,2,2018-04-18
750,Forrest Gump,Paramount Pictures,Robert Zemeckis,Comedy,1994,142,High,PG-13,5,2023-07-22
1456,Alien,20th Century Fox,Ridley Scott,Adventure,1979,117,Medium,R,1,2017-06-29
1358,The Godfather,Paramount Pictures,Francis Ford Coppola,Comedy,1972,175,High,R,4,2023-11-03
483,The Dark Knight,Warner Bros.,Christopher Nolan,Romance,2008,152,High,PG-13,3,2020-03-14
2543,Forrest Gump,Paramount Pictures,Robert Zemeckis,Romance,1994,142,High,PG-13,5,2025-08-03
2789,The Shawshank Redemption,Castle Rock Entertainment,Frank Darabont,Thriller,1994,142,High,R,5,2016-05-05
618,The Dark Knight,Warner Bros.,Christopher Nolan,Comedy,2008,152,High,PG-13,4,2015-08-10
2333,The Shawshank Redemption,Castle Rock Entertainment,Frank Darabont,Thriller,1994,142,High,R,3,2019-08-04
2932,No Country for Old Men,Mirage Enterprises,Ethan Coen,Fantasy,2007,122,High,R,2,2018-07-19
2585,The Shawshank Redemption,Castle Rock Entertainment,Frank Darabont,Crime,1994,142,High,R,4,2018-09-24
1852,The Usual Suspects,Gramercy Pictures,Bryan Singer,Adventure,1995,106,Medium,R,1,2015-01-20
649,The Godfather,Paramount Pictures,Francis Ford Coppola,Action,1972,175,High,R,5,2023-07-29
1777,Forrest Gump,Paramount Pictures,Robert Zemeckis,Crime,1994,142,High,PG-13,2,2021-11-21
1956,The Silence of the Lambs,Orion Pictures,Jonathan Demme,Sci-Fi,1991,118,Medium,R,4,2025-10-28
2993,The Dark Knight,Warner Bros.,Christopher Nolan,Drama,2008,152,High,PG-13,5,2017-03-27
2176,The Dark Knight,Warner Bros.,Christopher Nolan,Drama,2008,152,High,PG-13,3,2023-06-28
2841,The Shawshank Redemption,Castle Rock Entertainment,Frank Darabont,Drama,1994,142,High,R,2,2017-07-15
1572,The Grand Budapest Hotel,Fox Searchlight,Wes Anderson,Comedy,2014,99,Medium,R,2,2016-02-25
188,Forrest Gump,Paramount Pictures,Robert Zemeckis,Comedy,1994,142,High,PG-13,2,2015-09-25
2132,The Godfather,Paramount Pictures,Francis Ford Coppola,Comedy,1972,175,High,R,4,2023-03-01
2814,The Matrix,Warner Bros.,Lana Wachowski,Adventure,1999,136,High,R,4,2024-12-16
772,Django Unchained,Columbia Pictures,Quentin Tarantino,Adventure,2012,165,High,R,4,2019-01-11
919,The Shawshank Redemption,Castle Rock Entertainment,Frank Darabont,Sci-Fi,1994,142,High,R,1,2017-07-24
90,Titanic,Paramount Pictures,James Cameron,Action,1997,195,High,PG-13,2,2023-03-26
2913,The Matrix,Warner Bros.,Lana Wachowski,Action,1999,136,High,R,1,2019-02-10
2623,Schindler's List,Universal Pictures,Steven Spielberg,Drama,1993,195,High,R,4,2024-10-30
2433,The Godfather,Paramount Pictures,Francis Ford Coppola,Animation,1972,175,High,R,5,2015-07-19
2826,Django Unchained,Columbia Pictures,Quentin Tarantino,Crime,2012,165,High,R,1,2015-07-17
2242,The Shawshank Redemption,Castle Rock Entertainment,Frank Darabont,Fantasy,1994,142,High,R,4,2016-05-21
2809,The Godfather,Paramount Pictures,Francis Ford Coppola,Action,1972,175,High,R,2,2022-10-18
414,The Silence of the Lambs,Orion Pictures,Jonathan Demme,Comedy,1991,118,Medium,R,4,2022-06-03
2871,Schindler's List,Universal Pictures,Steven Spielberg,Comedy,1993,195,High,R,5,2021-10-16
2531,The Shawshank Redemption,Castle Rock Entertainment,Frank Darabont,Crime,1994,142,High,R,5,2023-01-23
814,The Shawshank Redemption,Castle Rock Entertainment,Frank Darabont,Crime,1994,142,High,R,1,2020-07-31
827,The Lord of the Rings: The Return of the King,New Line Cinema,Peter Jackson,Comedy,2003,201,High,PG-13,5,2025-11-29
162,The Dark Knight,Warner Bros.,Christopher Nolan,Sci-Fi,2008,152,High,PG-13,3,2016-10-18
961,Fight Club,20th Century Fox,David Fincher,Thriller,1999,139,High,R,4,2018-09-16
2352,The Shawshank Redemption,Castle Rock Entertainment,Frank Darabont,Crime,1994,142,High,R,1,2024-05-14
2096,The Empire Strikes Back,Lucasfilm,Irvin Kershner,Action,1980,124,High,PG,1,2023-09-28
947,The Shawshank Redemption,Castle Rock Entertainment,Frank Darabont,Crime,1994,142,High,R,3,2022-03-24
206,Pulp Fiction,Miramax,Quentin Tarantino,Comedy,1994,154,High,R,3,2020-03-16
1191,The Shawshank Redemption,Castle Rock Entertainment,Frank Darabont,Action,1994,142,High,R,1,2024-07-22
475,The Dark Knight,Warner Bros.,Christopher Nolan,Adventure,2008,152,High,PG-13,4,2023-04-14
567,The Shawshank Redemption,Castle Rock Entertainment,Frank Darabont,Drama,1994,142,High,R,1,2024-07-21
1793,Schindler's List,Universal Pictures,Steven Spielberg,Action,1993,195,High,R,3,2019-01-04
1404,Blade Runner,Warner Bros.,Ridley Scott,Comedy,1982,117,Medium,R,1,2019-03-07
1870,The Shawshank Redemption,Castle Rock Entertainment,Frank Darabont,Sci-Fi,1994,142,High,R,4,2025-10-16
1728,The Godfather,Paramount Pictures,Francis Ford Coppola,Sci-Fi,1972,175,High,R,4,2023-12-21
2852,Schindler's List,Universal Pictures,Steven Spielberg,Action,1993,195,High,R,1,2016-06-26
2420,Titanic,Paramount Pictures,James Cameron,Action,1997,195,High,PG-13,1,2019-09-01
2504,Forrest Gump,Paramount Pictures,Robert Zemeckis,Romance,1994,142,High,PG-13,4,2017-01-12
2804,The Dark Knight,Warner Bros.,Christopher Nolan,Adventure,2008,152,High,PG-13,5,2015-04-29
2000,The Grand Budapest Hotel,Fox Searchlight,Wes Anderson,Action,2014,99,Medium,R,4,2025-04-27
260,The Shawshank Redemption,Castle Rock Entertainment,Frank Darabont,Sci-Fi,1994,142,High,R,4,2015-07-08
2777,The Godfather,Paramount Pictures,Francis Ford Coppola,Adventure,1972,175,High,R,1,2022-11-25
2744,Inception,Warner Bros.,Christopher Nolan,Romance,2010,148,High,PG-13,5,2017-07-06
2870,The Green Mile,Castle Rock Entertainment,Frank Darabont,Animation,1999,189,High,R,5,2022-09-20
1417,The Lord of the Rings: The Return of the King,New Line Cinema,Peter Jackson,Sci-Fi,2003,201,High,PG-13,2,2020-05-27
2287,Schindler's List,Universal Pictures,Steven Spielberg,Sci-Fi,1993,195,High,R,2,2024-05-29
2636,No Country for Old Men,Mirage Enterprises,Ethan Coen,Romance,2007,122,High,R,1,2015-02-17
2031,"Crouching Tiger, Hidden Dragon",Sony Pictures Classics,Ang Lee,Animation,2000,120,Medium,PG-13,4,2024-07-21
987,The Green Mile,Castle Rock Entertainment,Frank Darabont,Crime,1999,189,High,R,4,2018-08-06
913,The Godfather,Paramount Pictures,Francis Ford Coppola,Comedy,1972,175,High,R,1,2020-09-07
963,Fight Club,20th Century Fox,David Fincher,Sci-Fi,1999,139,High,R,4,2024-02-29
361,The Shawshank Redemption,Castle Rock Entertainment,Frank Darabont,Fantasy,1994,142,High,R,5,2020-01-10
2038,La La Land,Summit Entertainment,Damien Chazelle,Fantasy,2016,128,High,PG-13,3,2016-05-01
1689,Goodfellas,Warner Bros.,Martin Scorsese,Drama,1990,146,High,R,1,2019-07-11
373,The Shawshank Redemption,Castle Rock Entertainment,Frank Darabont,Animation,1994,142,High,R,1,2024-04-05
2083,The Prestige,Warner Bros.,Christopher Nolan,Romance,2006,130,High,PG-13,3,2024-12-24
223,Fight Club,20th Century Fox,David Fincher,Fantasy,1999,139,High,R,3,2019-01-28
2539,American Beauty,DreamWorks,Sam Mendes,Fantasy,1999,122,High,R,3,2021-04-13
400,The Matrix,Warner Bros.,Lana Wachowski,Adventure,1999,136,High,R,4,2016-04-12
1455,Se7en,New Line Cinema,David Fincher,Thriller,1995,127,High,R,1,2018-10-30
1532,Back to the Future,Universal Pictures,Robert Zemeckis,Comedy,1985,116,Medium,PG,5,2020-11-08
576,Interstellar,Paramount Pictures,Christopher Nolan,Drama,2014,169,High,PG-13,2,2020-07-09
2503,The Lion King,Walt Disney Pictures,Roger Allers,Sci-Fi,1994,88,Low,G,1,2017-11-07
1873,The Shawshank Redemption,Castle Rock Entertainment,Frank Darabont,Crime,1994,142,High,R,4,2017-06-02
1698,The Lion King,Walt Disney Pictures,Roger Allers,Thriller,1994,88,Low,G,3,2016-03-17
1846,The Shawshank Redemption,Castle Rock Entertainment,Frank Darabont,Romance,1994,142,High,R,1,2023-08-29
2044,Pulp Fiction,Miramax,Quentin Tarantino,Romance,1994,154,High,R,5,2016-07-05
1773,The Shawshank Redemption,Castle Rock Entertainment,Frank Darabont,Drama,1994,142,High,R,5,2025-06-28
726,Parasite,CJ Entertainment,Bong Joon-ho,Fantasy,2019,132,High,R,5,2023-10-05
1587,Interstellar,Paramount Pictures,Christopher Nolan,Action,2014,169,High,PG-13,2,2016-02-29
1576,Schindler's List,Universal Pictures,Steven Spielberg,Romance,1993,195,High,R,3,2020-08-26
1630,Pulp Fiction,Miramax,Quentin Tarantino,Romance,1994,154,High,R,2,2018-01-25
547,Up,Pixar,Pete Docter,Comedy,2009,96,Medium,PG,4,2024-01-10
2874,The Shawshank Redemption,Castle Rock Entertainment,Frank Darabont,Romance,1994,142,High,R,5,2018-05-09
891,Fight Club,20th Century Fox,David Fincher,Adventure,1999,139,High,R,5,2022-02-04
1415,The Shawshank Redemption,Castle Rock Entertainment,Frank Darabont,Romance,1994,142,High,R,3,2022-09-13
2223,The Truman Show,Paramount Pictures,Peter Weir,Action,1998,103,Medium,PG,2,2020-08-25
1443,Interstellar,Paramount Pictures,Christopher Nolan,Adventure,2014,169,High,PG-13,1,2023-07-14
2733,Fight Club,20th Century Fox,David Fincher,Romance,1999,139,High,R,5,2025-07-28
1731,Gladiator,DreamWorks Pictures,Ridley Scott,Animation,2000,155,High,R,3,2024-11-03
1561,American Beauty,DreamWorks,Sam Mendes,Animation,1999,122,High,R,1,2015-04-14
660,The Shawshank Redemption,Castle Rock Entertainment,Frank Darabont,Drama,1994,142,High,R,2,2017-12-29
255,The Usual Suspects,Gramercy Pictures,Bryan Singer,Comedy,1995,106,Medium,R,2,2024-05-31
2217,Interstellar,Paramount Pictures,Christopher Nolan,Comedy,2014,169,High,PG-13,2,2023-06-14
2767,The Shawshank Redemption,Castle Rock Entertainment,Frank Darabont,Fantasy,1994,142,High,R,1,2021-11-28
974,Goodfellas,Warner Bros.,Martin Scorsese,Thriller,1990,146,High,R,5,2019-05-12
1563,Inception,Warner Bros.,Christopher Nolan,Comedy,2010,148,High,PG-13,1,2025-05-22
54,The Dark Knight,Warner Bros.,Christopher Nolan,Adventure,2008,152,High,PG-13,5,2015-08-09
1815,Goodfellas,Warner Bros.,Martin Scorsese,Thriller,1990,146,High,R,5,2024-09-28
2472,Back to the Future,Universal Pictures,Robert Zemeckis,Adventure,1985,116,Medium,PG,5,2021-02-16
727,The Shawshank Redemption,Castle Rock Entertainment,Frank Darabont,Thriller,1994,142,High,R,3,2020-01-13
712,The Usual Suspects,Gramercy Pictures,Bryan Singer,Crime,1995,106,Medium,R,2,2025-10-17
1756,Goodfellas,Warner Bros.,Martin Scorsese,Crime,1990,146,High,R,4,2015-06-16
2393,The Godfather,Paramount Pictures,Francis Ford Coppola,Comedy,1972,175,High,R,2,2016-10-21
2907,The Social Network,Columbia Pictures,David Fincher,Drama,2010,120,Medium,PG-13,3,2020-03-25
1322,The Pianist,Focus Features,Roman Polanski,Drama,2002,150,High,R,2,2025-05-31
2346,The Matrix,Warner Bros.,Lana Wachowski,Romance,1999,136,High,R,3,2020-07-02
901,Fight Club,20th Century Fox,David Fincher,Crime,1999,139,High,R,3,2020-11-22
2070,Blade Runner,Warner Bros.,Ridley Scott,Animation,1982,117,Medium,R,1,2023-10-26
377,The Shawshank Redemption,Castle Rock Entertainment,Frank Darabont,Animation,1994,142,High,R,5,2019-07-11
1478,The Dark Knight,Warner Bros.,Christopher Nolan,Thriller,2008,152,High,PG-13,3,2018-09-18
2300,The Godfather,Paramount Pictures,Francis Ford Coppola,Romance,1972,175,High,R,5,2020-04-29
1418,The Lion King,Walt Disney Pictures,Roger Allers,Drama,1994,88,Low,G,1,2022-07-02
164,Pulp Fiction,Miramax,Quentin Tarantino,Romance,1994,154,High,R,5,2017-09-25
465,The Empire Strikes Back,Lucasfilm,Irvin Kershner,Adventure,1980,124,High,PG,4,2025-04-09
2118,The Dark Knight,Warner Bros.,Christopher Nolan,Animation,2008,152,High,PG-13,3,2015-04-12
2084,The Lion King,Walt Disney Pictures,Roger Allers,Adventure,1994,88,Low,G,5,2024-01-02
2669,Pulp Fiction,Miramax,Quentin Tarantino,Drama,1994,154,High,R,3,2025-01-27
394,The Shawshank Redemption,Castle Rock Entertainment,Frank Darabont,Animation,1994,142,High,R,1,2025-08-19
2568,The Shawshank Redemption,Castle Rock Entertainment,Frank Darabont,Animation,1994,142,High,R,5,2015-01-31
426,The Shawshank Redemption,Castle Rock Entertainment,Frank Darabont,Thriller,1994,142,High,R,4,2024-05-15
2811,The Shawshank Redemption,Castle Rock Entertainment,Frank Darabont,Sci-Fi,1994,142,High,R,1,2023-05-18
359,The Shawshank Redemption,Castle Rock Entertainment,Frank Darabont,Fantasy,1994,142,High,R,3,2015-06-05
289,The Shawshank Redemption,Castle Rock Entertainment,Frank Darabont,Action,1994,142,High,R,3,2021-04-04
1590,The Matrix,Warner Bros.,Lana Wachowski,Thriller,1999,136,High,R,3,2019-07-28
70,Pulp Fiction,Miramax,Quentin Tarantino,Sci-Fi,1994,154,High,R,4,2018-07-19
2628,The Dark Knight,Warner Bros.,Christopher Nolan,Crime,2008,152,High,PG-13,5,2015-01-25
2871,Titanic,Paramount Pictures,James Cameron,Crime,1997,195,High,PG-13,5,2015-07-06
1188,The Social Network,Columbia Pictures,David Fincher,Adventure,2010,120,Medium,PG-13,5,2016-03-10
1154,The Prestige,Warner Bros.,Christopher Nolan,Comedy,2006,130,High,PG-13,5,2015-12-21
2707,The Departed,Warner Bros.,Martin Scorsese,Fantasy,2006,151,High,R,4,2019-06-07
559,The Shawshank Redemption,Castle Rock Entertainment,Frank Darabont,Action,1994,142,High,R,5,2017-06-19
2598,Goodfellas,Warner Bros.,Martin Scorsese,Animation,1990,146,High,R,3,2025-10-07
2274,The Shawshank Redemption,Castle Rock Entertainment,Frank Darabont,Adventure,1994,142,High,R,1,2021-03-17
2444,The Shawshank Redemption,Castle Rock Entertainment,Frank Darabont,Drama,1994,142,High,R,1,2021-06-03
861,The Dark Knight,Warner Bros.,Christopher Nolan,Animation,2008,152,High,PG-13,1,2018-06-02
2646,Se7en,New Line Cinema,David Fincher,Adventure,1995,127,High,R,2,2019-08-18
905,The Social Network,Columbia Pictures,David Fincher,Action,2010,120,Medium,PG-13,2,2017-01-23
743,The Lord of the Rings: The Return of the King,New Line Cinema,Peter Jackson,Comedy,2003,201,High,PG-13,2,2016-04-14
2249,The Empire Strikes Back,Lucasfilm,Irvin Kershner,Romance,1980,124,High,PG,1,2024-07-19
2752,Forrest Gump,Paramount Pictures,Robert Zemeckis,Animation,1994,142,High,PG-13,1,2018-04-05
2379,The Shawshank Redemption,Castle Rock Entertainment,Frank Darabont,Crime,1994,142,High,R,2,2023-02-20
2750,Forrest Gump,Paramount Pictures,Robert Zemeckis,Adventure,1994,142,High,PG-13,3,2016-06-09
286,Schindler's List,Universal Pictures,Steven Spielberg,Crime,1993,195,High,R,3,2021-12-12
1345,There Will Be Blood,Paramount Vantage,Paul Thomas Anderson,Adventure,2007,158,High,R,4,2020-01-20
2317,The Lord of the Rings: The Return of the King,New Line Cinema,Peter Jackson,Comedy,2003,201,High,PG-13,5,2016-09-16
20,Fight Club,20th Century Fox,David Fincher,Adventure,1999,139,High,R,4,2016-11-21
1473,The Godfather,Paramount Pictures,Francis Ford Coppola,Thriller,1972,175,High,R,4,2018-02-07
1825,The Shawshank Redemption,Castle Rock Entertainment,Frank Darabont,Adventure,1994,142,High,R,4,2020-03-10
446,The Dark Knight,Warner Bros.,Christopher Nolan,Comedy,2008,152,High,PG-13,4,2021-03-09
1150,The Shawshank Redemption,Castle Rock Entertainment,Frank Darabont,Romance,1994,142,High,R,1,2024-06-09
1079,La La Land,Summit Entertainment,Damien Chazelle,Action,2016,128,High,PG-13,5,2017-03-15
77,Titanic,Paramount Pictures,James Cameron,Crime,1997,195,High,PG-13,1,2025-01-02
1660,The Social Network,Columbia Pictures,David Fincher,Drama,2010,120,Medium,PG-13,5,2021-06-29
1068,The Departed,Warner Bros.,Martin Scorsese,Thriller,2006,151,High,R,1,2021-03-09
609,Fight Club,20th Century Fox,David Fincher,Animation,1999,139,High,R,4,2022-05-02
1192,The Dark Knight,Warner Bros.,Christopher Nolan,Thriller,2008,152,High,PG-13,5,2023-03-23
1626,The Shawshank Redemption,Castle Rock Entertainment,Frank Darabont,Animation,1994,142,High,R,5,2016-01-06
2516,The Dark Knight,Warner Bros.,Christopher Nolan,Drama,2008,152,High,PG-13,2,2024-07-05
653,The Empire Strikes Back,Lucasfilm,Irvin Kershner,Animation,1980,124,High,PG,2,2020-01-02
2999,The Shawshank Redemption,Castle Rock Entertainment,Frank Darabont,Romance,1994,142,High,R,2,2023-04-03
1998,Forrest Gump,Paramount Pictures,Robert Zemeckis,Adventure,1994,142,High,PG-13,1,2017-06-15
176,The Godfather,Paramount Pictures,Francis Ford Coppola,Comedy,1972,175,High,R,3,2017-08-16
1924,The Empire Strikes Back,Lucasfilm,Irvin Kershner,Animation,1980,124,High,PG,3,2019-05-09
2657,The Truman Show,Paramount Pictures,Peter Weir,Drama,1998,103,Medium,PG,1,2025-12-30
1079,The Godfather,Paramount Pictures,Francis Ford Coppola,Animation,1972,175,High,R,3,2024-05-12
2678,The Matrix,Warner Bros.,Lana Wachowski,Romance,1999,136,High,R,2,2019-03-23
1031,The Dark Knight,Warner Bros.,Christopher Nolan,Romance,2008,152,High,PG-13,1,2020-10-17
1446,The Dark Knight,Warner Bros.,Christopher Nolan,Thriller,2008,152,High,PG-13,5,2019-07-21
1975,The Lion King,Walt Disney Pictures,Roger Allers,Adventure,1994,88,Low,G,4,2023-11-21
570,Moonlight,A24,Barry Jenkins,Drama,2016,111,Medium,R,5,2024-11-21
2636,Pulp Fiction,Miramax,Quentin Tarantino,Thriller,1994,154,High,R,1,2020-10-08
1484,The Godfather,Paramount Pictures,Francis Ford Coppola,Action,1972,175,High,R,2,2016-10-06
1353,The Lord of the Rings: The Return of the King,New Line Cinema,Peter Jackson,Crime,2003,201,High,PG-13,2,2019-08-26
864,Titanic,Paramount Pictures,James Cameron,Fantasy,1997,195,High,PG-13,4,2020-05-16
177,The Matrix,Warner Bros.,Lana Wachowski,Sci-Fi,1999,136,High,R,1,2017-09-25
2579,The Shawshank Redemption,Castle Rock Entertainment,Frank Darabont,Romance,1994,142,High,R,2,2016-07-05
682,Inception,Warner Bros.,Christopher Nolan,Romance,2010,148,High,PG-13,2,2015-08-18
1661,The Godfather,Paramount Pictures,Francis Ford Coppola,Action,1972,175,High,R,5,2025-09-29
2948,The Matrix,Warner Bros.,Lana Wachowski,Romance,1999,136,High,R,1,2024-11-07
1840,Titanic,Paramount Pictures,James Cameron,Comedy,1997,195,High,PG-13,1,2017-06-06
899,The Lord of the Rings: The Return of the King,New Line Cinema,Peter Jackson,Fantasy,2003,201,High,PG-13,4,2016-11-29
2387,Back to the Future,Universal Pictures,Robert Zemeckis,Romance,1985,116,Medium,PG,2,2023-11-29
2093,The Lion King,Walt Disney Pictures,Roger Allers,Action,1994,88,Low,G,5,2022-05-25
2420,The Godfather,Paramount Pictures,Francis Ford Coppola,Adventure,1972,175,High,R,4,2021-09-09
445,The Shawshank Redemption,Castle Rock Entertainment,Frank Darabont,Sci-Fi,1994,142,High,R,4,2016-06-25
1720,The Shawshank Redemption,Castle Rock Entertainment,Frank Darabont,Animation,1994,142,High,R,5,2022-09-04
1950,Back to the Future,Universal Pictures,Robert Zemeckis,Romance,1985,116,Medium,PG,1,2016-12-27
2177,There Will Be Blood,Paramount Vantage,Paul Thomas Anderson,Romance,2007,158,High,R,1,2024-11-04
2701,Forrest Gump,Paramount Pictures,Robert Zemeckis,Crime,1994,142,High,PG-13,1,2020-05-29
5,The Shawshank Redemption,Castle Rock Entertainment,Frank Darabont,Romance,1994,142,High,R,5,2024-04-12
1518,No Country for Old Men,Mirage Enterprises,Ethan Coen,Sci-Fi,2007,122,High,R,5,2019-09-20
1975,The Green Mile,Castle Rock Entertainment,Frank Darabont,Animation,1999,189,High,R,4,2017-07-28
2854,The Prestige,Warner Bros.,Christopher Nolan,Sci-Fi,2006,130,High,PG-13,3,2021-08-09
1955,The Matrix,Warner Bros.,Lana Wachowski,Sci-Fi,1999,136,High,R,2,2017-11-08
2228,The Departed,Warner Bros.,Martin Scorsese,Crime,2006,151,High,R,3,2021-09-16
30,Pulp Fiction,Miramax,Quentin Tarantino,Thriller,1994,154,High,R,1,2022-12-14
1537,The Matrix,Warner Bros.,Lana Wachowski,Crime,1999,136,High,R,5,2015-01-30
437,Schindler's List,Universal Pictures,Steven Spielberg,Adventure,1993,195,High,R,4,2019-01-23
2196,The Shawshank Redemption,Castle Rock Entertainment,Frank Darabont,Romance,1994,142,High,R,3,2017-12-06
2788,Pulp Fiction,Miramax,Quentin Tarantino,Adventure,1994,154,High,R,5,2018-02-02
2284,The Dark Knight,Warner Bros.,Christopher Nolan,Thriller,2008,152,High,PG-13,4,2021-03-11
1982,Forrest Gump,Paramount Pictures,Robert Zemeckis,Adventure,1994,142,High,PG-13,5,2021-03-22
2890,The Godfather,Paramount Pictures,Francis Ford Coppola,Comedy,1972,175,High,R,5,2018-11-11
942,The Dark Knight,Warner Bros.,Christopher Nolan,Action,2008,152,High,PG-13,1,2023-05-22
2083,Pulp Fiction,Miramax,Quentin Tarantino,Action,1994,154,High,R,1,2017-05-28
2856,The Dark Knight,Warner Bros.,Christopher Nolan,Adventure,2008,152,High,PG-13,5,2021-11-20
2605,The Empire Strikes Back,Lucasfilm,Irvin Kershner,Drama,1980,124,High,PG,2,2019-05-13
2459,The Shawshank Redemption,Castle Rock Entertainment,Frank Darabont,Crime,1994,142,High,R,2,2020-04-15
1519,Pulp Fiction,Miramax,Quentin Tarantino,Crime,1994,154,High,R,3,2017-06-27
1642,The Shawshank Redemption,Castle Rock Entertainment,Frank Darabont,Drama,1994,142,High,R,4,2025-06-09
2448,The Lord of the Rings: The Return of the King,New Line Cinema,Peter Jackson,Animation,2003,201,High,PG-13,3,2022-12-24
44,The Shawshank Redemption,Castle Rock Entertainment,Frank Darabont,Action,1994,142,High,R,4,2019-12-04
138,The Shawshank Redemption,Castle Rock Entertainment,Frank Darabont,Animation,1994,142,High,R,3,2017-03-08
949,Whiplash,Blumhouse Productions,Damien Chazelle,Animation,2014,107,Medium,R,5,2022-10-31
2683,The Lord of the Rings: The Return of the King,New Line Cinema,Peter Jackson,Drama,2003,201,High,PG-13,3,2017-09-06
1637,The Shawshank Redemption,Castle Rock Entertainment,Frank Darabont,Action,1994,142,High,R,1,2018-02-04
821,The Dark Knight,Warner Bros.,Christopher Nolan,Sci-Fi,2008,152,High,PG-13,4,2021-07-28
1166,Inception,Warner Bros.,Christopher Nolan,Crime,2010,148,High,PG-13,1,2021-03-01
1424,Titanic,Paramount Pictures,James Cameron,Animation,1997,195,High,PG-13,5,2018-11-26
797,Up,Pixar,Pete Docter,Comedy,2009,96,Medium,PG,2,2021-10-19
1070,Pulp Fiction,Miramax,Quentin Tarantino,Sci-Fi,1994,154,High,R,5,2015-01-20
297,The Shawshank Redemption,Castle Rock Entertainment,Frank Darabont,Animation,1994,142,High,R,1,2021-04-07
2103,Forrest Gump,Paramount Pictures,Robert Zemeckis,Adventure,1994,142,High,PG-13,1,2024-01-02
2844,Blade Runner,Warner Bros.,Ridley Scott,Animation,1982,117,Medium,R,5,2017-10-21
997,Pulp Fiction,Miramax,Quentin Tarantino,Sci-Fi,1994,154,High,R,5,2020-06-03
2404,Se7en,New Line Cinema,David Fincher,Fantasy,1995,127,High,R,4,2025-01-20
277,Mad Max: Fury Road,Warner Bros.,George Miller,Fantasy,2015,120,Medium,R,1,2017-11-22
1294,The Dark Knight,Warner Bros.,Christopher Nolan,Thriller,2008,152,High,PG-13,2,2023-12-22
40,Pulp Fiction,Miramax,Quentin Tarantino,Adventure,1994,154,High,R,5,2021-01-03
381,Interstellar,Paramount Pictures,Christopher Nolan,Comedy,2014,169,High,PG-13,2,2018-03-22
732,The Dark Knight,Warner Bros.,Christopher Nolan,Adventure,2008,152,High,PG-13,1,2021-03-21
2350,Forrest Gump,Paramount Pictures,Robert Zemeckis,Adventure,1994,142,High,PG-13,2,2025-01-11
818,The Godfather,Paramount Pictures,Francis Ford Coppola,Thriller,1972,175,High,R,4,2023-04-08
939,The Godfather,Paramount Pictures,Francis Ford Coppola,Thriller,1972,175,High,R,3,2017-04-26
639,The Shawshank Redemption,Castle Rock Entertainment,Frank Darabont,Thriller,1994,142,High,R,5,2018-12-29
2718,Whiplash,Blumhouse Productions,Damien Chazelle,Crime,2014,107,Medium,R,1,2022-07-31
174,Forrest Gump,Paramount Pictures,Robert Zemeckis,Drama,1994,142,High,PG-13,5,2025-09-28
2017,The Social Network,Columbia Pictures,David Fincher,Adventure,2010,120,Medium,PG-13,5,2018-07-15
750,No Country for Old Men,Mirage Enterprises,Ethan Coen,Romance,2007,122,High,R,3,2020-07-03
910,The Usual Suspects,Gramercy Pictures,Bryan Singer,Animation,1995,106,Medium,R,3,2019-06-18
1734,Se7en,New Line Cinema,David Fincher,Action,1995,127,High,R,1,2020-11-23
1423,Forrest Gump,Paramount Pictures,Robert Zemeckis,Animation,1994,142,High,PG-13,1,2020-08-20
494,The Dark Knight,Warner Bros.,Christopher Nolan,Action,2008,152,High,PG-13,4,2025-12-13
35,Interstellar,Paramount Pictures,Christopher Nolan,Fantasy,2014,169,High,PG-13,3,2022-09-24
413,The Shawshank Redemption,Castle Rock Entertainment,Frank Darabont,Thriller,1994,142,High,R,4,2021-07-07
2247,The Godfather,Paramount Pictures,Francis Ford Coppola,Romance,1972,175,High,R,3,2017-02-05
2512,The Godfather,Paramount Pictures,Francis Ford Coppola,Comedy,1972,175,High,R,4,2025-10-01
863,The Dark Knight,Warner Bros.,Christopher Nolan,Action,2008,152,High,PG-13,4,2019-10-03
1641,Pulp Fiction,Miramax,Quentin Tarantino,Adventure,1994,154,High,R,3,2024-07-31
2359,The Godfather,Paramount Pictures,Francis Ford Coppola,Action,1972,175,High,R,5,2016-06-21
966,The Empire Strikes Back,Lucasfilm,Irvin Kershner,Crime,1980,124,High,PG,3,2024-01-07
613,Fight Club,20th Century Fox,David Fincher,Sci-Fi,1999,139,High,R,2,2016-08-20
2047,Forrest Gump,Paramount Pictures,Robert Zemeckis,Drama,1994,142,High,PG-13,2,2019-09-23
1294,The Shawshank Redemption,Castle Rock Entertainment,Frank Darabont,Animation,1994,142,High,R,5,2023-01-30
2326,The Prestige,Warner Bros.,Christopher Nolan,Comedy,2006,130,High,PG-13,3,2021-04-21
883,The Shawshank Redemption,Castle Rock Entertainment,Frank Darabont,Crime,1994,142,High,R,2,2015-09-03
1371,American Beauty,DreamWorks,Sam Mendes,Fantasy,1999,122,High,R,1,2020-01-17
1056,The Godfather,Paramount Pictures,Francis Ford Coppola,Adventure,1972,175,High,R,5,2021-04-02
2784,The Dark Knight,Warner Bros.,Christopher Nolan,Sci-Fi,2008,152,High,PG-13,1,2018-12-09
2662,Up,Pixar,Pete Docter,Thriller,2009,96,Medium,PG,5,2021-06-16
1332,Schindler's List,Universal Pictures,Steven Spielberg,Action,1993,195,High,R,3,2018-12-25
322,The Empire Strikes Back,Lucasfilm,Irvin Kershner,Fantasy,1980,124,High,PG,4,2024-12-22
594,The Dark Knight,Warner Bros.,Christopher Nolan,Comedy,2008,152,High,PG-13,4,2022-01-31
2509,Mad Max: Fury Road,Warner Bros.,George Miller,Adventure,2015,120,Medium,R,4,2022-01-29
1408,Fight Club,20th Century Fox,David Fincher,Crime,1999,139,High,R,1,2016-10-25
1096,The Godfather,Paramount Pictures,Francis Ford Coppola,Adventure,1972,175,High,R,3,2022-12-19
1823,The Lord of the Rings: The Return of the King,New Line Cinema,Peter Jackson,Sci-Fi,2003,201,High,PG-13,3,2024-12-14
1845,Whiplash,Blumhouse Productions,Damien Chazelle,Adventure,2014,107,Medium,R,5,2020-11-03
2981,Pulp Fiction,Miramax,Quentin Tarantino,Action,1994,154,High,R,1,2016-05-27
684,The Godfather,Paramount Pictures,Francis Ford Coppola,Comedy,1972,175,High,R,1,2017-05-12
1939,The Dark Knight,Warner Bros.,Christopher Nolan,Crime,2008,152,High,PG-13,1,2025-07-04
341,Fight Club,20th Century Fox,David Fincher,Drama,1999,139,High,R,4,2020-11-16
2683,The Shawshank Redemption,Castle Rock Entertainment,Frank Darabont,Romance,1994,142,High,R,2,2015-12-12
1014,"Crouching Tiger, Hidden Dragon",Sony Pictures Classics,Ang Lee,Sci-Fi,2000,120,Medium,PG-13,3,2017-07-28
2158,Goodfellas,Warner Bros.,Martin Scorsese,Fantasy,1990,146,High,R,2,2016-06-21
1462,Parasite,CJ Entertainment,Bong Joon-ho,Drama,2019,132,High,R,1,2022-06-10
2215,La La Land,Summit Entertainment,Damien Chazelle,Adventure,2016,128,High,PG-13,4,2020-03-28
2858,"Crouching Tiger, Hidden Dragon",Sony Pictures Classics,Ang Lee,Animation,2000,120,Medium,PG-13,4,2016-07-07
2585,Inception,Warner Bros.,Christopher Nolan,Romance,2010,148,High,PG-13,5,2020-02-14
2621,Se7en,New Line Cinema,David Fincher,Romance,1995,127,High,R,4,2020-11-14
2211,The Silence of the Lambs,Orion Pictures,Jonathan Demme,Comedy,1991,118,Medium,R,3,2020-05-26
1499,The Godfather,Paramount Pictures,Francis Ford Coppola,Crime,1972,175,High,R,4,2018-06-15
1,Pulp Fiction,Miramax,Quentin Tarantino,Action,1994,154,High,R,3,2015-02-13
1922,Inception,Warner Bros.,Christopher Nolan,Action,2010,148,High,PG-13,3,2018-03-20
38,Inception,Warner Bros.,Christopher Nolan,Fantasy,2010,148,High,PG-13,4,2018-05-12
30,The Departed,Warner Bros.,Martin Scorsese,Comedy,2006,151,High,R,5,2017-08-05
2297,Fight Club,20th Century Fox,David Fincher,Thriller,1999,139,High,R,4,2024-11-22
2646,Pulp Fiction,Miramax,Quentin Tarantino,Thriller,1994,154,High,R,2,2023-01-07
325,The Dark Knight,Warner Bros.,Christopher Nolan,Sci-Fi,2008,152,High,PG-13,2,2017-12-13
2512,Pulp Fiction,Miramax,Quentin Tarantino,Thriller,1994,154,High,R,5,2023-07-29
2179,American Beauty,DreamWorks,Sam Mendes,Comedy,1999,122,High,R,3,2022-04-10
281,American Beauty,DreamWorks,Sam Mendes,Sci-Fi,1999,122,High,R,2,2024-07-27
1866,The Shawshank Redemption,Castle Rock Entertainment,Frank Darabont,Comedy,1994,142,High,R,1,2022-02-21
770,The Lord of the Rings: The Return of the King,New Line Cinema,Peter Jackson,Comedy,2003,201,High,PG-13,5,2020-07-08
2192,The Godfather,Paramount Pictures,Francis Ford Coppola,Action,1972,175,High,R,1,2025-11-15
513,The Shawshank Redemption,Castle Rock Entertainment,Frank Darabont,Crime,1994,142,High,R,3,2018-01-07
618,Gladiator,DreamWorks Pictures,Ridley Scott,Drama,2000,155,High,R,2,2016-01-05
1277,The Shawshank Redemption,Castle Rock Entertainment,Frank Darabont,Thriller,1994,142,High,R,3,2019-09-18
2855,The Prestige,Warner Bros.,Christopher Nolan,Fantasy,2006,130,High,PG-13,3,2020-03-14
599,The Prestige,Warner Bros.,Christopher Nolan,Adventure,2006,130,High,PG-13,1,2024-06-17
1926,The Shawshank Redemption,Castle Rock Entertainment,Frank Darabont,Sci-Fi,1994,142,High,R,1,2021-02-02
52,The Shawshank Redemption,Castle Rock Entertainment,Frank Darabont,Comedy,1994,142,High,R,4,2024-04-15
1815,The Shawshank Redemption,Castle Rock Entertainment,Frank Darabont,Thriller,1994,142,High,R,4,2023-08-25
385,The Godfather,Paramount Pictures,Francis Ford Coppola,Drama,1972,175,High,R,2,2020-03-02
2792,Inception,Warner Bros.,Christopher Nolan,Thriller,2010,148,High,PG-13,4,2019-05-13
2983,Toy Story,Pixar,John Lasseter,Adventure,1995,81,Low,G,2,2022-01-21
1038,The Shawshank Redemption,Castle Rock Entertainment,Frank Darabont,Animation,1994,142,High,R,5,2016-05-15
214,Forrest Gump,Paramount Pictures,Robert Zemeckis,Comedy,1994,142,High,PG-13,2,2019-01-16
2593,Mad Max: Fury Road,Warner Bros.,George Miller,Thriller,2015,120,Medium,R,1,2017-08-24
1131,Pulp Fiction,Miramax,Quentin Tarantino,Drama,1994,154,High,R,2,2023-11-28
173,The Matrix,Warner Bros.,Lana Wachowski,Sci-Fi,1999,136,High,R,2,2015-02-06
1522,The Matrix,Warner Bros.,Lana Wachowski,Fantasy,1999,136,High,R,5,2016-09-26
375,The Departed,Warner Bros.,Martin Scorsese,Thriller,2006,151,High,R,2,2020-08-09
1457,The Empire Strikes Back,Lucasfilm,Irvin Kershner,Adventure,1980,124,High,PG,1,2015-09-02
1999,The Silence of the Lambs,Orion Pictures,Jonathan Demme,Animation,1991,118,Medium,R,1,2016-05-30
1797,The Godfather,Paramount Pictures,Francis Ford Coppola,Animation,1972,175,High,R,3,2024-01-13
2968,Titanic,Paramount Pictures,James Cameron,Drama,1997,195,High,PG-13,4,2019-01-07
1793,The Shawshank Redemption,Castle Rock Entertainment,Frank Darabont,Drama,1994,142,High,R,4,2022-12-04
2322,Fight Club,20th Century Fox,David Fincher,Animation,1999,139,High,R,4,2017-02-16
1919,The Shawshank Redemption,Castle Rock Entertainment,Frank Darabont,Adventure,1994,142,High,R,3,2023-03-19
283,The Godfather,Paramount Pictures,Francis Ford Coppola,Romance,1972,175,High,R,5,2016-10-18
1079,Inception,Warner Bros.,Christopher Nolan,Fantasy,2010,148,High,PG-13,3,2024-03-10
2614,Inception,Warner Bros.,Christopher Nolan,Fantasy,2010,148,High,PG-13,1,2023-09-14
1492,Inception,Warner Bros.,Christopher Nolan,Action,2010,148,High,PG-13,1,2021-12-13
260,Whiplash,Blumhouse Productions,Damien Chazelle,Thriller,2014,107,Medium,R,3,2023-02-01
2147,Schindler's List,Universal Pictures,Steven Spielberg,Animation,1993,195,High,R,4,2017-02-16
1160,The Empire Strikes Back,Lucasfilm,Irvin Kershner,Animation,1980,124,High,PG,2,2021-11-16
2144,The Godfather,Paramount Pictures,Francis Ford Coppola,Adventure,1972,175,High,R,1,2016-01-30
129,Schindler's List,Universal Pictures,Steven Spielberg,Drama,1993,195,High,R,2,2017-01-01
131,The Shawshank Redemption,Castle Rock Entertainment,Frank Darabont,Fantasy,1994,142,High,R,2,2016-02-09
2556,Fight Club,20th Century Fox,David Fincher,Sci-Fi,1999,139,High,R,4,2020-11-23
905,Interstellar,Paramount Pictures,Christopher Nolan,Comedy,2014,169,High,PG-13,1,2019-02-09
855,The Lord of the Rings: The Return of the King,New Line Cinema,Peter Jackson,Crime,2003,201,High,PG-13,1,2025-06-07
2618,Schindler's List,Universal Pictures,Steven Spielberg,Crime,1993,195,High,R,4,2023-12-25
1512,The Shawshank Redemption,Castle Rock Entertainment,Frank Darabont,Animation,1994,142,High,R,4,2024-03-21
2167,The Prestige,Warner Bros.,Christopher Nolan,Drama,2006,130,High,PG-13,5,2017-12-24
885,The Shawshank Redemption,Castle Rock Entertainment,Frank Darabont,Crime,1994,142,High,R,3,2015-11-16
947,Toy Story,Pixar,John Lasseter,Crime,1995,81,Low,G,1,2023-02-18
2691,Inception,Warner Bros.,Christopher Nolan,Thriller,2010,148,High,PG-13,2,2020-11-25
2287,The Godfather,Paramount Pictures,Francis Ford Coppola,Action,1972,175,High,R,5,2023-05-27
2763,Pulp Fiction,Miramax,Quentin Tarantino,Crime,1994,154,High,R,5,2019-01-06
739,Pulp Fiction,Miramax,Quentin Tarantino,Sci-Fi,1994,154,High,R,1,2016-11-14
648,Fight Club,20th Century Fox,David Fincher,Animation,1999,139,High,R,3,2022-05-17
1444,Inception,Warner Bros.,Christopher Nolan,Romance,2010,148,High,PG-13,4,2025-06-20
1523,There Will Be Blood,Paramount Vantage,Paul Thomas Anderson,Animation,2007,158,High,R,3,2024-06-22
986,Pulp Fiction,Miramax,Quentin Tarantino,Sci-Fi,1994,154,High,R,3,2021-10-28
2254,Fight Club,20th Century Fox,David Fincher,Thriller,1999,139,High,R,4,2023-08-03
1854,Blade Runner 2049,Warner Bros.,Denis Villeneuve,Comedy,2017,164,High,R,3,2025-10-13
142,Pulp Fiction,Miramax,Quentin Tarantino,Sci-Fi,1994,154,High,R,1,2023-02-22
554,The Usual Suspects,Gramercy Pictures,Bryan Singer,Romance,1995,106,Medium,R,1,2020-10-21
909,Django Unchained,Columbia Pictures,Quentin Tarantino,Comedy,2012,165,High,R,1,2018-05-15
2826,The Shawshank Redemption,Castle Rock Entertainment,Frank Darabont,Adventure,1994,142,High,R,1,2023-08-27
2338,The Lion King,Walt Disney Pictures,Roger Allers,Animation,1994,88,Low,G,5,2021-03-28
1886,Blade Runner 2049,Warner Bros.,Denis Villeneuve,Action,2017,164,High,R,1,2015-06-04
2385,The Dark Knight,Warner Bros.,Christopher Nolan,Action,2008,152,High,PG-13,3,2019-02-12
2337,The Godfather,Paramount Pictures,Francis Ford Coppola,Comedy,1972,175,High,R,3,2016-01-12
1330,The Dark Knight,Warner Bros.,Christopher Nolan,Thriller,2008,152,High,PG-13,1,2023-02-11
2825,The Prestige,Warner Bros.,Christopher Nolan,Action,2006,130,High,PG-13,4,2024-04-05
1231,Interstellar,Paramount Pictures,Christopher Nolan,Crime,2014,169,High,PG-13,5,2022-03-15
230,The Shawshank Redemption,Castle Rock Entertainment,Frank Darabont,Romance,1994,142,High,R,4,2015-11-18
1779,The Truman Show,Paramount Pictures,Peter Weir,Adventure,1998,103,Medium,PG,3,2024-11-12
2674,Pulp Fiction,Miramax,Quentin Tarantino,Crime,1994,154,High,R,2,2023-05-21
1249,The Social Network,Columbia Pictures,David Fincher,Drama,2010,120,Medium,PG-13,4,2015-08-10
613,Inception,Warner Bros.,Christopher Nolan,Adventure,2010,148,High,PG-13,5,2021-05-02
2760,The Godfather,Paramount Pictures,Francis Ford Coppola,Thriller,1972,175,High,R,2,2015-07-26
2438,Titanic,Paramount Pictures,James Cameron,Sci-Fi,1997,195,High,PG-13,4,2023-06-11
1187,The Matrix,Warner Bros.,Lana Wachowski,Crime,1999,136,High,R,2,2019-11-05
339,The Prestige,Warner Bros.,Christopher Nolan,Action,2006,130,High,PG-13,2,2018-10-08
1076,Forrest Gump,Paramount Pictures,Robert Zemeckis,Drama,1994,142,High,PG-13,5,2019-06-24
2859,The Shawshank Redemption,Castle Rock Entertainment,Frank Darabont,Animation,1994,142,High,R,4,2023-09-05
812,The Shawshank Redemption,Castle Rock Entertainment,Frank Darabont,Action,1994,142,High,R,4,2021-04-09
2524,Forrest Gump,Paramount Pictures,Robert Zemeckis,Romance,1994,142,High,PG-13,2,2021-04-17
294,The Avengers,Marvel Studios,Joss Whedon,Animation,2012,143,High,PG-13,2,2017-09-19
2360,The Godfather,Paramount Pictures,Francis Ford Coppola,Sci-Fi,1972,175,High,R,3,2022-09-05
1427,The Shawshank Redemption,Castle Rock Entertainment,Frank Darabont,Sci-Fi,1994,142,High,R,4,2019-02-05
100,The Shawshank Redemption,Castle Rock Entertainment,Frank Darabont,Adventure,1994,142,High,R,5,2022-05-08
1812,The Departed,Warner Bros.,Martin Scorsese,Action,2006,151,High,R,3,2021-11-29
957,The Lord of the Rings: The Return of the King,New Line Cinema,Peter Jackson,Fantasy,2003,201,High,PG-13,1,2025-05-13
2984,The Shawshank Redemption,Castle Rock Entertainment,Frank Darabont,Adventure,1994,142,High,R,2,2023-07-01
2544,The Social Network,Columbia Pictures,David Fincher,Crime,2010,120,Medium,PG-13,1,2017-09-22
2842,Blade Runner 2049,Warner Bros.,Denis Villeneuve,Comedy,2017,164,High,R,1,2018-11-07
94,Saving Private Ryan,DreamWorks/Amblin,Steven Spielberg,Comedy,1998,169,High,R,4,2020-04-13
2239,The Godfather,Paramount Pictures,Francis Ford Coppola,Animation,1972,175,High,R,2,2017-04-14
2552,Inception,Warner Bros.,Christopher Nolan,Comedy,2010,148,High,PG-13,5,2020-06-01
2388,Titanic,Paramount Pictures,James Cameron,Action,1997,195,High,PG-13,1,2019-03-23
698,Avengers: Endgame,Marvel Studios,Anthony Russo,Animation,2019,181,High,PG-13,1,2017-11-12
218,The Shawshank Redemption,Castle Rock Entertainment,Frank Darabont,Thriller,1994,142,High,R,5,2018-01-16
2705,Forrest Gump,Paramount Pictures,Robert Zemeckis,Drama,1994,142,High,PG-13,1,2019-05-11
1199,The Godfather,Paramount Pictures,Francis Ford Coppola,Adventure,1972,175,High,R,1,2015-03-20
1560,Mad Max: Fury Road,Warner Bros.,George Miller,Sci-Fi,2015,120,Medium,R,2,2025-12-27
2446,Inception,Warner Bros.,Christopher Nolan,Crime,2010,148,High,PG-13,3,2020-06-08
1876,Inception,Warner Bros.,Christopher Nolan,Action,2010,148,High,PG-13,2,2020-08-12
2169,Fight Club,20th Century Fox,David Fincher,Drama,1999,139,High,R,1,2017-10-10
644,The Godfather,Paramount Pictures,Francis Ford Coppola,Fantasy,1972,175,High,R,4,2023-05-08
1239,The Shawshank Redemption,Castle Rock Entertainment,Frank Darabont,Adventure,1994,142,High,R,3,2022-01-04
254,The Godfather,Paramount Pictures,Francis Ford Coppola,Animation,1972,175,High,R,3,2024-02-08
2274,The Lord of the Rings: The Return of the King,New Line Cinema,Peter Jackson,Sci-Fi,2003,201,High,PG-13,1,2025-08-03
1610,Alien,20th Century Fox,Ridley Scott,Thriller,1979,117,Medium,R,2,2018-10-31
2778,Schindler's List,Universal Pictures,Steven Spielberg,Crime,1993,195,High,R,4,2020-11-02
2347,The Lord of the Rings: The Return of the King,New Line Cinema,Peter Jackson,Thriller,2003,201,High,PG-13,4,2017-09-11
1840,The Shawshank Redemption,Castle Rock Entertainment,Frank Darabont,Comedy,1994,142,High,R,5,2018-09-10
2218,Fight Club,20th Century Fox,David Fincher,Thriller,1999,139,High,R,2,2021-07-07
2821,The Empire Strikes Back,Lucasfilm,Irvin Kershner,Thriller,1980,124,High,PG,2,2018-06-19
595,Gladiator,DreamWorks Pictures,Ridley Scott,Animation,2000,155,High,R,2,2019-10-28
278,Schindler's List,Universal Pictures,Steven Spielberg,Romance,1993,195,High,R,2,2018-07-24
597,Fight Club,20th Century Fox,David Fincher,Crime,1999,139,High,R,2,2018-07-24
1685,Titanic,Paramount Pictures,James Cameron,Adventure,1997,195,High,PG-13,4,2025-10-12
770,The Godfather,Paramount Pictures,Francis Ford Coppola,Comedy,1972,175,High,R,2,2023-09-27
2507,The Shawshank Redemption,Castle Rock Entertainment,Frank Darabont,Action,1994,142,High,R,1,2023-07-20
946,The Lord of the Rings: The Return of the King,New Line Cinema,Peter Jackson,Romance,2003,201,High,PG-13,5,2021-11-13
326,The Matrix,Warner Bros.,Lana Wachowski,Thriller,1999,136,High,R,1,2019-01-11
2477,Interstellar,Paramount Pictures,Christopher Nolan,Fantasy,2014,169,High,PG-13,2,2020-08-19
1588,Forrest Gump,Paramount Pictures,Robert Zemeckis,Adventure,1994,142,High,PG-13,2,2024-07-22
927,Forrest Gump,Paramount Pictures,Robert Zemeckis,Action,1994,142,High,PG-13,2,2017-03-02
1692,The Shawshank Redemption,Castle Rock Entertainment,Frank Darabont,Drama,1994,142,High,R,3,2025-08-28
726,The Godfather,Paramount Pictures,Francis Ford Coppola,Thriller,1972,175,High,R,2,2015-09-28
2818,Blade Runner 2049,Warner Bros.,Denis Villeneuve,Fantasy,2017,164,High,R,5,2020-06-29
1659,The Godfather,Paramount Pictures,Francis Ford Coppola,Fantasy,1972,175,High,R,2,2019-10-18
1282,Whiplash,Blumhouse Productions,Damien Chazelle,Romance,2014,107,Medium,R,4,2023-01-28
2152,The Dark Knight,Warner Bros.,Christopher Nolan,Romance,2008,152,High,PG-13,5,2021-01-05
1850,The Silence of the Lambs,Orion Pictures,Jonathan Demme,Drama,1991,118,Medium,R,5,2016-03-23
2204,Pulp Fiction,Miramax,Quentin Tarantino,Drama,1994,154,High,R,2,2020-10-25
2115,The Dark Knight,Warner Bros.,Christopher Nolan,Drama,2008,152,High,PG-13,5,2019-05-06
1801,The Departed,Warner Bros.,Martin Scorsese,Drama,2006,151,High,R,2,2018-04-07
682,The Dark Knight,Warner Bros.,Christopher Nolan,Comedy,2008,152,High,PG-13,3,2020-03-04
2118,Pulp Fiction,Miramax,Quentin Tarantino,Romance,1994,154,High,R,1,2022-09-27
2960,There Will Be Blood,Paramount Vantage,Paul Thomas Anderson,Fantasy,2007,158,High,R,4,2016-01-06
2852,Forrest Gump,Paramount Pictures,Robert Zemeckis,Action,1994,142,High,PG-13,5,2025-07-08
1847,Fight Club,20th Century Fox,David Fincher,Sci-Fi,1999,139,High,R,4,2018-08-17
2919,The Shawshank Redemption,Castle Rock Entertainment,Frank Darabont,Fantasy,1994,142,High,R,5,2025-01-20
1328,No Country for Old Men,Mirage Enterprises,Ethan Coen,Fantasy,2007,122,High,R,1,2017-10-21
468,Interstellar,Paramount Pictures,Christopher Nolan,Action,2014,169,High,PG-13,1,2016-01-09
2898,Gladiator,DreamWorks Pictures,Ridley Scott,Adventure,2000,155,High,R,1,2020-11-15
655,The Dark Knight,Warner Bros.,Christopher Nolan,Animation,2008,152,High,PG-13,5,2025-08-26
700,The Dark Knight,Warner Bros.,Christopher Nolan,Sci-Fi,2008,152,High,PG-13,1,2023-08-13
593,Joker,Warner Bros.,Todd Phillips,Romance,2019,122,High,R,2,2016-10-26
1268,The Shawshank Redemption,Castle Rock Entertainment,Frank Darabont,Drama,1994,142,High,R,4,2018-06-15
741,Titanic,Paramount Pictures,James Cameron,Fantasy,1997,195,High,PG-13,3,2022-01-09
2551,The Shawshank Redemption,Castle Rock Entertainment,Frank Darabont,Action,1994,142,High,R,2,2015-01-15
2043,The Departed,Warner Bros.,Martin Scorsese,Drama,2006,151,High,R,4,2020-07-31
2022,Fight Club,20th Century Fox,David Fincher,Drama,1999,139,High,R,5,2024-11-24
1680,The Godfather,Paramount Pictures,Francis Ford Coppola,Romance,1972,175,High,R,4,2020-02-02
1003,Pulp Fiction,Miramax,Quentin Tarantino,Romance,1994,154,High,R,5,2015-01-27
2284,The Grand Budapest Hotel,Fox Searchlight,Wes Anderson,Comedy,2014,99,Medium,R,5,2022-01-18
608,The Lion King,Walt Disney Pictures,Roger Allers,Thriller,1994,88,Low,G,1,2017-01-27
133,The Shawshank Redemption,Castle Rock Entertainment,Frank Darabont,Adventure,1994,142,High,R,1,2016-08-18
360,Schindler's List,Universal Pictures,Steven Spielberg,Romance,1993,195,High,R,3,2018-09-18
2753,The Shawshank Redemption,Castle Rock Entertainment,Frank Darabont,Sci-Fi,1994,142,High,R,2,2016-10-22
2303,The Godfather,Paramount Pictures,Francis Ford Coppola,Romance,1972,175,High,R,5,2023-10-30
147,The Shawshank Redemption,Castle Rock Entertainment,Frank Darabont,Fantasy,1994,142,High,R,5,2019-01-15
1553,The Shawshank Redemption,Castle Rock Entertainment,Frank Darabont,Comedy,1994,142,High,R,3,2019-02-18
1200,The Lion King,Walt Disney Pictures,Roger Allers,Sci-Fi,1994,88,Low,G,5,2015-09-23
2159,Forrest Gump,Paramount Pictures,Robert Zemeckis,Crime,1994,142,High,PG-13,3,2018-09-10
239,Pulp Fiction,Miramax,Quentin Tarantino,Thriller,1994,154,High,R,2,2021-11-11
2966,The Shawshank Redemption,Castle Rock Entertainment,Frank Darabont,Animation,1994,142,High,R,1,2020-06-04
1297,Interstellar,Paramount Pictures,Christopher Nolan,Comedy,2014,169,High,PG-13,4,2021-10-29
532,The Godfather,Paramount Pictures,Francis Ford Coppola,Romance,1972,175,High,R,5,2018-12-20
2589,The Lord of the Rings: The Return of the King,New Line Cinema,Peter Jackson,Fantasy,2003,201,High,PG-13,5,2023-03-06
2903,Forrest Gump,Paramount Pictures,Robert Zemeckis,Action,1994,142,High,PG-13,5,2017-08-11
99,The Godfather,Paramount Pictures,Francis Ford Coppola,Thriller,1972,175,High,R,1,2016-04-29
2521,Forrest Gump,Paramount Pictures,Robert Zemeckis,Crime,1994,142,High,PG-13,2,2023-12-20
1433,The Avengers,Marvel Studios,Joss Whedon,Sci-Fi,2012,143,High,PG-13,1,2018-09-29
825,Fight Club,20th Century Fox,David Fincher,Thriller,1999,139,High,R,1,2022-03-08
1230,Interstellar,Paramount Pictures,Christopher Nolan,Comedy,2014,169,High,PG-13,1,2018-06-14
2810,Inception,Warner Bros.,Christopher Nolan,Adventure,2010,148,High,PG-13,1,2016-04-11
120,The Dark Knight,Warner Bros.,Christopher Nolan,Sci-Fi,2008,152,High,PG-13,5,2021-11-28
1385,Back to the Future,Universal Pictures,Robert Zemeckis,Thriller,1985,116,Medium,PG,3,2024-05-08
146,The Truman Show,Paramount Pictures,Peter Weir,Fantasy,1998,103,Medium,PG,4,2023-12-10
1887,The Silence of the Lambs,Orion Pictures,Jonathan Demme,Fantasy,1991,118,Medium,R,2,2022-01-13
1696,No Country for Old Men,Mirage Enterprises,Ethan Coen,Animation,2007,122,High,R,3,2020-03-09
2315,Blade Runner 2049,Warner Bros.,Denis Villeneuve,Drama,2017,164,High,R,5,2018-05-11
77,Titanic,Paramount Pictures,James Cameron,Adventure,1997,195,High,PG-13,5,2021-01-03
612,The Shawshank Redemption,Castle Rock Entertainment,Frank Darabont,Adventure,1994,142,High,R,3,2015-09-29
2567,The Godfather,Paramount Pictures,Francis Ford Coppola,Drama,1972,175,High,R,3,2019-03-17
1596,Inception,Warner Bros.,Christopher Nolan,Action,2010,148,High,PG-13,5,2021-10-16
1289,The Shawshank Redemption,Castle Rock Entertainment,Frank Darabont,Crime,1994,142,High,R,3,2022-11-28
2036,Gladiator,DreamWorks Pictures,Ridley Scott,Comedy,2000,155,High,R,4,2015-12-22
1240,The Grand Budapest Hotel,Fox Searchlight,Wes Anderson,Adventure,2014,99,Medium,R,4,2024-04-20
1533,The Shawshank Redemption,Castle Rock Entertainment,Frank Darabont,Comedy,1994,142,High,R,2,2016-04-04
2073,Whiplash,Blumhouse Productions,Damien Chazelle,Thriller,2014,107,Medium,R,1,2019-12-23
780,The Shawshank Redemption,Castle Rock Entertainment,Frank Darabont,Fantasy,1994,142,High,R,5,2016-09-23
1341,The Dark Knight,Warner Bros.,Christopher Nolan,Fantasy,2008,152,High,PG-13,5,2018-06-25
544,The Shawshank Redemption,Castle Rock Entertainment,Frank Darabont,Crime,1994,142,High,R,5,2022-08-03
2924,The Shawshank Redemption,Castle Rock Entertainment,Frank Darabont,Drama,1994,142,High,R,4,2019-05-07
181,Mad Max: Fury Road,Warner Bros.,George Miller,Crime,2015,120,Medium,R,1,2018-06-27
1913,Interstellar,Paramount Pictures,Christopher Nolan,Romance,2014,169,High,PG-13,1,2018-09-27
2700,Moonlight,A24,Barry Jenkins,Crime,2016,111,Medium,R,5,2023-08-05
1279,Goodfellas,Warner Bros.,Martin Scorsese,Drama,1990,146,High,R,5,2023-07-04
789,The Silence of the Lambs,Orion Pictures,Jonathan Demme,Thriller,1991,118,Medium,R,3,2017-04-01
1807,The Godfather,Paramount Pictures,Francis Ford Coppola,Animation,1972,175,High,R,3,2023-09-01
1121,The Empire Strikes Back,Lucasfilm,Irvin Kershner,Comedy,1980,124,High,PG,2,2016-10-07
420,The Shawshank Redemption,Castle Rock Entertainment,Frank Darabont,Romance,1994,142,High,R,5,2020-10-06
1111,The Shawshank Redemption,Castle Rock Entertainment,Frank Darabont,Adventure,1994,142,High,R,5,2018-07-28
702,The Shawshank Redemption,Castle Rock Entertainment,Frank Darabont,Comedy,1994,142,High,R,5,2017-09-29
1818,The Shawshank Redemption,Castle Rock Entertainment,Frank Darabont,Romance,1994,142,High,R,3,2021-01-23
2767,The Shawshank Redemption,Castle Rock Entertainment,Frank Darabont,Drama,1994,142,High,R,4,2025-02-16
1747,The Shawshank Redemption,Castle Rock Entertainment,Frank Darabont,Sci-Fi,1994,142,High,R,1,2015-12-19
2827,The Dark Knight,Warner Bros.,Christopher Nolan,Romance,2008,152,High,PG-13,5,2022-01-22
1362,Interstellar,Paramount Pictures,Christopher Nolan,Romance,2014,169,High,PG-13,3,2018-07-03
1908,The Lion King,Walt Disney Pictures,Roger Allers,Animation,1994,88,Low,G,1,2025-12-02
1867,Fight Club,20th Century Fox,David Fincher,Crime,1999,139,High,R,4,2016-02-03
917,The Godfather,Paramount Pictures,Francis Ford Coppola,Fantasy,1972,175,High,R,4,2017-08-07
1489,The Shawshank Redemption,Castle Rock Entertainment,Frank Darabont,Romance,1994,142,High,R,3,2025-03-28
1997,The Dark Knight,Warner Bros.,Christopher Nolan,Adventure,2008,152,High,PG-13,3,2020-01-31
1961,The Shawshank Redemption,Castle Rock Entertainment,Frank Darabont,Fantasy,1994,142,High,R,1,2018-12-10
1428,Forrest Gump,Paramount Pictures,Robert Zemeckis,Action,1994,142,High,PG-13,3,2023-08-12
1662,The Lord of the Rings: The Return of the King,New Line Cinema,Peter Jackson,Action,2003,201,High,PG-13,5,2016-02-26
2661,The Lion King,Walt Disney Pictures,Roger Allers,Crime,1994,88,Low,G,3,2021-03-27
1642,The Shawshank Redemption,Castle Rock Entertainment,Frank Darabont,Comedy,1994,142,High,R,5,2020-03-03
2245,The Matrix,Warner Bros.,Lana Wachowski,Thriller,1999,136,High,R,5,2017-09-25
1396,The Shawshank Redemption,Castle Rock Entertainment,Frank Darabont,Fantasy,1994,142,High,R,4,2015-09-28
1784,The Shawshank Redemption,Castle Rock Entertainment,Frank Darabont,Romance,1994,142,High,R,4,2023-10-18
968,Fight Club,20th Century Fox,David Fincher,Adventure,1999,139,High,R,5,2022-10-14
1994,The Shawshank Redemption,Castle Rock Entertainment,Frank Darabont,Crime,1994,142,High,R,5,2024-05-20
2274,The Shawshank Redemption,Castle Rock Entertainment,Frank Darabont,Romance,1994,142,High,R,4,2018-08-25
1663,The Shawshank Redemption,Castle Rock Entertainment,Frank Darabont,Fantasy,1994,142,High,R,2,2018-06-15
1553,The Shawshank Redemption,Castle Rock Entertainment,Frank Darabont,Crime,1994,142,High,R,5,2023-08-26
570,The Godfather,Paramount Pictures,Francis Ford Coppola,Drama,1972,175,High,R,1,2017-06-10
612,Moonlight,A24,Barry Jenkins,Drama,2016,111,Medium,R,2,2022-05-30
2368,Pulp Fiction,Miramax,Quentin Tarantino,Comedy,1994,154,High,R,4,2021-11-26
2336,Pulp Fiction,Miramax,Quentin Tarantino,Thriller,1994,154,High,R,3,2018-05-12
1411,The Prestige,Warner Bros.,Christopher Nolan,Comedy,2006,130,High,PG-13,4,2023-01-19
2091,Heat,Warner Bros.,Michael Mann,Romance,1995,170,High,R,1,2021-11-09
1513,The Dark Knight,Warner Bros.,Christopher Nolan,Action,2008,152,High,PG-13,3,2015-09-13
2294,There Will Be Blood,Paramount Vantage,Paul Thomas Anderson,Drama,2007,158,High,R,1,2022-11-20
1156,The Lion King,Walt Disney Pictures,Roger Allers,Adventure,1994,88,Low,G,1,2024-08-28
2418,Mad Max: Fury Road,Warner Bros.,George Miller,Thriller,2015,120,Medium,R,4,2022-11-16
1563,The Dark Knight,Warner Bros.,Christopher Nolan,Adventure,2008,152,High,PG-13,4,2019-07-22
570,Pulp Fiction,Miramax,Quentin Tarantino,Thriller,1994,154,High,R,2,2020-04-29
1709,The Shawshank Redemption,Castle Rock Entertainment,Frank Darabont,Sci-Fi,1994,142,High,R,3,2024-06-02
294,The Shawshank Redemption,Castle Rock Entertainment,Frank Darabont,Action,1994,142,High,R,2,2015-02-17
1789,Schindler's List,Universal Pictures,Steven Spielberg,Action,1993,195,High,R,4,2022-05-18
2631,Inside Out,Pixar,Pete Docter,Action,2015,95,Medium,PG,1,2016-07-16
1744,Saving Private Ryan,DreamWorks/Amblin,Steven Spielberg,Fantasy,1998,169,High,R,5,2025-06-07
2262,The Lord of the Rings: The Return of the King,New Line Cinema,Peter Jackson,Fantasy,2003,201,High,PG-13,5,2019-10-04
762,The Lion King,Walt Disney Pictures,Roger Allers,Sci-Fi,1994,88,Low,G,3,2017-07-13
2994,Pulp Fiction,Miramax,Quentin Tarantino,Drama,1994,154,High,R,5,2020-08-02
2238,The Godfather,Paramount Pictures,Francis Ford Coppola,Animation,1972,175,High,R,3,2019-08-10
1980,The Matrix,Warner Bros.,Lana Wachowski,Drama,1999,136,High,R,1,2021-05-16
2829,Gladiator,DreamWorks Pictures,Ridley Scott,Crime,2000,155,High,R,5,2020-05-26
2118,The Shawshank Redemption,Castle Rock Entertainment,Frank Darabont,Animation,1994,142,High,R,3,2020-03-19
1936,The Shawshank Redemption,Castle Rock Entertainment,Frank Darabont,Romance,1994,142,High,R,1,2017-10-01
2375,The Silence of the Lambs,Orion Pictures,Jonathan Demme,Crime,1991,118,Medium,R,5,2023-12-14
45,The Godfather,Paramount Pictures,Francis Ford Coppola,Drama,1972,175,High,R,3,2020-12-31
1358,Forrest Gump,Paramount Pictures,Robert Zemeckis,Animation,1994,142,High,PG-13,4,2021-06-08
145,Pulp Fiction,Miramax,Quentin Tarantino,Comedy,1994,154,High,R,3,2016-11-17
2309,Interstellar,Paramount Pictures,Christopher Nolan,Romance,2014,169,High,PG-13,3,2023-02-25
2347,The Godfather,Paramount Pictures,Francis Ford Coppola,Fantasy,1972,175,High,R,5,2016-11-23
1175,The Shawshank Redemption,Castle Rock Entertainment,Frank Darabont,Comedy,1994,142,High,R,5,2015-04-22
1139,Forrest Gump,Paramount Pictures,Robert Zemeckis,Action,1994,142,High,PG-13,5,2015-11-11
1053,The Godfather,Paramount Pictures,Francis Ford Coppola,Romance,1972,175,High,R,3,2018-02-01
2424,The Shawshank Redemption,Castle Rock Entertainment,Frank Darabont,Crime,1994,142,High,R,5,2016-12-16
719,Goodfellas,Warner Bros.,Martin Scorsese,Fantasy,1990,146,High,R,3,2024-01-22
2161,The Godfather,Paramount Pictures,Francis Ford Coppola,Thriller,1972,175,High,R,4,2017-01-10
595,Mad Max: Fury Road,Warner Bros.,George Miller,Adventure,2015,120,Medium,R,1,2025-11-06
1692,The Matrix,Warner Bros.,Lana Wachowski,Action,1999,136,High,R,4,2023-06-11
2612,The Departed,Warner Bros.,Martin Scorsese,Thriller,2006,151,High,R,4,2023-02-21
2631,The Shawshank Redemption,Castle Rock Entertainment,Frank Darabont,Romance,1994,142,High,R,3,2015-08-11
1901,The Godfather,Paramount Pictures,Francis Ford Coppola,Crime,1972,175,High,R,1,2016-11-17
2182,The Dark Knight,Warner Bros.,Christopher Nolan,Comedy,2008,152,High,PG-13,4,2023-05-15
595,The Godfather,Paramount Pictures,Francis Ford Coppola,Sci-Fi,1972,175,High,R,4,2017-12-11
1839,Inception,Warner Bros.,Christopher Nolan,Sci-Fi,2010,148,High,PG-13,1,2018-03-28
169,The Dark Knight,Warner Bros.,Christopher Nolan,Adventure,2008,152,High,PG-13,5,2022-08-29
1769,The Shawshank Redemption,Castle Rock Entertainment,Frank Darabont,Animation,1994,142,High,R,3,2025-09-21
1094,The Lord of the Rings: The Return of the King,New Line Cinema,Peter Jackson,Comedy,2003,201,High,PG-13,3,2018-01-12
1889,Saving Private Ryan,DreamWorks/Amblin,Steven Spielberg,Comedy,1998,169,High,R,5,2019-05-22
799,The Departed,Warner Bros.,Martin Scorsese,Thriller,2006,151,High,R,5,2023-08-22
44,Inception,Warner Bros.,Christopher Nolan,Action,2010,148,High,PG-13,3,2021-02-21
401,The Empire Strikes Back,Lucasfilm,Irvin Kershner,Crime,1980,124,High,PG,1,2019-08-12
2971,Inception,Warner Bros.,Christopher Nolan,Fantasy,2010,148,High,PG-13,3,2017-06-17
2538,The Godfather,Paramount Pictures,Francis Ford Coppola,Thriller,1972,175,High,R,1,2015-04-08
2456,The Shawshank Redemption,Castle Rock Entertainment,Frank Darabont,Romance,1994,142,High,R,2,2025-08-29
2477,The Silence of the Lambs,Orion Pictures,Jonathan Demme,Crime,1991,118,Medium,R,1,2024-08-08
455,The Shawshank Redemption,Castle Rock Entertainment,Frank Darabont,Romance,1994,142,High,R,2,2025-01-18
2706,Interstellar,Paramount Pictures,Christopher Nolan,Comedy,2014,169,High,PG-13,3,2020-03-27
1749,The Pianist,Focus Features,Roman Polanski,Fantasy,2002,150,High,R,3,2023-08-18
304,Interstellar,Paramount Pictures,Christopher Nolan,Adventure,2014,169,High,PG-13,3,2016-10-25
1363,The Godfather,Paramount Pictures,Francis Ford Coppola,Drama,1972,175,High,R,4,2019-05-11
1805,The Avengers,Marvel Studios,Joss Whedon,Comedy,2012,143,High,PG-13,3,2016-12-29
731,The Shawshank Redemption,Castle Rock Entertainment,Frank Darabont,Thriller,1994,142,High,R,5,2019-05-28
1767,The Silence of the Lambs,Orion Pictures,Jonathan Demme,Crime,1991,118,Medium,R,2,2021-01-23
1061,The Shawshank Redemption,Castle Rock Entertainment,Frank Darabont,Crime,1994,142,High,R,4,2023-01-09
2981,The Shawshank Redemption,Castle Rock Entertainment,Frank Darabont,Crime,1994,142,High,R,1,2021-05-29
2039,The Godfather,Paramount Pictures,Francis Ford Coppola,Fantasy,1972,175,High,R,1,2025-01-20
1600,The Shawshank Redemption,Castle Rock Entertainment,Frank Darabont,Drama,1994,142,High,R,1,2022-06-15
16,The Godfather,Paramount Pictures,Francis Ford Coppola,Adventure,1972,175,High,R,4,2021-06-11
1655,Inception,Warner Bros.,Christopher Nolan,Fantasy,2010,148,High,PG-13,4,2019-11-22
14,Parasite,CJ Entertainment,Bong Joon-ho,Crime,2019,132,High,R,5,2017-07-14
2193,The Dark Knight,Warner Bros.,Christopher Nolan,Fantasy,2008,152,High,PG-13,1,2021-05-12
1241,"Crouching Tiger, Hidden Dragon",Sony Pictures Classics,Ang Lee,Adventure,2000,120,Medium,PG-13,3,2022-08-24
1393,The Dark Knight,Warner Bros.,Christopher Nolan,Crime,2008,152,High,PG-13,3,2020-12-29
832,The Shawshank Redemption,Castle Rock Entertainment,Frank Darabont,Fantasy,1994,142,High,R,3,2022-04-07
783,The Shawshank Redemption,Castle Rock Entertainment,Frank Darabont,Drama,1994,142,High,R,4,2022-05-30
2822,The Godfather,Paramount Pictures,Francis Ford Coppola,Sci-Fi,1972,175,High,R,1,2022-01-27
777,The Dark Knight,Warner Bros.,Christopher Nolan,Crime,2008,152,High,PG-13,4,2023-03-31
2429,The Shawshank Redemption,Castle Rock Entertainment,Frank Darabont,Thriller,1994,142,High,R,1,2023-01-27
2215,The Godfather,Paramount Pictures,Francis Ford Coppola,Sci-Fi,1972,175,High,R,1,2023-11-22
1841,The Silence of the Lambs,Orion Pictures,Jonathan Demme,Fantasy,1991,118,Medium,R,5,2025-10-27
230,Up,Pixar,Pete Docter,Drama,2009,96,Medium,PG,1,2018-10-21
868,The Dark Knight,Warner Bros.,Christopher Nolan,Drama,2008,152,High,PG-13,4,2016-04-29
2778,American Beauty,DreamWorks,Sam Mendes,Animation,1999,122,High,R,4,2025-07-17
2374,The Green Mile,Castle Rock Entertainment,Frank Darabont,Animation,1999,189,High,R,2,2023-04-24
580,The Godfather,Paramount Pictures,Francis Ford Coppola,Crime,1972,175,High,R,1,2023-04-01
2533,Forrest Gump,Paramount Pictures,Robert Zemeckis,Drama,1994,142,High,PG-13,4,2025-03-04
2592,The Shawshank Redemption,Castle Rock Entertainment,Frank Darabont,Action,1994,142,High,R,1,2016-12-06
2504,The Shawshank Redemption,Castle Rock Entertainment,Frank Darabont,Comedy,1994,142,High,R,1,2020-02-12
436,The Shawshank Redemption,Castle Rock Entertainment,Frank Darabont,Romance,1994,142,High,R,1,2024-03-03
259,The Shawshank Redemption,Castle Rock Entertainment,Frank Darabont,Romance,1994,142,High,R,5,2017-06-22
2779,Saving Private Ryan,DreamWorks/Amblin,Steven Spielberg,Sci-Fi,1998,169,High,R,3,2024-02-06
563,The Dark Knight,Warner Bros.,Christopher Nolan,Crime,2008,152,High,PG-13,5,2021-02-13
711,The Godfather,Paramount Pictures,Francis Ford Coppola,Thriller,1972,175,High,R,1,2021-08-26
1701,The Dark Knight,Warner Bros.,Christopher Nolan,Crime,2008,152,High,PG-13,3,2016-08-01
1797,The Shawshank Redemption,Castle Rock Entertainment,Frank Darabont,Adventure,1994,142,High,R,5,2016-11-06
410,The Godfather,Paramount Pictures,Francis Ford Coppola,Romance,1972,175,High,R,1,2016-06-30
647,The Prestige,Warner Bros.,Christopher Nolan,Romance,2006,130,High,PG-13,4,2023-09-21
30,The Shawshank Redemption,Castle Rock Entertainment,Frank Darabont,Fantasy,1994,142,High,R,1,2015-01-27
1163,The Shawshank Redemption,Castle Rock Entertainment,Frank Darabont,Crime,1994,142,High,R,5,2024-12-11
587,Pulp Fiction,Miramax,Quentin Tarantino,Fantasy,1994,154,High,R,2,2017-04-24
980,The Silence of the Lambs,Orion Pictures,Jonathan Demme,Animation,1991,118,Medium,R,4,2019-08-15
738,The Pianist,Focus Features,Roman Polanski,Romance,2002,150,High,R,1,2021-09-08
1234,Gladiator,DreamWorks Pictures,Ridley Scott,Romance,2000,155,High,R,1,2022-01-12
787,The Dark Knight,Warner Bros.,Christopher Nolan,Drama,2008,152,High,PG-13,5,2017-08-23
1483,The Shawshank Redemption,Castle Rock Entertainment,Frank Darabont,Animation,1994,142,High,R,1,2021-12-10
1902,Mad Max: Fury Road,Warner Bros.,George Miller,Animation,2015,120,Medium,R,5,2017-06-17
794,The Departed,Warner Bros.,Martin Scorsese,Thriller,2006,151,High,R,3,2015-08-06
723,The Shawshank Redemption,Castle Rock Entertainment,Frank Darabont,Action,1994,142,High,R,4,2020-07-30
1492,The Shawshank Redemption,Castle Rock Entertainment,Frank Darabont,Drama,1994,142,High,R,1,2022-03-26
2527,The Godfather,Paramount Pictures,Francis Ford Coppola,Sci-Fi,1972,175,High,R,3,2018-10-01
215,Saving Private Ryan,DreamWorks/Amblin,Steven Spielberg,Fantasy,1998,169,High,R,1,2016-03-03
120,Blade Runner 2049,Warner Bros.,Denis Villeneuve,Action,2017,164,High,R,2,2023-10-23
964,Forrest Gump,Paramount Pictures,Robert Zemeckis,Crime,1994,142,High,PG-13,1,2025-01-14
1717,Titanic,Paramount Pictures,James Cameron,Romance,1997,195,High,PG-13,5,2018-08-28
452,The Shawshank Redemption,Castle Rock Entertainment,Frank Darabont,Adventure,1994,142,High,R,2,2023-09-26
1690,The Godfather,Paramount Pictures,Francis Ford Coppola,Crime,1972,175,High,R,2,2023-04-10
1930,The Green Mile,Castle Rock Entertainment,Frank Darabont,Sci-Fi,1999,189,High,R,2,2015-10-29
886,The Matrix,Warner Bros.,Lana Wachowski,Drama,1999,136,High,R,4,2016-08-16
1530,Blade Runner 2049,Warner Bros.,Denis Villeneuve,Fantasy,2017,164,High,R,2,2019-05-06
1105,The Shawshank Redemption,Castle Rock Entertainment,Frank Darabont,Thriller,1994,142,High,R,3,2025-12-09
2330,The Shawshank Redemption,Castle Rock Entertainment,Frank Darabont,Action,1994,142,High,R,1,2022-10-06
1907,The Shawshank Redemption,Castle Rock Entertainment,Frank Darabont,Action,1994,142,High,R,1,2024-07-20
1209,Pulp Fiction,Miramax,Quentin Tarantino,Action,1994,154,High,R,3,2017-06-19
2265,The Lord of the Rings: The Return of the King,New Line Cinema,Peter Jackson,Romance,2003,201,High,PG-13,2,2021-06-25
2138,La La Land,Summit Entertainment,Damien Chazelle,Crime,2016,128,High,PG-13,4,2024-08-11
1896,Forrest Gump,Paramount Pictures,Robert Zemeckis,Thriller,1994,142,High,PG-13,5,2020-04-23
1341,The Godfather,Paramount Pictures,Francis Ford Coppola,Sci-Fi,1972,175,High,R,2,2017-10-12
611,Pulp Fiction,Miramax,Quentin Tarantino,Thriller,1994,154,High,R,5,2025-08-11
182,Joker,Warner Bros.,Todd Phillips,Drama,2019,122,High,R,4,2025-12-28
1744,The Shawshank Redemption,Castle Rock Entertainment,Frank Darabont,Fantasy,1994,142,High,R,5,2015-05-18
2029,Inception,Warner Bros.,Christopher Nolan,Fantasy,2010,148,High,PG-13,1,2020-01-28
2998,The Godfather,Paramount Pictures,Francis Ford Coppola,Animation,1972,175,High,R,1,2022-10-10
1212,Pulp Fiction,Miramax,Quentin Tarantino,Thriller,1994,154,High,R,2,2019-01-08
2741,The Godfather,Paramount Pictures,Francis Ford Coppola,Crime,1972,175,High,R,1,2020-05-19
2391,The Godfather,Paramount Pictures,Francis Ford Coppola,Fantasy,1972,175,High,R,5,2023-05-19
568,The Shawshank Redemption,Castle Rock Entertainment,Frank Darabont,Fantasy,1994,142,High,R,4,2023-08-28
1518,The Green Mile,Castle Rock Entertainment,Frank Darabont,Sci-Fi,1999,189,High,R,2,2023-11-10
2830,The Silence of the Lambs,Orion Pictures,Jonathan Demme,Drama,1991,118,Medium,R,1,2019-04-26
1106,The Dark Knight,Warner Bros.,Christopher Nolan,Drama,2008,152,High,PG-13,3,2019-10-11
849,Interstellar,Paramount Pictures,Christopher Nolan,Romance,2014,169,High,PG-13,5,2021-06-14
1376,The Prestige,Warner Bros.,Christopher Nolan,Crime,2006,130,High,PG-13,5,2024-11-16
2764,Goodfellas,Warner Bros.,Martin Scorsese,Drama,1990,146,High,R,5,2025-08-08
1498,The Dark Knight,Warner Bros.,Christopher Nolan,Drama,2008,152,High,PG-13,1,2019-04-18
718,Forrest Gump,Paramount Pictures,Robert Zemeckis,Drama,1994,142,High,PG-13,3,2019-02-09
839,Schindler's List,Universal Pictures,Steven Spielberg,Crime,1993,195,High,R,5,2022-12-15
466,The Shawshank Redemption,Castle Rock Entertainment,Frank Darabont,Adventure,1994,142,High,R,2,2021-01-19
924,Schindler's List,Universal Pictures,Steven Spielberg,Romance,1993,195,High,R,2,2023-06-12
1733,The Godfather,Paramount Pictures,Francis Ford Coppola,Comedy,1972,175,High,R,5,2022-08-18
1854,The Godfather,Paramount Pictures,Francis Ford Coppola,Crime,1972,175,High,R,3,2018-11-15
2908,Forrest Gump,Paramount Pictures,Robert Zemeckis,Animation,1994,142,High,PG-13,1,2020-04-09
2544,Inception,Warner Bros.,Christopher Nolan,Animation,2010,148,High,PG-13,3,2020-01-26
1876,The Dark Knight,Warner Bros.,Christopher Nolan,Crime,2008,152,High,PG-13,2,2025-01-01
316,The Shawshank Redemption,Castle Rock Entertainment,Frank Darabont,Sci-Fi,1994,142,High,R,2,2018-03-27
607,The Shawshank Redemption,Castle Rock Entertainment,Frank Darabont,Comedy,1994,142,High,R,1,2022-10-26
2570,Forrest Gump,Paramount Pictures,Robert Zemeckis,Thriller,1994,142,High,PG-13,5,2025-09-04
541,The Shawshank Redemption,Castle Rock Entertainment,Frank Darabont,Sci-Fi,1994,142,High,R,5,2025-06-13
2641,Forrest Gump,Paramount Pictures,Robert Zemeckis,Sci-Fi,1994,142,High,PG-13,4,2023-04-10
952,The Shawshank Redemption,Castle Rock Entertainment,Frank Darabont,Thriller,1994,142,High,R,1,2015-04-01
2371,Back to the Future,Universal Pictures,Robert Zemeckis,Animation,1985,116,Medium,PG,3,2019-08-14
2728,The Dark Knight,Warner Bros.,Christopher Nolan,Adventure,2008,152,High,PG-13,4,2021-08-27
1246,Interstellar,Paramount Pictures,Christopher Nolan,Animation,2014,169,High,PG-13,4,2020-02-19
1065,Fight Club,20th Century Fox,David Fincher,Comedy,1999,139,High,R,2,2023-11-07
194,The Godfather,Paramount Pictures,Francis Ford Coppola,Adventure,1972,175,High,R,3,2023-08-19
682,The Shawshank Redemption,Castle Rock Entertainment,Frank Darabont,Comedy,1994,142,High,R,4,2025-09-21
747,The Lord of the Rings: The Return of the King,New Line Cinema,Peter Jackson,Action,2003,201,High,PG-13,5,2018-03-14
479,Inside Out,Pixar,Pete Docter,Action,2015,95,Medium,PG,2,2017-09-01
1806,The Shawshank Redemption,Castle Rock Entertainment,Frank Darabont,Adventure,1994,142,High,R,5,2016-06-02
2897,The Godfather,Paramount Pictures,Francis Ford Coppola,Action,1972,175,High,R,2,2021-04-22
1528,The Shawshank Redemption,Castle Rock Entertainment,Frank Darabont,Adventure,1994,142,High,R,3,2016-08-28
498,Pulp Fiction,Miramax,Quentin Tarantino,Action,1994,154,High,R,5,2018-05-20
596,The Truman Show,Paramount Pictures,Peter Weir,Sci-Fi,1998,103,Medium,PG,4,2023-08-14
2238,Alien,20th Century Fox,Ridley Scott,Adventure,1979,117,Medium,R,2,2015-01-18
1188,Inside Out,Pixar,Pete Docter,Adventure,2015,95,Medium,PG,3,2020-04-25
2316,WALL·E,Pixar,Andrew Stanton,Romance,2008,98,Medium,G,2,2023-12-20
461,Titanic,Paramount Pictures,James Cameron,Fantasy,1997,195,High,PG-13,3,2022-09-23
2257,Titanic,Paramount Pictures,James Cameron,Drama,1997,195,High,PG-13,2,2022-08-09
903,The Shawshank Redemption,Castle Rock Entertainment,Frank Darabont,Drama,1994,142,High,R,4,2021-12-04
2491,Pulp Fiction,Miramax,Quentin Tarantino,Crime,1994,154,High,R,3,2015-08-14
1139,The Silence of the Lambs,Orion Pictures,Jonathan Demme,Romance,1991,118,Medium,R,5,2017-06-28
1825,The Shawshank Redemption,Castle Rock Entertainment,Frank Darabont,Crime,1994,142,High,R,5,2024-07-11
797,The Empire Strikes Back,Lucasfilm,Irvin Kershner,Crime,1980,124,High,PG,5,2019-06-04
230,Forrest Gump,Paramount Pictures,Robert Zemeckis,Romance,1994,142,High,PG-13,5,2020-09-26
2933,Avengers: Endgame,Marvel Studios,Anthony Russo,Adventure,2019,181,High,PG-13,4,2016-08-28
50,La La Land,Summit Entertainment,Damien Chazelle,Adventure,2016,128,High,PG-13,4,2019-03-08
1826,The Godfather,Paramount Pictures,Francis Ford Coppola,Adventure,1972,175,High,R,3,2025-12-17
1820,The Green Mile,Castle Rock Entertainment,Frank Darabont,Crime,1999,189,High,R,2,2023-03-01
671,Goodfellas,Warner Bros.,Martin Scorsese,Sci-Fi,1990,146,High,R,4,2018-03-28
2406,Saving Private Ryan,DreamWorks/Amblin,Steven Spielberg,Sci-Fi,1998,169,High,R,4,2016-07-25
1945,The Matrix,Warner Bros.,Lana Wachowski,Action,1999,136,High,R,2,2018-05-27
2420,Heat,Warner Bros.,Michael Mann,Animation,1995,170,High,R,3,2015-09-28
2617,Se7en,New Line Cinema,David Fincher,Crime,1995,127,High,R,1,2019-08-05
1893,Joker,Warner Bros.,Todd Phillips,Sci-Fi,2019,122,High,R,2,2021-03-26
1564,Gladiator,DreamWorks Pictures,Ridley Scott,Action,2000,155,High,R,2,2017-01-31
1237,The Godfather,Paramount Pictures,Francis Ford Coppola,Fantasy,1972,175,High,R,1,2024-03-24
1899,Back to the Future,Universal Pictures,Robert Zemeckis,Comedy,1985,116,Medium,PG,4,2021-04-09
1230,The Godfather,Paramount Pictures,Francis Ford Coppola,Drama,1972,175,High,R,2,2017-12-11
2728,Blade Runner,Warner Bros.,Ridley Scott,Fantasy,1982,117,Medium,R,1,2022-05-02
2818,No Country for Old Men,Mirage Enterprises,Ethan Coen,Sci-Fi,2007,122,High,R,2,2020-07-07
1136,The Silence of the Lambs,Orion Pictures,Jonathan Demme,Drama,1991,118,Medium,R,1,2023-07-30
1482,Forrest Gump,Paramount Pictures,Robert Zemeckis,Crime,1994,142,High,PG-13,5,2023-05-12
1057,The Matrix,Warner Bros.,Lana Wachowski,Romance,1999,136,High,R,4,2024-09-26
2100,The Silence of the Lambs,Orion Pictures,Jonathan Demme,Fantasy,1991,118,Medium,R,1,2019-03-09
2383,Titanic,Paramount Pictures,James Cameron,Drama,1997,195,High,PG-13,3,2016-10-29
2840,The Shawshank Redemption,Castle Rock Entertainment,Frank Darabont,Adventure,1994,142,High,R,4,2024-11-06
1480,The Shawshank Redemption,Castle Rock Entertainment,Frank Darabont,Action,1994,142,High,R,1,2018-01-21
1195,Pulp Fiction,Miramax,Quentin Tarantino,Adventure,1994,154,High,R,1,2018-04-02
2573,Inception,Warner Bros.,Christopher Nolan,Crime,2010,148,High,PG-13,5,2017-03-04
685,The Shawshank Redemption,Castle Rock Entertainment,Frank Darabont,Crime,1994,142,High,R,5,2023-06-10
2808,Fight Club,20th Century Fox,David Fincher,Adventure,1999,139,High,R,3,2018-01-16
2376,Interstellar,Paramount Pictures,Christopher Nolan,Adventure,2014,169,High,PG-13,1,2020-12-28
2123,The Dark Knight,Warner Bros.,Christopher Nolan,Action,2008,152,High,PG-13,1,2016-07-14
668,The Godfather,Paramount Pictures,Francis Ford Coppola,Fantasy,1972,175,High,R,4,2018-10-25
772,The Shawshank Redemption,Castle Rock Entertainment,Frank Darabont,Action,1994,142,High,R,5,2017-06-24
2154,The Prestige,Warner Bros.,Christopher Nolan,Animation,2006,130,High,PG-13,5,2022-09-25
1887,The Social Network,Columbia Pictures,David Fincher,Animation,2010,120,Medium,PG-13,1,2019-09-06
72,Joker,Warner Bros.,Todd Phillips,Crime,2019,122,High,R,2,2025-05-10
1811,Forrest Gump,Paramount Pictures,Robert Zemeckis,Comedy,1994,142,High,PG-13,3,2016-07-23
1402,Moonlight,A24,Barry Jenkins,Romance,2016,111,Medium,R,5,2023-07-25
486,The Shawshank Redemption,Castle Rock Entertainment,Frank Darabont,Comedy,1994,142,High,R,1,2023-05-08
514,The Godfather,Paramount Pictures,Francis Ford Coppola,Action,1972,175,High,R,2,2018-06-13
458,The Shawshank Redemption,Castle Rock Entertainment,Frank Darabont,Crime,1994,142,High,R,4,2022-09-30
805,The Shawshank Redemption,Castle Rock Entertainment,Frank Darabont,Fantasy,1994,142,High,R,4,2015-06-24
1922,The Shawshank Redemption,Castle Rock Entertainment,Frank Darabont,Animation,1994,142,High,R,5,2015-08-31
1236,The Shawshank Redemption,Castle Rock Entertainment,Frank Darabont,Comedy,1994,142,High,R,1,2015-09-29
2465,Schindler's List,Universal Pictures,Steven Spielberg,Crime,1993,195,High,R,1,2025-04-26
1440,The Shawshank Redemption,Castle Rock Entertainment,Frank Darabont,Thriller,1994,142,High,R,2,2022-07-09
2375,The Shawshank Redemption,Castle Rock Entertainment,Frank Darabont,Action,1994,142,High,R,3,2025-08-22
2985,The Dark Knight,Warner Bros.,Christopher Nolan,Action,2008,152,High,PG-13,5,2023-10-04
406,The Lord of the Rings: The Return of the King,New Line Cinema,Peter Jackson,Animation,2003,201,High,PG-13,5,2015-10-07
2932,The Lion King,Walt Disney Pictures,Roger Allers,Drama,1994,88,Low,G,5,2017-06-07
2201,The Shawshank Redemption,Castle Rock Entertainment,Frank Darabont,Comedy,1994,142,High,R,2,2025-02-10
2066,The Shawshank Redemption,Castle Rock Entertainment,Frank Darabont,Crime,1994,142,High,R,2,2025-04-28
2415,The Social Network,Columbia Pictures,David Fincher,Fantasy,2010,120,Medium,PG-13,3,2022-10-30
1454,The Shawshank Redemption,Castle Rock Entertainment,Frank Darabont,Crime,1994,142,High,R,2,2024-05-12
933,Spirited Away,Studio Ghibli,Hayao Miyazaki,Sci-Fi,2001,125,High,PG,2,2020-10-07
452,Pulp Fiction,Miramax,Quentin Tarantino,Adventure,1994,154,High,R,1,2020-03-23
1181,Inception,Warner Bros.,Christopher Nolan,Fantasy,2010,148,High,PG-13,3,2022-11-26
2023,Fight Club,20th Century Fox,David Fincher,Drama,1999,139,High,R,1,2018-09-05
1278,The Shawshank Redemption,Castle Rock Entertainment,Frank Darabont,Comedy,1994,142,High,R,4,2021-09-25
1669,Interstellar,Paramount Pictures,Christopher Nolan,Fantasy,2014,169,High,PG-13,2,2021-03-18
286,The Godfather,Paramount Pictures,Francis Ford Coppola,Sci-Fi,1972,175,High,R,2,2024-08-10
53,No Country for Old Men,Mirage Enterprises,Ethan Coen,Fantasy,2007,122,High,R,3,2017-01-04
1795,The Avengers,Marvel Studios,Joss Whedon,Fantasy,2012,143,High,PG-13,1,2019-06-12
1618,Inception,Warner Bros.,Christopher Nolan,Crime,2010,148,High,PG-13,1,2016-08-10
692,The Dark Knight,Warner Bros.,Christopher Nolan,Romance,2008,152,High,PG-13,1,2023-04-25
2437,The Shawshank Redemption,Castle Rock Entertainment,Frank Darabont,Thriller,1994,142,High,R,3,2017-03-31
1740,Parasite,CJ Entertainment,Bong Joon-ho,Sci-Fi,2019,132,High,R,1,2017-08-11
1119,Titanic,Paramount Pictures,James Cameron,Comedy,1997,195,High,PG-13,5,2021-08-28
2731,Se7en,New Line Cinema,David Fincher,Sci-Fi,1995,127,High,R,3,2020-05-02
1143,The Lord of the Rings: The Return of the King,New Line Cinema,Peter Jackson,Sci-Fi,2003,201,High,PG-13,4,2020-09-25
1027,The Shawshank Redemption,Castle Rock Entertainment,Frank Darabont,Fantasy,1994,142,High,R,1,2016-05-15
408,Forrest Gump,Paramount Pictures,Robert Zemeckis,Thriller,1994,142,High,PG-13,2,2015-05-02
110,Goodfellas,Warner Bros.,Martin Scorsese,Crime,1990,146,High,R,4,2022-08-09
1340,WALL·E,Pixar,Andrew Stanton,Sci-Fi,2008,98,Medium,G,5,2022-08-14
314,The Shawshank Redemption,Castle Rock Entertainment,Frank Darabont,Romance,1994,142,High,R,5,2016-01-30
1909,Schindler's List,Universal Pictures,Steven Spielberg,Animation,1993,195,High,R,4,2023-11-22
1072,The Shawshank Redemption,Castle Rock Entertainment,Frank Darabont,Fantasy,1994,142,High,R,4,2020-08-29
130,Fight Club,20th Century Fox,David Fincher,Animation,1999,139,High,R,5,2015-03-14
1289,Heat,Warner Bros.,Michael Mann,Crime,1995,170,High,R,4,2020-01-18
135,The Social Network,Columbia Pictures,David Fincher,Fantasy,2010,120,Medium,PG-13,4,2015-05-28
1765,The Shawshank Redemption,Castle Rock Entertainment,Frank Darabont,Comedy,1994,142,High,R,2,2020-07-06
449,The Shawshank Redemption,Castle Rock Entertainment,Frank Darabont,Sci-Fi,1994,142,High,R,4,2023-07-27
2210,Fight Club,20th Century Fox,David Fincher,Fantasy,1999,139,High,R,5,2022-09-08
641,Fight Club,20th Century Fox,David Fincher,Fantasy,1999,139,High,R,5,2024-07-31
2421,Inception,Warner Bros.,Christopher Nolan,Sci-Fi,2010,148,High,PG-13,3,2020-07-19
1166,WALL·E,Pixar,Andrew Stanton,Romance,2008,98,Medium,G,3,2023-08-06
526,The Godfather,Paramount Pictures,Francis Ford Coppola,Drama,1972,175,High,R,5,2015-07-04
2561,Parasite,CJ Entertainment,Bong Joon-ho,Adventure,2019,132,High,R,5,2015-04-21
1464,The Dark Knight,Warner Bros.,Christopher Nolan,Crime,2008,152,High,PG-13,4,2018-11-14
962,Pulp Fiction,Miramax,Quentin Tarantino,Drama,1994,154,High,R,2,2017-10-11
2819,The Silence of the Lambs,Orion Pictures,Jonathan Demme,Romance,1991,118,Medium,R,1,2025-03-17
696,The Shawshank Redemption,Castle Rock Entertainment,Frank Darabont,Comedy,1994,142,High,R,1,2018-10-14
2695,The Shawshank Redemption,Castle Rock Entertainment,Frank Darabont,Adventure,1994,142,High,R,1,2020-03-02
1726,Mad Max: Fury Road,Warner Bros.,George Miller,Romance,2015,120,Medium,R,5,2025-02-09
1297,The Godfather,Paramount Pictures,Francis Ford Coppola,Fantasy,1972,175,High,R,5,2015-04-02
401,The Dark Knight,Warner Bros.,Christopher Nolan,Sci-Fi,2008,152,High,PG-13,3,2021-06-03
2035,American Beauty,DreamWorks,Sam Mendes,Crime,1999,122,High,R,2,2018-10-08
1227,Forrest Gump,Paramount Pictures,Robert Zemeckis,Adventure,1994,142,High,PG-13,2,2021-11-23
2603,The Dark Knight,Warner Bros.,Christopher Nolan,Sci-Fi,2008,152,High,PG-13,2,2020-07-28
1178,The Social Network,Columbia Pictures,David Fincher,Crime,2010,120,Medium,PG-13,5,2017-05-26
926,The Godfather,Paramount Pictures,Francis Ford Coppola,Comedy,1972,175,High,R,5,2019-07-05
2425,The Lord of the Rings: The Return of the King,New Line Cinema,Peter Jackson,Crime,2003,201,High,PG-13,5,2016-01-24
2176,The Dark Knight,Warner Bros.,Christopher Nolan,Crime,2008,152,High,PG-13,5,2023-12-26
315,Forrest Gump,Paramount Pictures,Robert Zemeckis,Thriller,1994,142,High,PG-13,3,2023-12-03
1229,Schindler's List,Universal Pictures,Steven Spielberg,Comedy,1993,195,High,R,5,2024-01-07
1698,Pulp Fiction,Miramax,Quentin Tarantino,Animation,1994,154,High,R,3,2017-03-30
2751,The Dark Knight,Warner Bros.,Christopher Nolan,Romance,2008,152,High,PG-13,5,2020-01-31
2881,The Departed,Warner Bros.,Martin Scorsese,Action,2006,151,High,R,1,2022-01-15
873,Inception,Warner Bros.,Christopher Nolan,Action,2010,148,High,PG-13,5,2020-08-06
2613,Schindler's List,Universal Pictures,Steven Spielberg,Fantasy,1993,195,High,R,3,2025-07-05
2319,Inception,Warner Bros.,Christopher Nolan,Romance,2010,148,High,PG-13,4,2025-06-25
1493,Titanic,Paramount Pictures,James Cameron,Drama,1997,195,High,PG-13,5,2017-04-01
2808,Forrest Gump,Paramount Pictures,Robert Zemeckis,Thriller,1994,142,High,PG-13,2,2023-05-16
264,The Departed,Warner Bros.,Martin Scorsese,Sci-Fi,2006,151,High,R,4,2018-07-29
1176,The Silence of the Lambs,Orion Pictures,Jonathan Demme,Sci-Fi,1991,118,Medium,R,3,2024-03-27
1663,The Silence of the Lambs,Orion Pictures,Jonathan Demme,Comedy,1991,118,Medium,R,5,2017-08-25
1006,The Godfather,Paramount Pictures,Francis Ford Coppola,Action,1972,175,High,R,2,2015-04-24
2294,Saving Private Ryan,DreamWorks/Amblin,Steven Spielberg,Comedy,1998,169,High,R,4,2020-06-11
653,Django Unchained,Columbia Pictures,Quentin Tarantino,Sci-Fi,2012,165,High,R,1,2017-04-07
1138,The Godfather,Paramount Pictures,Francis Ford Coppola,Drama,1972,175,High,R,3,2023-11-09
2960,Schindler's List,Universal Pictures,Steven Spielberg,Action,1993,195,High,R,1,2025-10-22
344,Forrest Gump,Paramount Pictures,Robert Zemeckis,Drama,1994,142,High,PG-13,1,2024-08-21
1668,The Godfather,Paramount Pictures,Francis Ford Coppola,Comedy,1972,175,High,R,1,2025-02-05
2967,No Country for Old Men,Mirage Enterprises,Ethan Coen,Crime,2007,122,High,R,4,2025-07-30
2050,Parasite,CJ Entertainment,Bong Joon-ho,Thriller,2019,132,High,R,1,2021-05-27
2152,"Crouching Tiger, Hidden Dragon",Sony Pictures Classics,Ang Lee,Animation,2000,120,Medium,PG-13,5,2025-08-25
501,The Godfather,Paramount Pictures,Francis Ford Coppola,Crime,1972,175,High,R,2,2021-09-22
2394,The Departed,Warner Bros.,Martin Scorsese,Adventure,2006,151,High,R,3,2024-05-02
591,Goodfellas,Warner Bros.,Martin Scorsese,Thriller,1990,146,High,R,4,2017-06-11
1673,The Shawshank Redemption,Castle Rock Entertainment,Frank Darabont,Thriller,1994,142,High,R,3,2019-12-06
2186,The Godfather,Paramount Pictures,Francis Ford Coppola,Romance,1972,175,High,R,1,2020-07-01
1736,The Dark Knight,Warner Bros.,Christopher Nolan,Crime,2008,152,High,PG-13,3,2021-02-13
594,Forrest Gump,Paramount Pictures,Robert Zemeckis,Thriller,1994,142,High,PG-13,3,2024-11-11
2644,The Dark Knight,Warner Bros.,Christopher Nolan,Adventure,2008,152,High,PG-13,3,2015-03-28
2713,Up,Pixar,Pete Docter,Romance,2009,96,Medium,PG,1,2024-06-08
2264,Saving Private Ryan,DreamWorks/Amblin,Steven Spielberg,Drama,1998,169,High,R,2,2017-11-02
969,The Dark Knight,Warner Bros.,Christopher Nolan,Adventure,2008,152,High,PG-13,1,2020-12-30
1610,La La Land,Summit Entertainment,Damien Chazelle,Sci-Fi,2016,128,High,PG-13,1,2025-03-15
965,Blade Runner 2049,Warner Bros.,Denis Villeneuve,Comedy,2017,164,High,R,3,2016-01-05
1300,The Godfather,Paramount Pictures,Francis Ford Coppola,Action,1972,175,High,R,4,2022-01-30
329,The Grand Budapest Hotel,Fox Searchlight,Wes Anderson,Sci-Fi,2014,99,Medium,R,1,2018-01-27
1692,The Lion King,Walt Disney Pictures,Roger Allers,Fantasy,1994,88,Low,G,4,2023-04-07
412,Blade Runner 2049,Warner Bros.,Denis Villeneuve,Adventure,2017,164,High,R,4,2024-10-31
1442,The Lion King,Walt Disney Pictures,Roger Allers,Comedy,1994,88,Low,G,5,2015-09-29
2848,Pulp Fiction,Miramax,Quentin Tarantino,Animation,1994,154,High,R,3,2020-01-31
1817,The Shawshank Redemption,Castle Rock Entertainment,Frank Darabont,Drama,1994,142,High,R,2,2022-01-25
820,The Prestige,Warner Bros.,Christopher Nolan,Action,2006,130,High,PG-13,1,2019-06-30
454,The Silence of the Lambs,Orion Pictures,Jonathan Demme,Adventure,1991,118,Medium,R,5,2015-12-03
2434,The Shawshank Redemption,Castle Rock Entertainment,Frank Darabont,Animation,1994,142,High,R,2,2024-07-01
547,The Empire Strikes Back,Lucasfilm,Irvin Kershner,Adventure,1980,124,High,PG,4,2020-05-13
1155,The Godfather,Paramount Pictures,Francis Ford Coppola,Romance,1972,175,High,R,3,2023-12-19
1612,The Shawshank Redemption,Castle Rock Entertainment,Frank Darabont,Sci-Fi,1994,142,High,R,3,2017-01-15
95,The Green Mile,Castle Rock Entertainment,Frank Darabont,Romance,1999,189,High,R,2,2015-03-26
365,The Truman Show,Paramount Pictures,Peter Weir,Romance,1998,103,Medium,PG,2,2025-03-03
692,Inside Out,Pixar,Pete Docter,Thriller,2015,95,Medium,PG,3,2022-11-12
1066,The Shawshank Redemption,Castle Rock Entertainment,Frank Darabont,Romance,1994,142,High,R,4,2021-09-25
2324,The Shawshank Redemption,Castle Rock Entertainment,Frank Darabont,Adventure,1994,142,High,R,2,2025-08-15
1859,The Shawshank Redemption,Castle Rock Entertainment,Frank Darabont,Animation,1994,142,High,R,4,2023-09-03
2923,Back to the Future,Universal Pictures,Robert Zemeckis,Fantasy,1985,116,Medium,PG,1,2017-07-08
2025,The Shawshank Redemption,Castle Rock Entertainment,Frank Darabont,Comedy,1994,142,High,R,3,2023-05-16
883,The Dark Knight,Warner Bros.,Christopher Nolan,Sci-Fi,2008,152,High,PG-13,2,2021-09-23
739,Django Unchained,Columbia Pictures,Quentin Tarantino,Comedy,2012,165,High,R,2,2019-09-10
1073,Pulp Fiction,Miramax,Quentin Tarantino,Action,1994,154,High,R,1,2018-04-03
2388,The Godfather,Paramount Pictures,Francis Ford Coppola,Fantasy,1972,175,High,R,2,2019-02-23
1921,The Empire Strikes Back,Lucasfilm,Irvin Kershner,Fantasy,1980,124,High,PG,1,2015-02-12
870,The Shawshank Redemption,Castle Rock Entertainment,Frank Darabont,Adventure,1994,142,High,R,4,2022-09-14
300,Gladiator,DreamWorks Pictures,Ridley Scott,Sci-Fi,2000,155,High,R,5,2017-11-15
962,The Shawshank Redemption,Castle Rock Entertainment,Frank Darabont,Drama,1994,142,High,R,1,2018-09-25
2748,Forrest Gump,Paramount Pictures,Robert Zemeckis,Adventure,1994,142,High,PG-13,5,2025-07-14
1039,Up,Pixar,Pete Docter,Romance,2009,96,Medium,PG,1,2015-01-22
1617,Forrest Gump,Paramount Pictures,Robert Zemeckis,Sci-Fi,1994,142,High,PG-13,3,2025-12-17
2378,The Empire Strikes Back,Lucasfilm,Irvin Kershner,Action,1980,124,High,PG,5,2015-06-18
1390,The Shawshank Redemption,Castle Rock Entertainment,Frank Darabont,Action,1994,142,High,R,5,2020-07-11
2910,The Grand Budapest Hotel,Fox Searchlight,Wes Anderson,Action,2014,99,Medium,R,1,2018-07-23
1284,Inception,Warner Bros.,Christopher Nolan,Action,2010,148,High,PG-13,3,2016-04-23
1151,The Shawshank Redemption,Castle Rock Entertainment,Frank Darabont,Action,1994,142,High,R,4,2024-10-10
1079,Goodfellas,Warner Bros.,Martin Scorsese,Sci-Fi,1990,146,High,R,3,2025-02-14
1785,The Lord of the Rings: The Return of the King,New Line Cinema,Peter Jackson,Comedy,2003,201,High,PG-13,5,2018-07-06
620,No Country for Old Men,Mirage Enterprises,Ethan Coen,Adventure,2007,122,High,R,4,2023-07-26
609,Fight Club,20th Century Fox,David Fincher,Fantasy,1999,139,High,R,1,2017-02-12
1066,The Shawshank Redemption,Castle Rock Entertainment,Frank Darabont,Action,1994,142,High,R,1,2020-04-10
2028,The Shawshank Redemption,Castle Rock Entertainment,Frank Darabont,Fantasy,1994,142,High,R,4,2016-04-20
1875,The Shawshank Redemption,Castle Rock Entertainment,Frank Darabont,Adventure,1994,142,High,R,5,2020-06-10
384,Forrest Gump,Paramount Pictures,Robert Zemeckis,Action,1994,142,High,PG-13,1,2018-12-02
690,The Shawshank Redemption,Castle Rock Entertainment,Frank Darabont,Comedy,1994,142,High,R,2,2024-05-12
2717,Se7en,New Line Cinema,David Fincher,Comedy,1995,127,High,R,5,2024-12-28
2338,The Matrix,Warner Bros.,Lana Wachowski,Romance,1999,136,High,R,1,2020-11-24
2041,The Shawshank Redemption,Castle Rock Entertainment,Frank Darabont,Crime,1994,142,High,R,2,2023-08-13
2791,The Empire Strikes Back,Lucasfilm,Irvin Kershner,Adventure,1980,124,High,PG,1,2018-03-10
2419,Spirited Away,Studio Ghibli,Hayao Miyazaki,Crime,2001,125,High,PG,4,2019-03-11
119,Blade Runner 2049,Warner Bros.,Denis Villeneuve,Crime,2017,164,High,R,3,2016-09-21
1104,The Shawshank Redemption,Castle Rock Entertainment,Frank Darabont,Fantasy,1994,142,High,R,4,2022-01-17
180,The Matrix,Warner Bros.,Lana Wachowski,Drama,1999,136,High,R,3,2025-11-16
2997,Schindler's List,Universal Pictures,Steven Spielberg,Fantasy,1993,195,High,R,3,2025-08-16
200,The Avengers,Marvel Studios,Joss Whedon,Romance,2012,143,High,PG-13,2,2017-05-15
228,Saving Private Ryan,DreamWorks/Amblin,Steven Spielberg,Comedy,1998,169,High,R,3,2023-12-14
380,Goodfellas,Warner Bros.,Martin Scorsese,Animation,1990,146,High,R,5,2019-04-12
1634,The Dark Knight,Warner Bros.,Christopher Nolan,Action,2008,152,High,PG-13,2,2025-10-27
1649,The Shawshank Redemption,Castle Rock Entertainment,Frank Darabont,Thriller,1994,142,High,R,2,2019-05-11
2011,The Godfather,Paramount Pictures,Francis Ford Coppola,Action,1972,175,High,R,1,2018-05-07
1471,Saving Private Ryan,DreamWorks/Amblin,Steven Spielberg,Comedy,1998,169,High,R,5,2016-06-21
2006,Schindler's List,Universal Pictures,Steven Spielberg,Adventure,1993,195,High,R,5,2017-03-29
2307,Pulp Fiction,Miramax,Quentin Tarantino,Sci-Fi,1994,154,High,R,4,2018-01-04
1509,The Matrix,Warner Bros.,Lana Wachowski,Crime,1999,136,High,R,4,2024-02-04
166,The Lord of the Rings: The Return of the King,New Line Cinema,Peter Jackson,Sci-Fi,2003,201,High,PG-13,4,2016-01-16
2811,Inception,Warner Bros.,Christopher Nolan,Fantasy,2010,148,High,PG-13,2,2022-04-06
2652,Gladiator,DreamWorks Pictures,Ridley Scott,Fantasy,2000,155,High,R,5,2022-01-22
325,Inception,Warner Bros.,Christopher Nolan,Comedy,2010,148,High,PG-13,4,2019-11-27
524,Avengers: Endgame,Marvel Studios,Anthony Russo,Fantasy,2019,181,High,PG-13,3,2016-08-31
1752,The Empire Strikes Back,Lucasfilm,Irvin Kershner,Comedy,1980,124,High,PG,2,2020-11-12
185,The Godfather,Paramount Pictures,Francis Ford Coppola,Drama,1972,175,High,R,5,2015-11-10
388,Inception,Warner Bros.,Christopher Nolan,Animation,2010,148,High,PG-13,4,2019-08-19
1044,Forrest Gump,Paramount Pictures,Robert Zemeckis,Romance,1994,142,High,PG-13,3,2018-12-26
2710,The Matrix,Warner Bros.,Lana Wachowski,Animation,1999,136,High,R,1,2016-04-11
342,Forrest Gump,Paramount Pictures,Robert Zemeckis,Action,1994,142,High,PG-13,4,2015-07-05
2966,Pulp Fiction,Miramax,Quentin Tarantino,Comedy,1994,154,High,R,3,2021-08-02
1086,Pulp Fiction,Miramax,Quentin Tarantino,Fantasy,1994,154,High,R,5,2024-01-22
321,The Dark Knight,Warner Bros.,Christopher Nolan,Action,2008,152,High,PG-13,2,2017-01-28
2759,Goodfellas,Warner Bros.,Martin Scorsese,Romance,1990,146,High,R,3,2024-10-10
1618,The Shawshank Redemption,Castle Rock Entertainment,Frank Darabont,Animation,1994,142,High,R,1,2015-01-24
2834,The Shawshank Redemption,Castle Rock Entertainment,Frank Darabont,Action,1994,142,High,R,4,2020-02-28
2534,The Dark Knight,Warner Bros.,Christopher Nolan,Romance,2008,152,High,PG-13,4,2018-05-25
2760,American Beauty,DreamWorks,Sam Mendes,Romance,1999,122,High,R,3,2022-09-29
513,Up,Pixar,Pete Docter,Sci-Fi,2009,96,Medium,PG,3,2015-12-25
66,The Shawshank Redemption,Castle Rock Entertainment,Frank Darabont,Thriller,1994,142,High,R,1,2024-02-25
1971,Interstellar,Paramount Pictures,Christopher Nolan,Thriller,2014,169,High,PG-13,1,2017-05-07
2565,Schindler's List,Universal Pictures,Steven Spielberg,Thriller,1993,195,High,R,4,2024-06-11
1233,La La Land,Summit Entertainment,Damien Chazelle,Animation,2016,128,High,PG-13,2,2015-12-19
90,The Departed,Warner Bros.,Martin Scorsese,Action,2006,151,High,R,4,2019-09-25
1987,The Shawshank Redemption,Castle Rock Entertainment,Frank Darabont,Action,1994,142,High,R,4,2025-10-22
825,Forrest Gump,Paramount Pictures,Robert Zemeckis,Fantasy,1994,142,High,PG-13,5,2017-09-20
33,The Godfather,Paramount Pictures,Francis Ford Coppola,Sci-Fi,1972,175,High,R,1,2018-09-29
2031,The Shawshank Redemption,Castle Rock Entertainment,Frank Darabont,Sci-Fi,1994,142,High,R,4,2024-07-07
152,Goodfellas,Warner Bros.,Martin Scorsese,Romance,1990,146,High,R,5,2018-04-06
2969,Forrest Gump,Paramount Pictures,Robert Zemeckis,Fantasy,1994,142,High,PG-13,5,2021-08-17
249,The Lord of the Rings: The Return of the King,New Line Cinema,Peter Jackson,Fantasy,2003,201,High,PG-13,2,2023-01-04
2267,Inception,Warner Bros.,Christopher Nolan,Sci-Fi,2010,148,High,PG-13,5,2018-07-17
2027,The Shawshank Redemption,Castle Rock Entertainment,Frank Darabont,Sci-Fi,1994,142,High,R,4,2016-04-23
1787,The Lord of the Rings: The Return of the King,New Line Cinema,Peter Jackson,Adventure,2003,201,High,PG-13,4,2022-10-28
1409,The Shawshank Redemption,Castle Rock Entertainment,Frank Darabont,Comedy,1994,142,High,R,2,2020-04-06
2806,Pulp Fiction,Miramax,Quentin Tarantino,Animation,1994,154,High,R,2,2021-08-04
1202,The Dark Knight,Warner Bros.,Christopher Nolan,Romance,2008,152,High,PG-13,4,2016-06-21
2758,Titanic,Paramount Pictures,James Cameron,Sci-Fi,1997,195,High,PG-13,4,2024-05-05
664,Schindler's List,Universal Pictures,Steven Spielberg,Adventure,1993,195,High,R,4,2023-12-20
1978,The Lord of the Rings: The Return of the King,New Line Cinema,Peter Jackson,Comedy,2003,201,High,PG-13,1,2022-06-25
2016,The Shawshank Redemption,Castle Rock Entertainment,Frank Darabont,Thriller,1994,142,High,R,2,2021-10-17
962,The Shawshank Redemption,Castle Rock Entertainment,Frank Darabont,Sci-Fi,1994,142,High,R,4,2018-05-28
1069,The Shawshank Redemption,Castle Rock Entertainment,Frank Darabont,Drama,1994,142,High,R,1,2019-01-09
2063,The Dark Knight,Warner Bros.,Christopher Nolan,Action,2008,152,High,PG-13,2,2024-04-14
467,The Shawshank Redemption,Castle Rock Entertainment,Frank Darabont,Crime,1994,142,High,R,3,2019-10-30
1993,The Lord of the Rings: The Return of the King,New Line Cinema,Peter Jackson,Crime,2003,201,High,PG-13,5,2017-07-06
192,The Godfather,Paramount Pictures,Francis Ford Coppola,Adventure,1972,175,High,R,3,2023-08-18
620,The Departed,Warner Bros.,Martin Scorsese,Animation,2006,151,High,R,3,2025-01-19
427,La La Land,Summit Entertainment,Damien Chazelle,Animation,2016,128,High,PG-13,5,2022-07-05
455,Gladiator,DreamWorks Pictures,Ridley Scott,Fantasy,2000,155,High,R,4,2025-10-18
418,Inside Out,Pixar,Pete Docter,Romance,2015,95,Medium,PG,5,2023-10-09
685,The Lion King,Walt Disney Pictures,Roger Allers,Drama,1994,88,Low,G,5,2016-03-07
2984,The Silence of the Lambs,Orion Pictures,Jonathan Demme,Thriller,1991,118,Medium,R,3,2016-10-05
407,The Godfather,Paramount Pictures,Francis Ford Coppola,Fantasy,1972,175,High,R,5,2020-08-03
565,The Shawshank Redemption,Castle Rock Entertainment,Frank Darabont,Adventure,1994,142,High,R,3,2024-03-09
1703,The Shawshank Redemption,Castle Rock Entertainment,Frank Darabont,Thriller,1994,142,High,R,4,2025-11-15
1941,The Departed,Warner Bros.,Martin Scorsese,Drama,2006,151,High,R,2,2024-05-12
1090,The Dark Knight,Warner Bros.,Christopher Nolan,Animation,2008,152,High,PG-13,2,2015-12-16
2724,The Dark Knight,Warner Bros.,Christopher Nolan,Sci-Fi,2008,152,High,PG-13,3,2022-01-22
935,The Godfather,Paramount Pictures,Francis Ford Coppola,Animation,1972,175,High,R,4,2023-10-30
1677,The Shawshank Redemption,Castle Rock Entertainment,Frank Darabont,Sci-Fi,1994,142,High,R,4,2025-04-18
122,No Country for Old Men,Mirage Enterprises,Ethan Coen,Animation,2007,122,High,R,3,2025-08-01
286,Pulp Fiction,Miramax,Quentin Tarantino,Drama,1994,154,High,R,5,2025-08-01
674,The Shawshank Redemption,Castle Rock Entertainment,Frank Darabont,Adventure,1994,142,High,R,4,2023-08-30
2628,Pulp Fiction,Miramax,Quentin Tarantino,Sci-Fi,1994,154,High,R,1,2022-05-28
2588,The Shawshank Redemption,Castle Rock Entertainment,Frank Darabont,Romance,1994,142,High,R,1,2025-12-18
1647,Spirited Away,Studio Ghibli,Hayao Miyazaki,Animation,2001,125,High,PG,3,2019-09-14
1285,Moonlight,A24,Barry Jenkins,Animation,2016,111,Medium,R,3,2023-02-03
2162,Avengers: Endgame,Marvel Studios,Anthony Russo,Drama,2019,181,High,PG-13,3,2025-02-04
2638,The Lord of the Rings: The Return of the King,New Line Cinema,Peter Jackson,Action,2003,201,High,PG-13,4,2020-01-02
2533,The Shawshank Redemption,Castle Rock Entertainment,Frank Darabont,Animation,1994,142,High,R,5,2023-11-04
809,Schindler's List,Universal Pictures,Steven Spielberg,Adventure,1993,195,High,R,4,2023-09-12
1371,The Grand Budapest Hotel,Fox Searchlight,Wes Anderson,Crime,2014,99,Medium,R,1,2021-01-10
1163,The Dark Knight,Warner Bros.,Christopher Nolan,Action,2008,152,High,PG-13,5,2021-01-24
2136,The Shawshank Redemption,Castle Rock Entertainment,Frank Darabont,Animation,1994,142,High,R,5,2018-07-02
2212,The Dark Knight,Warner Bros.,Christopher Nolan,Action,2008,152,High,PG-13,1,2015-04-25
1732,The Matrix,Warner Bros.,Lana Wachowski,Thriller,1999,136,High,R,3,2023-02-23
1528,Heat,Warner Bros.,Michael Mann,Crime,1995,170,High,R,1,2024-06-09
196,The Godfather,Paramount Pictures,Francis Ford Coppola,Animation,1972,175,High,R,3,2016-05-22
2345,Se7en,New Line Cinema,David Fincher,Crime,1995,127,High,R,4,2018-05-05
2383,Goodfellas,Warner Bros.,Martin Scorsese,Fantasy,1990,146,High,R,3,2017-08-25
1435,Fight Club,20th Century Fox,David Fincher,Animation,1999,139,High,R,5,2017-08-15
1547,The Godfather,Paramount Pictures,Francis Ford Coppola,Romance,1972,175,High,R,2,2023-01-04
2116,Inception,Warner Bros.,Christopher Nolan,Thriller,2010,148,High,PG-13,1,2018-09-04
601,The Matrix,Warner Bros.,Lana Wachowski,Adventure,1999,136,High,R,4,2016-02-06
255,Gladiator,DreamWorks Pictures,Ridley Scott,Sci-Fi,2000,155,High,R,1,2016-01-13
1828,Pulp Fiction,Miramax,Quentin Tarantino,Action,1994,154,High,R,4,2017-05-29
2290,The Shawshank Redemption,Castle Rock Entertainment,Frank Darabont,Animation,1994,142,High,R,4,2021-08-06
2044,Inception,Warner Bros.,Christopher Nolan,Sci-Fi,2010,148,High,PG-13,3,2021-07-21
1708,The Silence of the Lambs,Orion Pictures,Jonathan Demme,Fantasy,1991,118,Medium,R,4,2023-03-17
1986,The Lion King,Walt Disney Pictures,Roger Allers,Action,1994,88,Low,G,5,2016-06-04
2168,Gladiator,DreamWorks Pictures,Ridley Scott,Action,2000,155,High,R,5,2024-09-05
134,The Shawshank Redemption,Castle Rock Entertainment,Frank Darabont,Thriller,1994,142,High,R,4,2020-04-22
487,Goodfellas,Warner Bros.,Martin Scorsese,Animation,1990,146,High,R,3,2025-05-03
1514,The Lord of the Rings: The Return of the King,New Line Cinema,Peter Jackson,Sci-Fi,2003,201,High,PG-13,1,2016-05-10
483,Fight Club,20th Century Fox,David Fincher,Drama,1999,139,High,R,5,2016-09-19
1991,The Dark Knight,Warner Bros.,Christopher Nolan,Adventure,2008,152,High,PG-13,3,2018-04-19
2416,The Shawshank Redemption,Castle Rock Entertainment,Frank Darabont,Action,1994,142,High,R,2,2023-10-16
750,Pulp Fiction,Miramax,Quentin Tarantino,Comedy,1994,154,High,R,3,2017-06-02
2243,The Lion King,Walt Disney Pictures,Roger Allers,Fantasy,1994,88,Low,G,1,2016-05-16
2348,The Dark Knight,Warner Bros.,Christopher Nolan,Drama,2008,152,High,PG-13,4,2020-05-24
1546,The Godfather,Paramount Pictures,Francis Ford Coppola,Fantasy,1972,175,High,R,3,2023-10-06
568,Forrest Gump,Paramount Pictures,Robert Zemeckis,Romance,1994,142,High,PG-13,2,2023-07-18
1840,Forrest Gump,Paramount Pictures,Robert Zemeckis,Fantasy,1994,142,High,PG-13,4,2022-06-25
2560,The Shawshank Redemption,Castle Rock Entertainment,Frank Darabont,Adventure,1994,142,High,R,1,2023-12-21
1620,Schindler's List,Universal Pictures,Steven Spielberg,Sci-Fi,1993,195,High,R,4,2017-08-11
1137,The Dark Knight,Warner Bros.,Christopher Nolan,Drama,2008,152,High,PG-13,4,2023-04-03
2581,The Silence of the Lambs,Orion Pictures,Jonathan Demme,Action,1991,118,Medium,R,1,2021-05-31
508,The Prestige,Warner Bros.,Christopher Nolan,Comedy,2006,130,High,PG-13,5,2022-03-27
2535,The Silence of the Lambs,Orion Pictures,Jonathan Demme,Crime,1991,118,Medium,R,2,2025-09-17
776,Inception,Warner Bros.,Christopher Nolan,Drama,2010,148,High,PG-13,5,2020-11-07
2697,Se7en,New Line Cinema,David Fincher,Animation,1995,127,High,R,1,2016-05-07
843,The Pianist,Focus Features,Roman Polanski,Action,2002,150,High,R,1,2018-01-31
2186,The Godfather,Paramount Pictures,Francis Ford Coppola,Romance,1972,175,High,R,4,2015-12-13
2014,The Lord of the Rings: The Return of the King,New Line Cinema,Peter Jackson,Sci-Fi,2003,201,High,PG-13,5,2015-07-04
740,Mad Max: Fury Road,Warner Bros.,George Miller,Drama,2015,120,Medium,R,3,2019-11-26
1054,Pulp Fiction,Miramax,Quentin Tarantino,Animation,1994,154,High,R,3,2019-04-14
1169,The Shawshank Redemption,Castle Rock Entertainment,Frank Darabont,Crime,1994,142,High,R,5,2016-11-19
1257,The Shawshank Redemption,Castle Rock Entertainment,Frank Darabont,Comedy,1994,142,High,R,1,2016-09-23
1333,Alien,20th Century Fox,Ridley Scott,Action,1979,117,Medium,R,1,2021-11-21
405,The Shawshank Redemption,Castle Rock Entertainment,Frank Darabont,Drama,1994,142,High,R,3,2019-05-17
1539,The Godfather,Paramount Pictures,Francis Ford Coppola,Sci-Fi,1972,175,High,R,3,2017-11-22
982,The King's Speech,The Weinstein Company,Tom Hooper,Crime,2010,118,Medium,R,1,2017-04-09
2084,Se7en,New Line Cinema,David Fincher,Romance,1995,127,High,R,2,2020-07-12
249,Se7en,New Line Cinema,David Fincher,Sci-Fi,1995,127,High,R,1,2018-01-08
1984,The Godfather,Paramount Pictures,Francis Ford Coppola,Animation,1972,175,High,R,4,2015-09-26
2270,The Shawshank Redemption,Castle Rock Entertainment,Frank Darabont,Thriller,1994,142,High,R,1,2018-01-07
2273,Up,Pixar,Pete Docter,Crime,2009,96,Medium,PG,2,2023-07-23
1667,Schindler's List,Universal Pictures,Steven Spielberg,Action,1993,195,High,R,3,2021-05-16
584,Pulp Fiction,Miramax,Quentin Tarantino,Animation,1994,154,High,R,2,2023-10-12
1736,The Dark Knight,Warner Bros.,Christopher Nolan,Action,2008,152,High,PG-13,2,2021-01-10
5,Toy Story,Pixar,John Lasseter,Animation,1995,81,Low,G,4,2015-06-21
686,American Beauty,DreamWorks,Sam Mendes,Romance,1999,122,High,R,3,2022-04-28
1028,The Shawshank Redemption,Castle Rock Entertainment,Frank Darabont,Fantasy,1994,142,High,R,3,2021-09-14
2590,Parasite,CJ Entertainment,Bong Joon-ho,Sci-Fi,2019,132,High,R,3,2024-06-12
662,The Shawshank Redemption,Castle Rock Entertainment,Frank Darabont,Animation,1994,142,High,R,3,2015-07-06
368,Goodfellas,Warner Bros.,Martin Scorsese,Romance,1990,146,High,R,1,2018-05-16
2280,The Dark Knight,Warner Bros.,Christopher Nolan,Crime,2008,152,High,PG-13,2,2023-02-17
2068,The Avengers,Marvel Studios,Joss Whedon,Sci-Fi,2012,143,High,PG-13,2,2021-11-05
1071,Blade Runner,Warner Bros.,Ridley Scott,Adventure,1982,117,Medium,R,3,2022-02-14
2713,Spirited Away,Studio Ghibli,Hayao Miyazaki,Fantasy,2001,125,High,PG,3,2017-10-04
2456,The Usual Suspects,Gramercy Pictures,Bryan Singer,Adventure,1995,106,Medium,R,2,2020-02-27
1952,The Godfather,Paramount Pictures,Francis Ford Coppola,Action,1972,175,High,R,1,2021-10-29
2277,The Shawshank Redemption,Castle Rock Entertainment,Frank Darabont,Drama,1994,142,High,R,2,2019-08-20
333,No Country for Old Men,Mirage Enterprises,Ethan Coen,Fantasy,2007,122,High,R,4,2021-01-13
2751,The Prestige,Warner Bros.,Christopher Nolan,Crime,2006,130,High,PG-13,5,2015-05-07
1542,Pulp Fiction,Miramax,Quentin Tarantino,Crime,1994,154,High,R,3,2025-11-25
2856,Back to the Future,Universal Pictures,Robert Zemeckis,Adventure,1985,116,Medium,PG,4,2016-12-26
791,The Usual Suspects,Gramercy Pictures,Bryan Singer,Crime,1995,106,Medium,R,4,2019-02-26
1152,Pulp Fiction,Miramax,Quentin Tarantino,Thriller,1994,154,High,R,1,2023-07-04
2513,The Empire Strikes Back,Lucasfilm,Irvin Kershner,Adventure,1980,124,High,PG,2,2016-01-04
2023,The Lord of the Rings: The Return of the King,New Line Cinema,Peter Jackson,Thriller,2003,201,High,PG-13,2,2025-12-28
2884,Up,Pixar,Pete Docter,Drama,2009,96,Medium,PG,3,2020-07-11
2616,Gladiator,DreamWorks Pictures,Ridley Scott,Thriller,2000,155,High,R,1,2017-03-14
2024,The Dark Knight,Warner Bros.,Christopher Nolan,Comedy,2008,152,High,PG-13,5,2020-08-11
2796,The Shawshank Redemption,Castle Rock Entertainment,Frank Darabont,Thriller,1994,142,High,R,5,2022-07-16
526,The Lord of the Rings: The Return of the King,New Line Cinema,Peter Jackson,Action,2003,201,High,PG-13,1,2021-08-06
2335,Goodfellas,Warner Bros.,Martin Scorsese,Action,1990,146,High,R,3,2025-06-20
2778,La La Land,Summit Entertainment,Damien Chazelle,Animation,2016,128,High,PG-13,3,2017-02-24
2789,The Shawshank Redemption,Castle Rock Entertainment,Frank Darabont,Animation,1994,142,High,R,5,2017-11-01
1750,Fight Club,20th Century Fox,David Fincher,Fantasy,1999,139,High,R,1,2025-07-08
1667,The Silence of the Lambs,Orion Pictures,Jonathan Demme,Drama,1991,118,Medium,R,3,2019-11-07
1481,The Godfather,Paramount Pictures,Francis Ford Coppola,Animation,1972,175,High,R,4,2020-07-22
1139,Inception,Warner Bros.,Christopher Nolan,Drama,2010,148,High,PG-13,2,2015-07-12
22,The Truman Show,Paramount Pictures,Peter Weir,Animation,1998,103,Medium,PG,4,2018-07-19
2343,The Dark Knight,Warner Bros.,Christopher Nolan,Adventure,2008,152,High,PG-13,1,2024-11-13
305,American Beauty,DreamWorks,Sam Mendes,Thriller,1999,122,High,R,4,2025-09-28
1274,Joker,Warner Bros.,Todd Phillips,Thriller,2019,122,High,R,2,2018-09-10
1770,The Shawshank Redemption,Castle Rock Entertainment,Frank Darabont,Crime,1994,142,High,R,1,2020-05-19
1026,American Beauty,DreamWorks,Sam Mendes,Romance,1999,122,High,R,3,2024-06-04
1396,The Godfather,Paramount Pictures,Francis Ford Coppola,Fantasy,1972,175,High,R,2,2025-10-02
970,Back to the Future,Universal Pictures,Robert Zemeckis,Adventure,1985,116,Medium,PG,5,2023-11-27
392,The King's Speech,The Weinstein Company,Tom Hooper,Romance,2010,118,Medium,R,5,2019-12-02
249,The Lord of the Rings: The Return of the King,New Line Cinema,Peter Jackson,Romance,2003,201,High,PG-13,1,2015-12-17
2841,Joker,Warner Bros.,Todd Phillips,Sci-Fi,2019,122,High,R,3,2024-12-24
1811,The Shawshank Redemption,Castle Rock Entertainment,Frank Darabont,Action,1994,142,High,R,1,2025-04-22
418,The Shawshank Redemption,Castle Rock Entertainment,Frank Darabont,Romance,1994,142,High,R,4,2015-09-27
1563,The Empire Strikes Back,Lucasfilm,Irvin Kershner,Animation,1980,124,High,PG,1,2018-04-22
2456,The Dark Knight,Warner Bros.,Christopher Nolan,Romance,2008,152,High,PG-13,4,2017-08-12
1573,The Prestige,Warner Bros.,Christopher Nolan,Romance,2006,130,High,PG-13,1,2020-02-01
415,Forrest Gump,Paramount Pictures,Robert Zemeckis,Sci-Fi,1994,142,High,PG-13,5,2021-12-11
1345,The Dark Knight,Warner Bros.,Christopher Nolan,Drama,2008,152,High,PG-13,4,2020-10-19
2438,The Matrix,Warner Bros.,Lana Wachowski,Crime,1999,136,High,R,1,2015-02-20
2348,Gladiator,DreamWorks Pictures,Ridley Scott,Romance,2000,155,High,R,2,2025-02-21
1725,The Shawshank Redemption,Castle Rock Entertainment,Frank Darabont,Animation,1994,142,High,R,3,2018-12-26
996,Forrest Gump,Paramount Pictures,Robert Zemeckis,Romance,1994,142,High,PG-13,4,2017-01-31
1277,The Shawshank Redemption,Castle Rock Entertainment,Frank Darabont,Drama,1994,142,High,R,1,2016-06-06
2391,The Matrix,Warner Bros.,Lana Wachowski,Animation,1999,136,High,R,3,2018-06-28
1265,Moonlight,A24,Barry Jenkins,Action,2016,111,Medium,R,2,2020-04-07
34,The Lord of the Rings: The Return of the King,New Line Cinema,Peter Jackson,Comedy,2003,201,High,PG-13,3,2025-11-18
2078,Inception,Warner Bros.,Christopher Nolan,Action,2010,148,High,PG-13,1,2017-08-30
1409,The Lion King,Walt Disney Pictures,Roger Allers,Animation,1994,88,Low,G,1,2019-09-25
281,The Shawshank Redemption,Castle Rock Entertainment,Frank Darabont,Thriller,1994,142,High,R,2,2023-10-22
2837,The Dark Knight,Warner Bros.,Christopher Nolan,Fantasy,2008,152,High,PG-13,4,2021-09-22
1375,The Godfather,Paramount Pictures,Francis Ford Coppola,Romance,1972,175,High,R,5,2025-10-19
430,The Lord of the Rings: The Return of the King,New Line Cinema,Peter Jackson,Sci-Fi,2003,201,High,PG-13,3,2016-10-26
16,Pulp Fiction,Miramax,Quentin Tarantino,Drama,1994,154,High,R,4,2017-06-17
874,The Silence of the Lambs,Orion Pictures,Jonathan Demme,Thriller,1991,118,Medium,R,4,2021-12-30
1640,The Godfather,Paramount Pictures,Francis Ford Coppola,Adventure,1972,175,High,R,4,2017-04-20
303,The Shawshank Redemption,Castle Rock Entertainment,Frank Darabont,Drama,1994,142,High,R,3,2015-02-10
1191,The Dark Knight,Warner Bros.,Christopher Nolan,Animation,2008,152,High,PG-13,1,2016-08-06
122,Pulp Fiction,Miramax,Quentin Tarantino,Romance,1994,154,High,R,3,2015-06-29
1074,The Shawshank Redemption,Castle Rock Entertainment,Frank Darabont,Comedy,1994,142,High,R,2,2017-06-15
732,Gladiator,DreamWorks Pictures,Ridley Scott,Adventure,2000,155,High,R,5,2017-10-04
415,The Shawshank Redemption,Castle Rock Entertainment,Frank Darabont,Action,1994,142,High,R,3,2025-03-19
455,The Shawshank Redemption,Castle Rock Entertainment,Frank Darabont,Action,1994,142,High,R,4,2022-05-06
984,The Dark Knight,Warner Bros.,Christopher Nolan,Thriller,2008,152,High,PG-13,3,2020-02-12
2159,The Dark Knight,Warner Bros.,Christopher Nolan,Adventure,2008,152,High,PG-13,2,2025-07-21
2913,Inside Out,Pixar,Pete Docter,Romance,2015,95,Medium,PG,4,2024-11-06
777,The Shawshank Redemption,Castle Rock Entertainment,Frank Darabont,Action,1994,142,High,R,2,2023-11-30
2456,The Shawshank Redemption,Castle Rock Entertainment,Frank Darabont,Sci-Fi,1994,142,High,R,3,2018-07-26
2524,Pulp Fiction,Miramax,Quentin Tarantino,Thriller,1994,154,High,R,1,2023-07-23
609,The Matrix,Warner Bros.,Lana Wachowski,Animation,1999,136,High,R,3,2023-11-09
518,The Godfather,Paramount Pictures,Francis Ford Coppola,Drama,1972,175,High,R,3,2024-10-15
2980,The Social Network,Columbia Pictures,David Fincher,Romance,2010,120,Medium,PG-13,4,2017-05-07
686,The Shawshank Redemption,Castle Rock Entertainment,Frank Darabont,Fantasy,1994,142,High,R,5,2015-09-23
2126,Inception,Warner Bros.,Christopher Nolan,Animation,2010,148,High,PG-13,3,2020-08-04
2845,Forrest Gump,Paramount Pictures,Robert Zemeckis,Adventure,1994,142,High,PG-13,3,2020-11-22
2381,Forrest Gump,Paramount Pictures,Robert Zemeckis,Fantasy,1994,142,High,PG-13,4,2018-01-04
900,The Dark Knight,Warner Bros.,Christopher Nolan,Romance,2008,152,High,PG-13,1,2017-04-28
896,No Country for Old Men,Mirage Enterprises,Ethan Coen,Fantasy,2007,122,High,R,2,2019-06-10
1533,The Godfather,Paramount Pictures,Francis Ford Coppola,Sci-Fi,1972,175,High,R,5,2016-10-05
345,The Godfather,Paramount Pictures,Francis Ford Coppola,Crime,1972,175,High,R,2,2023-06-06
2392,The Godfather,Paramount Pictures,Francis Ford Coppola,Animation,1972,175,High,R,3,2017-07-31
1746,The Shawshank Redemption,Castle Rock Entertainment,Frank Darabont,Animation,1994,142,High,R,5,2018-10-09
2038,Pulp Fiction,Miramax,Quentin Tarantino,Sci-Fi,1994,154,High,R,4,2019-02-14
1810,The Godfather,Paramount Pictures,Francis Ford Coppola,Sci-Fi,1972,175,High,R,1,2017-01-05
338,The Godfather,Paramount Pictures,Francis Ford Coppola,Crime,1972,175,High,R,3,2025-02-09
2637,The Godfather,Paramount Pictures,Francis Ford Coppola,Animation,1972,175,High,R,5,2021-02-17
486,The Shawshank Redemption,Castle Rock Entertainment,Frank Darabont,Comedy,1994,142,High,R,2,2016-02-08
1368,The Shawshank Redemption,Castle Rock Entertainment,Frank Darabont,Drama,1994,142,High,R,5,2017-03-31
2800,The Shawshank Redemption,Castle Rock Entertainment,Frank Darabont,Adventure,1994,142,High,R,3,2018-05-24
2934,The Social Network,Columbia Pictures,David Fincher,Thriller,2010,120,Medium,PG-13,5,2016-07-18
1227,Goodfellas,Warner Bros.,Martin Scorsese,Comedy,1990,146,High,R,1,2023-08-21
1662,The Godfather,Paramount Pictures,Francis Ford Coppola,Adventure,1972,175,High,R,4,2025-08-10
2100,The Lion King,Walt Disney Pictures,Roger Allers,Drama,1994,88,Low,G,4,2022-05-03
930,Heat,Warner Bros.,Michael Mann,Action,1995,170,High,R,4,2017-07-21
2113,Titanic,Paramount Pictures,James Cameron,Thriller,1997,195,High,PG-13,4,2017-08-15
1890,The Matrix,Warner Bros.,Lana Wachowski,Animation,1999,136,High,R,4,2023-02-07
770,The Dark Knight,Warner Bros.,Christopher Nolan,Crime,2008,152,High,PG-13,3,2024-06-26
1844,Pulp Fiction,Miramax,Quentin Tarantino,Sci-Fi,1994,154,High,R,2,2019-12-02
2366,The Social Network,Columbia Pictures,David Fincher,Drama,2010,120,Medium,PG-13,3,2016-07-23
2699,The Green Mile,Castle Rock Entertainment,Frank Darabont,Comedy,1999,189,High,R,1,2020-08-09
1744,Back to the Future,Universal Pictures,Robert Zemeckis,Adventure,1985,116,Medium,PG,2,2019-09-13
1336,The Empire Strikes Back,Lucasfilm,Irvin Kershner,Sci-Fi,1980,124,High,PG,5,2018-05-12
570,The Matrix,Warner Bros.,Lana Wachowski,Romance,1999,136,High,R,1,2025-05-05
2470,The Shawshank Redemption,Castle Rock Entertainment,Frank Darabont,Adventure,1994,142,High,R,5,2022-01-23
1562,Joker,Warner Bros.,Todd Phillips,Romance,2019,122,High,R,4,2025-12-28
1583,The Shawshank Redemption,Castle Rock Entertainment,Frank Darabont,Sci-Fi,1994,142,High,R,1,2020-12-29
1850,The Shawshank Redemption,Castle Rock Entertainment,Frank Darabont,Crime,1994,142,High,R,3,2021-05-21
428,The Silence of the Lambs,Orion Pictures,Jonathan Demme,Comedy,1991,118,Medium,R,1,2016-12-03
2823,The Empire Strikes Back,Lucasfilm,Irvin Kershner,Action,1980,124,High,PG,1,2024-04-08
285,The Lord of the Rings: The Return of the King,New Line Cinema,Peter Jackson,Drama,2003,201,High,PG-13,2,2017-03-26
955,Avengers: Endgame,Marvel Studios,Anthony Russo,Sci-Fi,2019,181,High,PG-13,3,2017-04-23
236,The Godfather,Paramount Pictures,Francis Ford Coppola,Animation,1972,175,High,R,1,2020-02-06
1683,The Dark Knight,Warner Bros.,Christopher Nolan,Drama,2008,152,High,PG-13,2,2018-08-31
1714,The Dark Knight,Warner Bros.,Christopher Nolan,Crime,2008,152,High,PG-13,2,2021-01-06
846,Forrest Gump,Paramount Pictures,Robert Zemeckis,Crime,1994,142,High,PG-13,4,2025-09-17
2907,The Shawshank Redemption,Castle Rock Entertainment,Frank Darabont,Thriller,1994,142,High,R,3,2019-11-06
1272,Schindler's List,Universal Pictures,Steven Spielberg,Action,1993,195,High,R,5,2021-06-13
827,The Matrix,Warner Bros.,Lana Wachowski,Animation,1999,136,High,R,4,2018-02-02
1636,The Shawshank Redemption,Castle Rock Entertainment,Frank Darabont,Action,1994,142,High,R,4,2015-09-20
2332,The Lord of the Rings: The Return of the King,New Line Cinema,Peter Jackson,Thriller,2003,201,High,PG-13,5,2018-09-09
161,The Grand Budapest Hotel,Fox Searchlight,Wes Anderson,Fantasy,2014,99,Medium,R,4,2021-06-17
2869,Goodfellas,Warner Bros.,Martin Scorsese,Comedy,1990,146,High,R,4,2018-11-21
718,Parasite,CJ Entertainment,Bong Joon-ho,Comedy,2019,132,High,R,4,2021-11-15
1770,Pulp Fiction,Miramax,Quentin Tarantino,Action,1994,154,High,R,5,2023-03-23
1612,Pulp Fiction,Miramax,Quentin Tarantino,Action,1994,154,High,R,5,2016-01-27
647,Interstellar,Paramount Pictures,Christopher Nolan,Drama,2014,169,High,PG-13,2,2024-12-06
274,The Godfather,Paramount Pictures,Francis Ford Coppola,Animation,1972,175,High,R,3,2022-06-23
2265,Interstellar,Paramount Pictures,Christopher Nolan,Thriller,2014,169,High,PG-13,4,2019-08-12
431,The Shawshank Redemption,Castle Rock Entertainment,Frank Darabont,Adventure,1994,142,High,R,1,2023-06-22
676,Forrest Gump,Paramount Pictures,Robert Zemeckis,Adventure,1994,142,High,PG-13,4,2020-01-22
110,The Godfather,Paramount Pictures,Francis Ford Coppola,Animation,1972,175,High,R,1,2020-03-08
1636,The Shawshank Redemption,Castle Rock Entertainment,Frank Darabont,Fantasy,1994,142,High,R,4,2018-11-08
1027,La La Land,Summit Entertainment,Damien Chazelle,Sci-Fi,2016,128,High,PG-13,1,2015-02-13
1902,The Shawshank Redemption,Castle Rock Entertainment,Frank Darabont,Action,1994,142,High,R,3,2022-07-08
2692,Forrest Gump,Paramount Pictures,Robert Zemeckis,Crime,1994,142,High,PG-13,1,2021-02-24
1144,The Godfather,Paramount Pictures,Francis Ford Coppola,Fantasy,1972,175,High,R,2,2020-04-12
412,Parasite,CJ Entertainment,Bong Joon-ho,Action,2019,132,High,R,1,2021-10-22
1601,The Shawshank Redemption,Castle Rock Entertainment,Frank Darabont,Crime,1994,142,High,R,5,2023-04-25
1805,The Shawshank Redemption,Castle Rock Entertainment,Frank Darabont,Drama,1994,142,High,R,3,2016-09-20
2765,The Dark Knight,Warner Bros.,Christopher Nolan,Thriller,2008,152,High,PG-13,1,2025-01-04
2601,Inception,Warner Bros.,Christopher Nolan,Fantasy,2010,148,High,PG-13,1,2024-05-19
1263,American Beauty,DreamWorks,Sam Mendes,Crime,1999,122,High,R,4,2022-09-28
1546,Pulp Fiction,Miramax,Quentin Tarantino,Romance,1994,154,High,R,1,2015-07-19
978,The Departed,Warner Bros.,Martin Scorsese,Thriller,2006,151,High,R,3,2025-03-11
60,The Shawshank Redemption,Castle Rock Entertainment,Frank Darabont,Drama,1994,142,High,R,4,2015-04-25
396,The Dark Knight,Warner Bros.,Christopher Nolan,Thriller,2008,152,High,PG-13,1,2017-06-22
1703,Saving Private Ryan,DreamWorks/Amblin,Steven Spielberg,Action,1998,169,High,R,2,2015-06-30
2568,Inception,Warner Bros.,Christopher Nolan,Adventure,2010,148,High,PG-13,3,2021-04-21
1753,The Shawshank Redemption,Castle Rock Entertainment,Frank Darabont,Thriller,1994,142,High,R,5,2019-06-07
1325,The Shawshank Redemption,Castle Rock Entertainment,Frank Darabont,Thriller,1994,142,High,R,1,2018-12-31
1595,The Shawshank Redemption,Castle Rock Entertainment,Frank Darabont,Sci-Fi,1994,142,High,R,3,2015-02-19
1141,The Shawshank Redemption,Castle Rock Entertainment,Frank Darabont,Thriller,1994,142,High,R,1,2022-05-19
896,Schindler's List,Universal Pictures,Steven Spielberg,Adventure,1993,195,High,R,1,2015-10-03
2919,Pulp Fiction,Miramax,Quentin Tarantino,Romance,1994,154,High,R,4,2016-02-22
389,Inception,Warner Bros.,Christopher Nolan,Romance,2010,148,High,PG-13,2,2017-10-28
719,The Matrix,Warner Bros.,Lana Wachowski,Sci-Fi,1999,136,High,R,2,2018-09-22
1373,The Silence of the Lambs,Orion Pictures,Jonathan Demme,Adventure,1991,118,Medium,R,4,2015-10-04
2094,The Shawshank Redemption,Castle Rock Entertainment,Frank Darabont,Romance,1994,142,High,R,4,2019-04-16
2887,The Silence of the Lambs,Orion Pictures,Jonathan Demme,Thriller,1991,118,Medium,R,5,2021-08-03
509,Heat,Warner Bros.,Michael Mann,Thriller,1995,170,High,R,1,2021-11-29
326,The Godfather,Paramount Pictures,Francis Ford Coppola,Sci-Fi,1972,175,High,R,2,2021-12-13
828,The Shawshank Redemption,Castle Rock Entertainment,Frank Darabont,Adventure,1994,142,High,R,4,2018-04-29
2971,The Shawshank Redemption,Castle Rock Entertainment,Frank Darabont,Thriller,1994,142,High,R,1,2017-09-02
1140,The Matrix,Warner Bros.,Lana Wachowski,Fantasy,1999,136,High,R,3,2016-07-03
1700,The Godfather,Paramount Pictures,Francis Ford Coppola,Drama,1972,175,High,R,5,2023-11-18
1357,The Silence of the Lambs,Orion Pictures,Jonathan Demme,Comedy,1991,118,Medium,R,1,2017-07-27
2724,The Dark Knight,Warner Bros.,Christopher Nolan,Thriller,2008,152,High,PG-13,5,2015-08-10
1563,Heat,Warner Bros.,Michael Mann,Thriller,1995,170,High,R,5,2024-10-14
25,Inception,Warner Bros.,Christopher Nolan,Action,2010,148,High,PG-13,4,2022-01-23
789,The Shawshank Redemption,Castle Rock Entertainment,Frank Darabont,Fantasy,1994,142,High,R,1,2025-09-11
376,The Shawshank Redemption,Castle Rock Entertainment,Frank Darabont,Action,1994,142,High,R,2,2016-05-29
2079,The Shawshank Redemption,Castle Rock Entertainment,Frank Darabont,Animation,1994,142,High,R,2,2017-08-25
2956,The Shawshank Redemption,Castle Rock Entertainment,Frank Darabont,Fantasy,1994,142,High,R,3,2016-11-03
1020,The Shawshank Redemption,Castle Rock Entertainment,Frank Darabont,Sci-Fi,1994,142,High,R,2,2021-10-17
2604,The Godfather,Paramount Pictures,Francis Ford Coppola,Romance,1972,175,High,R,4,2025-11-07
1473,The Shawshank Redemption,Castle Rock Entertainment,Frank Darabont,Fantasy,1994,142,High,R,1,2025-08-31
1732,The Dark Knight,Warner Bros.,Christopher Nolan,Action,2008,152,High,PG-13,4,2019-12-13
1975,Forrest Gump,Paramount Pictures,Robert Zemeckis,Sci-Fi,1994,142,High,PG-13,2,2024-03-11
341,The Shawshank Redemption,Castle Rock Entertainment,Frank Darabont,Sci-Fi,1994,142,High,R,4,2024-07-30
626,Se7en,New Line Cinema,David Fincher,Comedy,1995,127,High,R,5,2021-01-09
1900,Fight Club,20th Century Fox,David Fincher,Action,1999,139,High,R,3,2019-04-08
2483,The Godfather,Paramount Pictures,Francis Ford Coppola,Comedy,1972,175,High,R,4,2021-04-21
1923,Forrest Gump,Paramount Pictures,Robert Zemeckis,Adventure,1994,142,High,PG-13,2,2023-01-07
2051,The Shawshank Redemption,Castle Rock Entertainment,Frank Darabont,Thriller,1994,142,High,R,1,2015-02-22
1704,Titanic,Paramount Pictures,James Cameron,Adventure,1997,195,High,PG-13,4,2019-07-16
1261,The Pianist,Focus Features,Roman Polanski,Adventure,2002,150,High,R,4,2020-06-28
160,The Silence of the Lambs,Orion Pictures,Jonathan Demme,Romance,1991,118,Medium,R,1,2019-08-02
2317,Django Unchained,Columbia Pictures,Quentin Tarantino,Crime,2012,165,High,R,4,2025-06-15
2959,The Shawshank Redemption,Castle Rock Entertainment,Frank Darabont,Sci-Fi,1994,142,High,R,3,2023-08-26
237,The Dark Knight,Warner Bros.,Christopher Nolan,Fantasy,2008,152,High,PG-13,3,2022-10-23
1957,Schindler's List,Universal Pictures,Steven Spielberg,Sci-Fi,1993,195,High,R,2,2017-09-19
2727,The Shawshank Redemption,Castle Rock Entertainment,Frank Darabont,Adventure,1994,142,High,R,1,2022-10-27
2790,The Silence of the Lambs,Orion Pictures,Jonathan Demme,Comedy,1991,118,Medium,R,5,2020-02-09
2715,The Shawshank Redemption,Castle Rock Entertainment,Frank Darabont,Thriller,1994,142,High,R,5,2021-06-26
379,Parasite,CJ Entertainment,Bong Joon-ho,Drama,2019,132,High,R,1,2023-08-24
2401,The Silence of the Lambs,Orion Pictures,Jonathan Demme,Sci-Fi,1991,118,Medium,R,4,2022-12-02
774,Inside Out,Pixar,Pete Docter,Crime,2015,95,Medium,PG,5,2025-03-16
2834,The Green Mile,Castle Rock Entertainment,Frank Darabont,Action,1999,189,High,R,4,2017-11-01
1262,The Godfather,Paramount Pictures,Francis Ford Coppola,Animation,1972,175,High,R,4,2021-07-28
2346,Titanic,Paramount Pictures,James Cameron,Crime,1997,195,High,PG-13,1,2022-02-18
859,Whiplash,Blumhouse Productions,Damien Chazelle,Adventure,2014,107,Medium,R,2,2018-01-06
690,"Crouching Tiger, Hidden Dragon",Sony Pictures Classics,Ang Lee,Sci-Fi,2000,120,Medium,PG-13,3,2015-01-27
2853,American Beauty,DreamWorks,Sam Mendes,Drama,1999,122,High,R,1,2015-10-14
1766,Pulp Fiction,Miramax,Quentin Tarantino,Sci-Fi,1994,154,High,R,3,2023-03-22
551,The Shawshank Redemption,Castle Rock Entertainment,Frank Darabont,Adventure,1994,142,High,R,2,2022-11-23
452,The Shawshank Redemption,Castle Rock Entertainment,Frank Darabont,Action,1994,142,High,R,5,2025-08-20
242,Pulp Fiction,Miramax,Quentin Tarantino,Thriller,1994,154,High,R,2,2017-04-03
1675,Se7en,New Line Cinema,David Fincher,Thriller,1995,127,High,R,3,2025-02-12
2607,Pulp Fiction,Miramax,Quentin Tarantino,Romance,1994,154,High,R,1,2024-09-26
511,The Shawshank Redemption,Castle Rock Entertainment,Frank Darabont,Comedy,1994,142,High,R,1,2019-03-28
962,The Godfather,Paramount Pictures,Francis Ford Coppola,Adventure,1972,175,High,R,1,2021-07-26
1090,Forrest Gump,Paramount Pictures,Robert Zemeckis,Crime,1994,142,High,PG-13,1,2015-09-08
172,Se7en,New Line Cinema,David Fincher,Drama,1995,127,High,R,5,2023-11-07
2470,The Shawshank Redemption,Castle Rock Entertainment,Frank Darabont,Animation,1994,142,High,R,1,2019-03-19
1381,Inception,Warner Bros.,Christopher Nolan,Comedy,2010,148,High,PG-13,4,2020-04-22
1406,The Lord of the Rings: The Return of the King,New Line Cinema,Peter Jackson,Adventure,2003,201,High,PG-13,3,2022-08-24
1633,The Avengers,Marvel Studios,Joss Whedon,Thriller,2012,143,High,PG-13,3,2022-06-17
1353,The Dark Knight,Warner Bros.,Christopher Nolan,Drama,2008,152,High,PG-13,3,2024-10-16
2861,Saving Private Ryan,DreamWorks/Amblin,Steven Spielberg,Drama,1998,169,High,R,4,2024-10-05
504,The Dark Knight,Warner Bros.,Christopher Nolan,Action,2008,152,High,PG-13,1,2021-10-01
1852,Mad Max: Fury Road,Warner Bros.,George Miller,Comedy,2015,120,Medium,R,2,2019-02-18
2705,The Lord of the Rings: The Return of the King,New Line Cinema,Peter Jackson,Fantasy,2003,201,High,PG-13,5,2019-08-20
1476,The Shawshank Redemption,Castle Rock Entertainment,Frank Darabont,Adventure,1994,142,High,R,1,2022-02-08
2486,The Green Mile,Castle Rock Entertainment,Frank Darabont,Adventure,1999,189,High,R,4,2017-08-14
1753,Forrest Gump,Paramount Pictures,Robert Zemeckis,Romance,1994,142,High,PG-13,1,2018-11-27
1577,The Pianist,Focus Features,Roman Polanski,Fantasy,2002,150,High,R,1,2023-03-27
2131,The Godfather,Paramount Pictures,Francis Ford Coppola,Thriller,1972,175,High,R,2,2024-10-02
2040,The Green Mile,Castle Rock Entertainment,Frank Darabont,Animation,1999,189,High,R,1,2016-06-07
1913,Saving Private Ryan,DreamWorks/Amblin,Steven Spielberg,Comedy,1998,169,High,R,5,2024-10-23
2715,The Shawshank Redemption,Castle Rock Entertainment,Frank Darabont,Fantasy,1994,142,High,R,1,2020-05-28
2703,Inception,Warner Bros.,Christopher Nolan,Thriller,2010,148,High,PG-13,2,2016-11-29
120,Interstellar,Paramount Pictures,Christopher Nolan,Crime,2014,169,High,PG-13,4,2023-01-10
1149,The Shawshank Redemption,Castle Rock Entertainment,Frank Darabont,Adventure,1994,142,High,R,4,2023-08-05
2747,The Shawshank Redemption,Castle Rock Entertainment,Frank Darabont,Comedy,1994,142,High,R,4,2025-09-02
2972,The Shawshank Redemption,Castle Rock Entertainment,Frank Darabont,Action,1994,142,High,R,5,2022-02-08
2360,Forrest Gump,Paramount Pictures,Robert Zemeckis,Adventure,1994,142,High,PG-13,2,2025-06-13
1406,The Departed,Warner Bros.,Martin Scorsese,Romance,2006,151,High,R,1,2022-03-22
1790,The Dark Knight,Warner Bros.,Christopher Nolan,Sci-Fi,2008,152,High,PG-13,5,2025-11-01
1192,American Beauty,DreamWorks,Sam Mendes,Thriller,1999,122,High,R,3,2016-04-18
2426,The Shawshank Redemption,Castle Rock Entertainment,Frank Darabont,Crime,1994,142,High,R,3,2023-04-22
522,The Pianist,Focus Features,Roman Polanski,Crime,2002,150,High,R,5,2019-02-15
7,La La Land,Summit Entertainment,Damien Chazelle,Sci-Fi,2016,128,High,PG-13,5,2023-04-07
1590,The Godfather,Paramount Pictures,Francis Ford Coppola,Romance,1972,175,High,R,5,2017-02-16
2783,Spirited Away,Studio Ghibli,Hayao Miyazaki,Adventure,2001,125,High,PG,3,2023-12-11
2465,"Crouching Tiger, Hidden Dragon",Sony Pictures Classics,Ang Lee,Action,2000,120,Medium,PG-13,5,2022-06-11
2205,The Matrix,Warner Bros.,Lana Wachowski,Crime,1999,136,High,R,4,2015-02-07
1216,The Social Network,Columbia Pictures,David Fincher,Adventure,2010,120,Medium,PG-13,2,2024-02-25
2464,Parasite,CJ Entertainment,Bong Joon-ho,Fantasy,2019,132,High,R,4,2016-08-26
1266,The Godfather,Paramount Pictures,Francis Ford Coppola,Drama,1972,175,High,R,5,2018-08-04
2894,Forrest Gump,Paramount Pictures,Robert Zemeckis,Crime,1994,142,High,PG-13,3,2024-07-04
2885,The Matrix,Warner Bros.,Lana Wachowski,Thriller,1999,136,High,R,4,2018-04-08
2936,Up,Pixar,Pete Docter,Drama,2009,96,Medium,PG,3,2016-09-17
734,The Shawshank Redemption,Castle Rock Entertainment,Frank Darabont,Thriller,1994,142,High,R,1,2025-05-09
2701,La La Land,Summit Entertainment,Damien Chazelle,Sci-Fi,2016,128,High,PG-13,3,2024-02-21
1607,Joker,Warner Bros.,Todd Phillips,Action,2019,122,High,R,1,2021-02-22
1604,The Dark Knight,Warner Bros.,Christopher Nolan,Fantasy,2008,152,High,PG-13,3,2023-07-01
2853,The Dark Knight,Warner Bros.,Christopher Nolan,Animation,2008,152,High,PG-13,3,2018-03-02
537,The Truman Show,Paramount Pictures,Peter Weir,Animation,1998,103,Medium,PG,4,2016-02-03
2907,The Godfather,Paramount Pictures,Francis Ford Coppola,Romance,1972,175,High,R,1,2024-07-12
1810,The Godfather,Paramount Pictures,Francis Ford Coppola,Action,1972,175,High,R,5,2016-07-17
894,Interstellar,Paramount Pictures,Christopher Nolan,Comedy,2014,169,High,PG-13,2,2017-05-09
2974,Saving Private Ryan,DreamWorks/Amblin,Steven Spielberg,Thriller,1998,169,High,R,1,2019-01-23
1750,La La Land,Summit Entertainment,Damien Chazelle,Crime,2016,128,High,PG-13,2,2019-03-23
1457,The Empire Strikes Back,Lucasfilm,Irvin Kershner,Action,1980,124,High,PG,1,2016-01-29
2112,Inside Out,Pixar,Pete Docter,Action,2015,95,Medium,PG,1,2016-04-25
609,Schindler's List,Universal Pictures,Steven Spielberg,Romance,1993,195,High,R,4,2025-11-16
487,The Silence of the Lambs,Orion Pictures,Jonathan Demme,Sci-Fi,1991,118,Medium,R,2,2015-05-20
2442,The Godfather,Paramount Pictures,Francis Ford Coppola,Fantasy,1972,175,High,R,3,2022-09-18
1900,Blade Runner,Warner Bros.,Ridley Scott,Sci-Fi,1982,117,Medium,R,1,2023-09-21
2676,Mad Max: Fury Road,Warner Bros.,George Miller,Sci-Fi,2015,120,Medium,R,3,2022-02-03
339,Pulp Fiction,Miramax,Quentin Tarantino,Drama,1994,154,High,R,1,2016-04-22
2404,The Shawshank Redemption,Castle Rock Entertainment,Frank Darabont,Animation,1994,142,High,R,2,2015-04-05
2842,Fight Club,20th Century Fox,David Fincher,Romance,1999,139,High,R,4,2018-01-26
1984,Goodfellas,Warner Bros.,Martin Scorsese,Romance,1990,146,High,R,2,2019-04-22
513,The Avengers,Marvel Studios,Joss Whedon,Sci-Fi,2012,143,High,PG-13,3,2021-05-29
1661,The Shawshank Redemption,Castle Rock Entertainment,Frank Darabont,Crime,1994,142,High,R,5,2017-01-27
2198,American Beauty,DreamWorks,Sam Mendes,Drama,1999,122,High,R,4,2021-03-27
2126,Whiplash,Blumhouse Productions,Damien Chazelle,Animation,2014,107,Medium,R,4,2015-09-19
850,Parasite,CJ Entertainment,Bong Joon-ho,Animation,2019,132,High,R,1,2023-06-14
2454,Up,Pixar,Pete Docter,Crime,2009,96,Medium,PG,2,2024-08-31
1288,Interstellar,Paramount Pictures,Christopher Nolan,Drama,2014,169,High,PG-13,5,2020-01-06
2674,The Shawshank Redemption,Castle Rock Entertainment,Frank Darabont,Action,1994,142,High,R,5,2017-04-24
144,The Shawshank Redemption,Castle Rock Entertainment,Frank Darabont,Animation,1994,142,High,R,3,2024-07-19
1490,The Shawshank Redemption,Castle Rock Entertainment,Frank Darabont,Crime,1994,142,High,R,5,2018-05-07
2696,Up,Pixar,Pete Docter,Action,2009,96,Medium,PG,4,2025-12-16
2128,The Shawshank Redemption,Castle Rock Entertainment,Frank Darabont,Comedy,1994,142,High,R,1,2025-08-11
573,There Will Be Blood,Paramount Vantage,Paul Thomas Anderson,Comedy,2007,158,High,R,5,2019-12-28
1443,The Matrix,Warner Bros.,Lana Wachowski,Adventure,1999,136,High,R,5,2025-03-19
406,The Lord of the Rings: The Return of the King,New Line Cinema,Peter Jackson,Animation,2003,201,High,PG-13,2,2022-09-18
771,Schindler's List,Universal Pictures,Steven Spielberg,Drama,1993,195,High,R,2,2015-05-31
2262,The Shawshank Redemption,Castle Rock Entertainment,Frank Darabont,Thriller,1994,142,High,R,2,2021-10-02
2987,The Shawshank Redemption,Castle Rock Entertainment,Frank Darabont,Adventure,1994,142,High,R,3,2016-06-10
1068,The Lord of the Rings: The Return of the King,New Line Cinema,Peter Jackson,Crime,2003,201,High,PG-13,5,2017-11-10
342,The Dark Knight,Warner Bros.,Christopher Nolan,Action,2008,152,High,PG-13,4,2020-02-12
835,The King's Speech,The Weinstein Company,Tom Hooper,Sci-Fi,2010,118,Medium,R,2,2021-01-04
1525,The Shawshank Redemption,Castle Rock Entertainment,Frank Darabont,Comedy,1994,142,High,R,2,2023-01-05
1720,Fight Club,20th Century Fox,David Fincher,Animation,1999,139,High,R,5,2016-11-02
107,The Lion King,Walt Disney Pictures,Roger Allers,Adventure,1994,88,Low,G,4,2019-04-02
511,Up,Pixar,Pete Docter,Thriller,2009,96,Medium,PG,1,2018-01-11
1350,Inception,Warner Bros.,Christopher Nolan,Animation,2010,148,High,PG-13,4,2015-09-28
1120,The Silence of the Lambs,Orion Pictures,Jonathan Demme,Adventure,1991,118,Medium,R,3,2023-09-22
402,The Shawshank Redemption,Castle Rock Entertainment,Frank Darabont,Thriller,1994,142,High,R,3,2015-02-10
431,The Dark Knight,Warner Bros.,Christopher Nolan,Thriller,2008,152,High,PG-13,4,2025-09-03
2984,Whiplash,Blumhouse Productions,Damien Chazelle,Crime,2014,107,Medium,R,2,2020-11-26
2167,The Green Mile,Castle Rock Entertainment,Frank Darabont,Romance,1999,189,High,R,4,2016-01-27
1111,The Dark Knight,Warner Bros.,Christopher Nolan,Romance,2008,152,High,PG-13,3,2021-03-09
1596,The Lord of the Rings: The Return of the King,New Line Cinema,Peter Jackson,Drama,2003,201,High,PG-13,2,2018-07-26
1650,The Shawshank Redemption,Castle Rock Entertainment,Frank Darabont,Animation,1994,142,High,R,5,2021-09-01
2813,Forrest Gump,Paramount Pictures,Robert Zemeckis,Action,1994,142,High,PG-13,3,2015-02-08
1552,Inception,Warner Bros.,Christopher Nolan,Action,2010,148,High,PG-13,2,2016-08-07
2972,Fight Club,20th Century Fox,David Fincher,Comedy,1999,139,High,R,1,2025-04-19
2494,The Silence of the Lambs,Orion Pictures,Jonathan Demme,Adventure,1991,118,Medium,R,2,2022-08-09
1450,Pulp Fiction,Miramax,Quentin Tarantino,Fantasy,1994,154,High,R,2,2019-12-03
1753,Saving Private Ryan,DreamWorks/Amblin,Steven Spielberg,Animation,1998,169,High,R,3,2018-02-03
357,Inception,Warner Bros.,Christopher Nolan,Thriller,2010,148,High,PG-13,3,2022-02-16
370,Alien,20th Century Fox,Ridley Scott,Sci-Fi,1979,117,Medium,R,3,2024-06-24
384,The Silence of the Lambs,Orion Pictures,Jonathan Demme,Crime,1991,118,Medium,R,2,2025-08-06
1171,The Shawshank Redemption,Castle Rock Entertainment,Frank Darabont,Drama,1994,142,High,R,1,2023-05-04
1737,Fight Club,20th Century Fox,David Fincher,Fantasy,1999,139,High,R,1,2025-10-16
2110,The Empire Strikes Back,Lucasfilm,Irvin Kershner,Action,1980,124,High,PG,4,2020-08-01
57,The Empire Strikes Back,Lucasfilm,Irvin Kershner,Animation,1980,124,High,PG,1,2019-07-19
2189,The Lord of the Rings: The Return of the King,New Line Cinema,Peter Jackson,Drama,2003,201,High,PG-13,4,2022-11-17
2496,Se7en,New Line Cinema,David Fincher,Thriller,1995,127,High,R,5,2022-09-02
2145,The Shawshank Redemption,Castle Rock Entertainment,Frank Darabont,Fantasy,1994,142,High,R,2,2022-07-25
547,There Will Be Blood,Paramount Vantage,Paul Thomas Anderson,Action,2007,158,High,R,1,2019-02-12
1553,Inception,Warner Bros.,Christopher Nolan,Drama,2010,148,High,PG-13,4,2020-07-22
2782,The Shawshank Redemption,Castle Rock Entertainment,Frank Darabont,Crime,1994,142,High,R,3,2025-04-01
1226,The Godfather,Paramount Pictures,Francis Ford Coppola,Animation,1972,175,High,R,1,2018-04-03
2586,Forrest Gump,Paramount Pictures,Robert Zemeckis,Comedy,1994,142,High,PG-13,2,2015-01-10
2634,Fight Club,20th Century Fox,David Fincher,Thriller,1999,139,High,R,3,2025-06-02
2531,Inception,Warner Bros.,Christopher Nolan,Drama,2010,148,High,PG-13,4,2025-01-03
2522,The Social Network,Columbia Pictures,David Fincher,Drama,2010,120,Medium,PG-13,3,2015-01-25
22,Pulp Fiction,Miramax,Quentin Tarantino,Comedy,1994,154,High,R,3,2016-03-14
37,The Dark Knight,Warner Bros.,Christopher Nolan,Action,2008,152,High,PG-13,4,2018-12-23
2168,The Shawshank Redemption,Castle Rock Entertainment,Frank Darabont,Fantasy,1994,142,High,R,2,2015-12-14
1997,Inception,Warner Bros.,Christopher Nolan,Action,2010,148,High,PG-13,4,2016-05-22
1620,The Shawshank Redemption,Castle Rock Entertainment,Frank Darabont,Comedy,1994,142,High,R,2,2020-04-11
747,The Dark Knight,Warner Bros.,Christopher Nolan,Adventure,2008,152,High,PG-13,4,2025-01-02
2689,Inception,Warner Bros.,Christopher Nolan,Comedy,2010,148,High,PG-13,1,2019-12-02
1778,Parasite,CJ Entertainment,Bong Joon-ho,Action,2019,132,High,R,2,2018-12-19
1167,The Shawshank Redemption,Castle Rock Entertainment,Frank Darabont,Thriller,1994,142,High,R,1,2017-02-15
1357,The Shawshank Redemption,Castle Rock Entertainment,Frank Darabont,Sci-Fi,1994,142,High,R,4,2023-05-06
1964,There Will Be Blood,Paramount Vantage,Paul Thomas Anderson,Action,2007,158,High,R,2,2025-08-20
2004,Toy Story,Pixar,John Lasseter,Comedy,1995,81,Low,G,1,2019-09-21
1638,Fight Club,20th Century Fox,David Fincher,Action,1999,139,High,R,3,2023-06-04
442,Forrest Gump,Paramount Pictures,Robert Zemeckis,Sci-Fi,1994,142,High,PG-13,2,2016-03-25
2049,The Prestige,Warner Bros.,Christopher Nolan,Action,2006,130,High,PG-13,2,2018-11-10
1402,The Shawshank Redemption,Castle Rock Entertainment,Frank Darabont,Thriller,1994,142,High,R,1,2022-08-10
1967,Pulp Fiction,Miramax,Quentin Tarantino,Romance,1994,154,High,R,1,2019-11-15
1757,The Godfather,Paramount Pictures,Francis Ford Coppola,Fantasy,1972,175,High,R,1,2023-07-14
1022,The Godfather,Paramount Pictures,Francis Ford Coppola,Action,1972,175,High,R,5,2017-02-04
1014,The Godfather,Paramount Pictures,Francis Ford Coppola,Crime,1972,175,High,R,3,2022-11-11
2894,Schindler's List,Universal Pictures,Steven Spielberg,Sci-Fi,1993,195,High,R,2,2020-04-25
743,Whiplash,Blumhouse Productions,Damien Chazelle,Crime,2014,107,Medium,R,5,2021-11-08
494,The Shawshank Redemption,Castle Rock Entertainment,Frank Darabont,Romance,1994,142,High,R,2,2017-07-28
599,The Shawshank Redemption,Castle Rock Entertainment,Frank Darabont,Drama,1994,142,High,R,3,2017-02-26
209,Pulp Fiction,Miramax,Quentin Tarantino,Romance,1994,154,High,R,2,2016-01-08
2595,The Dark Knight,Warner Bros.,Christopher Nolan,Animation,2008,152,High,PG-13,3,2022-11-07
1963,Spirited Away,Studio Ghibli,Hayao Miyazaki,Thriller,2001,125,High,PG,3,2019-10-12
451,The Shawshank Redemption,Castle Rock Entertainment,Frank Darabont,Sci-Fi,1994,142,High,R,1,2018-05-31
1713,The Godfather,Paramount Pictures,Francis Ford Coppola,Comedy,1972,175,High,R,3,2022-12-24
3,The Godfather,Paramount Pictures,Francis Ford Coppola,Drama,1972,175,High,R,2,2015-06-17
1934,The Shawshank Redemption,Castle Rock Entertainment,Frank Darabont,Adventure,1994,142,High,R,2,2018-03-14
758,The Godfather,Paramount Pictures,Francis Ford Coppola,Romance,1972,175,High,R,1,2019-10-31
1247,The Godfather,Paramount Pictures,Francis Ford Coppola,Fantasy,1972,175,High,R,3,2018-10-01
534,The Shawshank Redemption,Castle Rock Entertainment,Frank Darabont,Drama,1994,142,High,R,5,2023-08-22
2477,The Godfather,Paramount Pictures,Francis Ford Coppola,Adventure,1972,175,High,R,5,2020-12-06
1574,The Dark Knight,Warner Bros.,Christopher Nolan,Comedy,2008,152,High,PG-13,2,2021-07-21
2466,The Shawshank Redemption,Castle Rock Entertainment,Frank Darabont,Crime,1994,142,High,R,2,2022-01-22
2887,The Shawshank Redemption,Castle Rock Entertainment,Frank Darabont,Romance,1994,142,High,R,2,2017-03-01
2239,Pulp Fiction,Miramax,Quentin Tarantino,Crime,1994,154,High,R,1,2025-07-24
828,The Lord of the Rings: The Return of the King,New Line Cinema,Peter Jackson,Comedy,2003,201,High,PG-13,4,2023-07-15
786,Inception,Warner Bros.,Christopher Nolan,Action,2010,148,High,PG-13,1,2016-06-07
1423,Pulp Fiction,Miramax,Quentin Tarantino,Comedy,1994,154,High,R,5,2025-12-08
1787,No Country for Old Men,Mirage Enterprises,Ethan Coen,Fantasy,2007,122,High,R,1,2025-03-19
2064,The Shawshank Redemption,Castle Rock Entertainment,Frank Darabont,Sci-Fi,1994,142,High,R,5,2025-06-11
2854,The Prestige,Warner Bros.,Christopher Nolan,Action,2006,130,High,PG-13,5,2018-01-27
2320,Up,Pixar,Pete Docter,Comedy,2009,96,Medium,PG,1,2025-09-19
2805,The Shawshank Redemption,Castle Rock Entertainment,Frank Darabont,Thriller,1994,142,High,R,4,2020-07-20
1794,Inception,Warner Bros.,Christopher Nolan,Animation,2010,148,High,PG-13,1,2016-11-08
1599,Se7en,New Line Cinema,David Fincher,Sci-Fi,1995,127,High,R,5,2023-09-28
15,The Dark Knight,Warner Bros.,Christopher Nolan,Comedy,2008,152,High,PG-13,2,2017-01-23
37,The Shawshank Redemption,Castle Rock Entertainment,Frank Darabont,Thriller,1994,142,High,R,5,2022-10-24
2899,The Grand Budapest Hotel,Fox Searchlight,Wes Anderson,Animation,2014,99,Medium,R,4,2020-08-25
903,Titanic,Paramount Pictures,James Cameron,Comedy,1997,195,High,PG-13,3,2024-07-23
701,The Godfather,Paramount Pictures,Francis Ford Coppola,Comedy,1972,175,High,R,5,2016-05-02
161,The Godfather,Paramount Pictures,Francis Ford Coppola,Animation,1972,175,High,R,2,2018-04-10
212,The Silence of the Lambs,Orion Pictures,Jonathan Demme,Comedy,1991,118,Medium,R,2,2018-01-12
476,The Silence of the Lambs,Orion Pictures,Jonathan Demme,Thriller,1991,118,Medium,R,2,2020-12-29
1512,The Shawshank Redemption,Castle Rock Entertainment,Frank Darabont,Adventure,1994,142,High,R,5,2025-11-26
548,The Godfather,Paramount Pictures,Francis Ford Coppola,Animation,1972,175,High,R,3,2023-02-05
235,Pulp Fiction,Miramax,Quentin Tarantino,Romance,1994,154,High,R,3,2018-08-22
2993,The Lord of the Rings: The Return of the King,New Line Cinema,Peter Jackson,Drama,2003,201,High,PG-13,3,2017-06-17
65,Up,Pixar,Pete Docter,Action,2009,96,Medium,PG,3,2025-11-23
2819,Inception,Warner Bros.,Christopher Nolan,Romance,2010,148,High,PG-13,1,2023-02-07
845,The Dark Knight,Warner Bros.,Christopher Nolan,Comedy,2008,152,High,PG-13,5,2021-03-06
836,The Lion King,Walt Disney Pictures,Roger Allers,Thriller,1994,88,Low,G,3,2018-01-05
950,The Matrix,Warner Bros.,Lana Wachowski,Sci-Fi,1999,136,High,R,2,2020-01-02
1963,Titanic,Paramount Pictures,James Cameron,Sci-Fi,1997,195,High,PG-13,3,2016-08-30
722,The Shawshank Redemption,Castle Rock Entertainment,Frank Darabont,Action,1994,142,High,R,4,2017-01-27
1156,The Shawshank Redemption,Castle Rock Entertainment,Frank Darabont,Fantasy,1994,142,High,R,2,2022-04-06
1615,The Shawshank Redemption,Castle Rock Entertainment,Frank Darabont,Action,1994,142,High,R,2,2024-03-02
296,Interstellar,Paramount Pictures,Christopher Nolan,Thriller,2014,169,High,PG-13,1,2016-08-10
2967,Pulp Fiction,Miramax,Quentin Tarantino,Fantasy,1994,154,High,R,4,2016-02-15
1548,Inception,Warner Bros.,Christopher Nolan,Drama,2010,148,High,PG-13,5,2016-02-13
2640,The Dark Knight,Warner Bros.,Christopher Nolan,Crime,2008,152,High,PG-13,1,2023-07-25
343,"Crouching Tiger, Hidden Dragon",Sony Pictures Classics,Ang Lee,Action,2000,120,Medium,PG-13,2,2023-08-21
39,The Godfather,Paramount Pictures,Francis Ford Coppola,Romance,1972,175,High,R,1,2023-11-20
1387,Toy Story,Pixar,John Lasseter,Crime,1995,81,Low,G,5,2023-04-04
1968,The Social Network,Columbia Pictures,David Fincher,Crime,2010,120,Medium,PG-13,2,2016-07-24
1359,Se7en,New Line Cinema,David Fincher,Fantasy,1995,127,High,R,2,2018-06-13
2835,Forrest Gump,Paramount Pictures,Robert Zemeckis,Thriller,1994,142,High,PG-13,1,2021-02-04
183,The Godfather,Paramount Pictures,Francis Ford Coppola,Animation,1972,175,High,R,1,2015-03-28
1702,The Shawshank Redemption,Castle Rock Entertainment,Frank Darabont,Comedy,1994,142,High,R,1,2020-09-26
1750,The Shawshank Redemption,Castle Rock Entertainment,Frank Darabont,Thriller,1994,142,High,R,1,2017-07-17
2804,The Dark Knight,Warner Bros.,Christopher Nolan,Adventure,2008,152,High,PG-13,3,2017-07-14
452,The Dark Knight,Warner Bros.,Christopher Nolan,Crime,2008,152,High,PG-13,4,2016-11-25
2522,The Godfather,Paramount Pictures,Francis Ford Coppola,Comedy,1972,175,High,R,3,2015-11-09
178,The Dark Knight,Warner Bros.,Christopher Nolan,Adventure,2008,152,High,PG-13,1,2025-01-16
1372,The Lord of the Rings: The Return of the King,New Line Cinema,Peter Jackson,Action,2003,201,High,PG-13,4,2020-12-12
2734,The Matrix,Warner Bros.,Lana Wachowski,Sci-Fi,1999,136,High,R,2,2025-01-06
426,Interstellar,Paramount Pictures,Christopher Nolan,Romance,2014,169,High,PG-13,3,2018-11-27
1088,The Godfather,Paramount Pictures,Francis Ford Coppola,Fantasy,1972,175,High,R,3,2025-06-18
609,American Beauty,DreamWorks,Sam Mendes,Crime,1999,122,High,R,1,2024-08-30
1600,Whiplash,Blumhouse Productions,Damien Chazelle,Action,2014,107,Medium,R,3,2016-08-28
2367,Pulp Fiction,Miramax,Quentin Tarantino,Fantasy,1994,154,High,R,1,2016-04-08
1324,Pulp Fiction,Miramax,Quentin Tarantino,Comedy,1994,154,High,R,2,2016-01-06
1308,Django Unchained,Columbia Pictures,Quentin Tarantino,Action,2012,165,High,R,4,2018-12-15
2608,Forrest Gump,Paramount Pictures,Robert Zemeckis,Fantasy,1994,142,High,PG-13,4,2021-09-30
2251,The Dark Knight,Warner Bros.,Christopher Nolan,Thriller,2008,152,High,PG-13,4,2019-09-11
2197,Forrest Gump,Paramount Pictures,Robert Zemeckis,Animation,1994,142,High,PG-13,4,2020-12-21
2929,The Lion King,Walt Disney Pictures,Roger Allers,Sci-Fi,1994,88,Low,G,1,2021-07-07
358,Pulp Fiction,Miramax,Quentin Tarantino,Romance,1994,154,High,R,2,2022-11-19
71,The Godfather,Paramount Pictures,Francis Ford Coppola,Drama,1972,175,High,R,2,2024-07-16
452,The Dark Knight,Warner Bros.,Christopher Nolan,Fantasy,2008,152,High,PG-13,2,2025-04-30
571,The Shawshank Redemption,Castle Rock Entertainment,Frank Darabont,Adventure,1994,142,High,R,3,2024-07-08
1725,The Godfather,Paramount Pictures,Francis Ford Coppola,Action,1972,175,High,R,5,2025-11-24
565,The Godfather,Paramount Pictures,Francis Ford Coppola,Thriller,1972,175,High,R,1,2023-05-18
108,The Shawshank Redemption,Castle Rock Entertainment,Frank Darabont,Action,1994,142,High,R,4,2023-03-22
2873,Interstellar,Paramount Pictures,Christopher Nolan,Sci-Fi,2014,169,High,PG-13,3,2015-08-10
2433,The Shawshank Redemption,Castle Rock Entertainment,Frank Darabont,Romance,1994,142,High,R,1,2020-05-07
579,The Green Mile,Castle Rock Entertainment,Frank Darabont,Drama,1999,189,High,R,2,2019-02-05
1706,The Shawshank Redemption,Castle Rock Entertainment,Frank Darabont,Crime,1994,142,High,R,1,2021-05-20
574,The Shawshank Redemption,Castle Rock Entertainment,Frank Darabont,Action,1994,142,High,R,4,2023-05-04
2960,Goodfellas,Warner Bros.,Martin Scorsese,Comedy,1990,146,High,R,4,2019-08-13
639,The Dark Knight,Warner Bros.,Christopher Nolan,Drama,2008,152,High,PG-13,3,2016-03-31
711,The Shawshank Redemption,Castle Rock Entertainment,Frank Darabont,Drama,1994,142,High,R,5,2023-06-04
1736,Forrest Gump,Paramount Pictures,Robert Zemeckis,Drama,1994,142,High,PG-13,4,2024-05-03
1057,The Empire Strikes Back,Lucasfilm,Irvin Kershner,Fantasy,1980,124,High,PG,5,2022-12-23
932,The Truman Show,Paramount Pictures,Peter Weir,Animation,1998,103,Medium,PG,3,2022-12-15
377,Pulp Fiction,Miramax,Quentin Tarantino,Action,1994,154,High,R,3,2025-11-29
2536,Inception,Warner Bros.,Christopher Nolan,Action,2010,148,High,PG-13,2,2019-06-29
2291,The Shawshank Redemption,Castle Rock Entertainment,Frank Darabont,Sci-Fi,1994,142,High,R,2,2024-03-22
1283,The Lord of the Rings: The Return of the King,New Line Cinema,Peter Jackson,Crime,2003,201,High,PG-13,4,2020-05-09
224,Schindler's List,Universal Pictures,Steven Spielberg,Sci-Fi,1993,195,High,R,4,2016-11-06
445,Saving Private Ryan,DreamWorks/Amblin,Steven Spielberg,Sci-Fi,1998,169,High,R,2,2018-01-10
1375,The Shawshank Redemption,Castle Rock Entertainment,Frank Darabont,Adventure,1994,142,High,R,5,2023-09-25
437,The Shawshank Redemption,Castle Rock Entertainment,Frank Darabont,Comedy,1994,142,High,R,2,2021-01-27
1267,The Shawshank Redemption,Castle Rock Entertainment,Frank Darabont,Romance,1994,142,High,R,1,2023-06-26
1103,The Shawshank Redemption,Castle Rock Entertainment,Frank Darabont,Thriller,1994,142,High,R,1,2017-09-11
2310,The Shawshank Redemption,Castle Rock Entertainment,Frank Darabont,Romance,1994,142,High,R,5,2015-07-03
1289,The Usual Suspects,Gramercy Pictures,Bryan Singer,Fantasy,1995,106,Medium,R,1,2015-07-16
1461,The Shawshank Redemption,Castle Rock Entertainment,Frank Darabont,Comedy,1994,142,High,R,1,2025-12-30
1289,Se7en,New Line Cinema,David Fincher,Sci-Fi,1995,127,High,R,5,2017-03-09
2764,Se7en,New Line Cinema,David Fincher,Adventure,1995,127,High,R,2,2022-11-18
2057,The Shawshank Redemption,Castle Rock Entertainment,Frank Darabont,Sci-Fi,1994,142,High,R,5,2016-02-18
1566,American Beauty,DreamWorks,Sam Mendes,Action,1999,122,High,R,1,2021-08-02
621,Forrest Gump,Paramount Pictures,Robert Zemeckis,Drama,1994,142,High,PG-13,3,2016-10-22
2943,The Empire Strikes Back,Lucasfilm,Irvin Kershner,Crime,1980,124,High,PG,1,2025-09-07
2944,The Godfather,Paramount Pictures,Francis Ford Coppola,Thriller,1972,175,High,R,2,2023-08-16
2494,The Shawshank Redemption,Castle Rock Entertainment,Frank Darabont,Animation,1994,142,High,R,5,2023-03-04
538,Schindler's List,Universal Pictures,Steven Spielberg,Adventure,1993,195,High,R,4,2023-10-22
1765,The Dark Knight,Warner Bros.,Christopher Nolan,Adventure,2008,152,High,PG-13,5,2024-08-06
2501,The Shawshank Redemption,Castle Rock Entertainment,Frank Darabont,Sci-Fi,1994,142,High,R,2,2017-05-05
2038,The Lord of the Rings: The Return of the King,New Line Cinema,Peter Jackson,Action,2003,201,High,PG-13,5,2022-01-15
1268,The Shawshank Redemption,Castle Rock Entertainment,Frank Darabont,Drama,1994,142,High,R,2,2023-08-05
1863,Fight Club,20th Century Fox,David Fincher,Crime,1999,139,High,R,4,2016-01-21
1148,The Godfather,Paramount Pictures,Francis Ford Coppola,Comedy,1972,175,High,R,2,2015-10-07
734,The Matrix,Warner Bros.,Lana Wachowski,Adventure,1999,136,High,R,1,2015-10-19
1049,Gladiator,DreamWorks Pictures,Ridley Scott,Fantasy,2000,155,High,R,3,2020-04-22
508,The Departed,Warner Bros.,Martin Scorsese,Fantasy,2006,151,High,R,2,2025-07-16
1175,WALL·E,Pixar,Andrew Stanton,Fantasy,2008,98,Medium,G,1,2019-01-28
1503,The Dark Knight,Warner Bros.,Christopher Nolan,Romance,2008,152,High,PG-13,2,2019-12-11
342,Inception,Warner Bros.,Christopher Nolan,Romance,2010,148,High,PG-13,3,2019-03-11
2796,The Empire Strikes Back,Lucasfilm,Irvin Kershner,Animation,1980,124,High,PG,4,2017-12-12
2298,The Shawshank Redemption,Castle Rock Entertainment,Frank Darabont,Drama,1994,142,High,R,2,2022-11-06
649,The Shawshank Redemption,Castle Rock Entertainment,Frank Darabont,Crime,1994,142,High,R,3,2019-03-20
1894,Fight Club,20th Century Fox,David Fincher,Crime,1999,139,High,R,2,2019-05-10
2632,The Empire Strikes Back,Lucasfilm,Irvin Kershner,Adventure,1980,124,High,PG,4,2020-04-02
739,Inception,Warner Bros.,Christopher Nolan,Fantasy,2010,148,High,PG-13,1,2015-12-18
1645,Titanic,Paramount Pictures,James Cameron,Sci-Fi,1997,195,High,PG-13,4,2017-03-28
1992,The Godfather,Paramount Pictures,Francis Ford Coppola,Adventure,1972,175,High,R,3,2021-10-11
1862,The Shawshank Redemption,Castle Rock Entertainment,Frank Darabont,Fantasy,1994,142,High,R,1,2018-02-14
2623,The Shawshank Redemption,Castle Rock Entertainment,Frank Darabont,Action,1994,142,High,R,4,2016-08-19
1558,The Shawshank Redemption,Castle Rock Entertainment,Frank Darabont,Romance,1994,142,High,R,1,2021-09-28
1940,The Shawshank Redemption,Castle Rock Entertainment,Frank Darabont,Adventure,1994,142,High,R,4,2025-12-22
2801,The Shawshank Redemption,Castle Rock Entertainment,Frank Darabont,Thriller,1994,142,High,R,1,2025-09-07
581,Pulp Fiction,Miramax,Quentin Tarantino,Comedy,1994,154,High,R,2,2015-12-09
2918,The Shawshank Redemption,Castle Rock Entertainment,Frank Darabont,Sci-Fi,1994,142,High,R,1,2018-05-06
2743,Pulp Fiction,Miramax,Quentin Tarantino,Sci-Fi,1994,154,High,R,5,2017-05-26
1756,No Country for Old Men,Mirage Enterprises,Ethan Coen,Action,2007,122,High,R,1,2016-01-14
1431,The Dark Knight,Warner Bros.,Christopher Nolan,Comedy,2008,152,High,PG-13,2,2017-03-24
2822,The King's Speech,The Weinstein Company,Tom Hooper,Fantasy,2010,118,Medium,R,4,2021-01-02
2839,Whiplash,Blumhouse Productions,Damien Chazelle,Sci-Fi,2014,107,Medium,R,3,2025-03-27
2446,Fight Club,20th Century Fox,David Fincher,Drama,1999,139,High,R,5,2023-10-13
1327,The Shawshank Redemption,Castle Rock Entertainment,Frank Darabont,Romance,1994,142,High,R,5,2016-08-15
1879,Schindler's List,Universal Pictures,Steven Spielberg,Adventure,1993,195,High,R,1,2016-09-08
2761,"Crouching Tiger, Hidden Dragon",Sony Pictures Classics,Ang Lee,Fantasy,2000,120,Medium,PG-13,3,2016-04-10
515,Pulp Fiction,Miramax,Quentin Tarantino,Animation,1994,154,High,R,1,2020-01-20
896,The Silence of the Lambs,Orion Pictures,Jonathan Demme,Romance,1991,118,Medium,R,1,2015-05-30
2237,Goodfellas,Warner Bros.,Martin Scorsese,Thriller,1990,146,High,R,4,2022-10-23
1426,Whiplash,Blumhouse Productions,Damien Chazelle,Romance,2014,107,Medium,R,4,2017-06-04
59,The Shawshank Redemption,Castle Rock Entertainment,Frank Darabont,Thriller,1994,142,High,R,5,2025-09-17
1258,The Dark Knight,Warner Bros.,Christopher Nolan,Adventure,2008,152,High,PG-13,1,2018-05-21
1868,Forrest Gump,Paramount Pictures,Robert Zemeckis,Crime,1994,142,High,PG-13,4,2022-04-11
2222,Pulp Fiction,Miramax,Quentin Tarantino,Adventure,1994,154,High,R,3,2024-04-15
721,Pulp Fiction,Miramax,Quentin Tarantino,Adventure,1994,154,High,R,1,2025-05-22
2437,Pulp Fiction,Miramax,Quentin Tarantino,Adventure,1994,154,High,R,2,2021-03-14
2702,The Shawshank Redemption,Castle Rock Entertainment,Frank Darabont,Sci-Fi,1994,142,High,R,4,2018-03-13
2542,Interstellar,Paramount Pictures,Christopher Nolan,Sci-Fi,2014,169,High,PG-13,3,2022-11-15
426,The Pianist,Focus Features,Roman Polanski,Crime,2002,150,High,R,1,2024-01-15
1685,The Shawshank Redemption,Castle Rock Entertainment,Frank Darabont,Drama,1994,142,High,R,5,2025-06-16
2595,The Shawshank Redemption,Castle Rock Entertainment,Frank Darabont,Romance,1994,142,High,R,5,2016-02-13
1188,Pulp Fiction,Miramax,Quentin Tarantino,Romance,1994,154,High,R,1,2022-06-27
1863,The Social Network,Columbia Pictures,David Fincher,Thriller,2010,120,Medium,PG-13,2,2023-09-18
1924,Fight Club,20th Century Fox,David Fincher,Crime,1999,139,High,R,2,2024-08-08
2642,Alien,20th Century Fox,Ridley Scott,Adventure,1979,117,Medium,R,4,2019-08-19
1535,Gladiator,DreamWorks Pictures,Ridley Scott,Sci-Fi,2000,155,High,R,1,2025-07-15
2698,Whiplash,Blumhouse Productions,Damien Chazelle,Animation,2014,107,Medium,R,3,2018-01-01
1699,The Godfather,Paramount Pictures,Francis Ford Coppola,Sci-Fi,1972,175,High,R,2,2015-01-18
1534,The Shawshank Redemption,Castle Rock Entertainment,Frank Darabont,Drama,1994,142,High,R,2,2023-11-12
1373,Parasite,CJ Entertainment,Bong Joon-ho,Animation,2019,132,High,R,5,2018-07-24
2277,The Shawshank Redemption,Castle Rock Entertainment,Frank Darabont,Romance,1994,142,High,R,4,2017-09-17
1612,Inside Out,Pixar,Pete Docter,Thriller,2015,95,Medium,PG,5,2022-03-24
2607,Back to the Future,Universal Pictures,Robert Zemeckis,Romance,1985,116,Medium,PG,4,2016-06-11
1304,The Dark Knight,Warner Bros.,Christopher Nolan,Action,2008,152,High,PG-13,4,2025-02-20
2909,Inception,Warner Bros.,Christopher Nolan,Sci-Fi,2010,148,High,PG-13,2,2016-02-12
2364,Saving Private Ryan,DreamWorks/Amblin,Steven Spielberg,Animation,1998,169,High,R,1,2022-01-30
1321,Whiplash,Blumhouse Productions,Damien Chazelle,Comedy,2014,107,Medium,R,5,2016-10-13
48,The Shawshank Redemption,Castle Rock Entertainment,Frank Darabont,Crime,1994,142,High,R,1,2019-11-27
2532,The Silence of the Lambs,Orion Pictures,Jonathan Demme,Romance,1991,118,Medium,R,2,2015-04-24
104,Gladiator,DreamWorks Pictures,Ridley Scott,Crime,2000,155,High,R,5,2019-04-16
2587,Goodfellas,Warner Bros.,Martin Scorsese,Action,1990,146,High,R,4,2022-02-11
909,Whiplash,Blumhouse Productions,Damien Chazelle,Action,2014,107,Medium,R,2,2022-04-26
1549,The Godfather,Paramount Pictures,Francis Ford Coppola,Animation,1972,175,High,R,2,2023-02-22
589,The Departed,Warner Bros.,Martin Scorsese,Drama,2006,151,High,R,3,2015-12-06
1881,The Silence of the Lambs,Orion Pictures,Jonathan Demme,Romance,1991,118,Medium,R,1,2016-03-30
1157,Blade Runner 2049,Warner Bros.,Denis Villeneuve,Crime,2017,164,High,R,1,2016-08-03
2025,The Godfather,Paramount Pictures,Francis Ford Coppola,Action,1972,175,High,R,1,2015-11-13
2012,The Social Network,Columbia Pictures,David Fincher,Thriller,2010,120,Medium,PG-13,4,2016-02-17
2563,The Prestige,Warner Bros.,Christopher Nolan,Sci-Fi,2006,130,High,PG-13,1,2020-06-15
1285,The Shawshank Redemption,Castle Rock Entertainment,Frank Darabont,Sci-Fi,1994,142,High,R,4,2024-12-23
1224,The Silence of the Lambs,Orion Pictures,Jonathan Demme,Fantasy,1991,118,Medium,R,2,2017-01-06
2485,The Shawshank Redemption,Castle Rock Entertainment,Frank Darabont,Action,1994,142,High,R,5,2022-01-29
1983,La La Land,Summit Entertainment,Damien Chazelle,Crime,2016,128,High,PG-13,3,2018-11-21
649,Django Unchained,Columbia Pictures,Quentin Tarantino,Romance,2012,165,High,R,5,2015-01-21
2483,Inception,Warner Bros.,Christopher Nolan,Comedy,2010,148,High,PG-13,1,2017-02-28
625,The Shawshank Redemption,Castle Rock Entertainment,Frank Darabont,Drama,1994,142,High,R,5,2020-09-27
889,The Shawshank Redemption,Castle Rock Entertainment,Frank Darabont,Adventure,1994,142,High,R,1,2025-01-28
2981,The Shawshank Redemption,Castle Rock Entertainment,Frank Darabont,Action,1994,142,High,R,2,2015-12-08
1973,Interstellar,Paramount Pictures,Christopher Nolan,Action,2014,169,High,PG-13,3,2018-01-25
2259,The Shawshank Redemption,Castle Rock Entertainment,Frank Darabont,Crime,1994,142,High,R,3,2022-12-10
2100,Schindler's List,Universal Pictures,Steven Spielberg,Fantasy,1993,195,High,R,4,2019-11-22
811,The King's Speech,The Weinstein Company,Tom Hooper,Thriller,2010,118,Medium,R,3,2016-12-09
2391,Interstellar,Paramount Pictures,Christopher Nolan,Comedy,2014,169,High,PG-13,4,2016-02-26
844,The Prestige,Warner Bros.,Christopher Nolan,Romance,2006,130,High,PG-13,3,2016-11-09
1828,Blade Runner,Warner Bros.,Ridley Scott,Fantasy,1982,117,Medium,R,4,2024-11-25
441,Pulp Fiction,Miramax,Quentin Tarantino,Comedy,1994,154,High,R,3,2021-12-26
1446,The Lord of the Rings: The Return of the King,New Line Cinema,Peter Jackson,Sci-Fi,2003,201,High,PG-13,2,2021-05-12
139,The Dark Knight,Warner Bros.,Christopher Nolan,Crime,2008,152,High,PG-13,4,2016-11-16
1203,Toy Story,Pixar,John Lasseter,Comedy,1995,81,Low,G,5,2019-08-06
123,The Lord of the Rings: The Return of the King,New Line Cinema,Peter Jackson,Animation,2003,201,High,PG-13,3,2019-06-20
762,The Shawshank Redemption,Castle Rock Entertainment,Frank Darabont,Adventure,1994,142,High,R,4,2023-11-14
1523,The Dark Knight,Warner Bros.,Christopher Nolan,Crime,2008,152,High,PG-13,2,2022-05-14
1305,The Dark Knight,Warner Bros.,Christopher Nolan,Adventure,2008,152,High,PG-13,1,2015-02-09
2325,Interstellar,Paramount Pictures,Christopher Nolan,Adventure,2014,169,High,PG-13,2,2020-03-21
1580,The Prestige,Warner Bros.,Christopher Nolan,Thriller,2006,130,High,PG-13,5,2015-09-29
422,The Godfather,Paramount Pictures,Francis Ford Coppola,Thriller,1972,175,High,R,5,2017-06-09
2648,Fight Club,20th Century Fox,David Fincher,Romance,1999,139,High,R,1,2021-06-08
1312,Pulp Fiction,Miramax,Quentin Tarantino,Sci-Fi,1994,154,High,R,3,2024-02-14
192,The Shawshank Redemption,Castle Rock Entertainment,Frank Darabont,Drama,1994,142,High,R,4,2020-08-04
1855,Heat,Warner Bros.,Michael Mann,Sci-Fi,1995,170,High,R,1,2016-05-23
969,The Shawshank Redemption,Castle Rock Entertainment,Frank Darabont,Adventure,1994,142,High,R,5,2019-04-18
2359,The Matrix,Warner Bros.,Lana Wachowski,Comedy,1999,136,High,R,1,2022-03-21
1650,Heat,Warner Bros.,Michael Mann,Fantasy,1995,170,High,R,3,2016-06-20
1382,The Shawshank Redemption,Castle Rock Entertainment,Frank Darabont,Animation,1994,142,High,R,5,2015-06-10
1701,The Silence of the Lambs,Orion Pictures,Jonathan Demme,Crime,1991,118,Medium,R,4,2016-01-25
1417,Titanic,Paramount Pictures,James Cameron,Comedy,1997,195,High,PG-13,3,2023-06-15
2509,The Dark Knight,Warner Bros.,Christopher Nolan,Animation,2008,152,High,PG-13,3,2020-07-15
2626,The Shawshank Redemption,Castle Rock Entertainment,Frank Darabont,Comedy,1994,142,High,R,4,2020-07-13
2532,Up,Pixar,Pete Docter,Crime,2009,96,Medium,PG,3,2025-07-07
43,The Shawshank Redemption,Castle Rock Entertainment,Frank Darabont,Thriller,1994,142,High,R,1,2024-04-04
698,The Shawshank Redemption,Castle Rock Entertainment,Frank Darabont,Adventure,1994,142,High,R,4,2017-07-16
2820,The Shawshank Redemption,Castle Rock Entertainment,Frank Darabont,Adventure,1994,142,High,R,5,2015-01-21
197,Mad Max: Fury Road,Warner Bros.,George Miller,Comedy,2015,120,Medium,R,1,2016-03-29
2818,Alien,20th Century Fox,Ridley Scott,Crime,1979,117,Medium,R,3,2018-09-10
698,The Lord of the Rings: The Return of the King,New Line Cinema,Peter Jackson,Sci-Fi,2003,201,High,PG-13,3,2022-11-01
518,Blade Runner 2049,Warner Bros.,Denis Villeneuve,Romance,2017,164,High,R,4,2016-05-06
1693,The Godfather,Paramount Pictures,Francis Ford Coppola,Action,1972,175,High,R,5,2024-12-15
986,The Silence of the Lambs,Orion Pictures,Jonathan Demme,Crime,1991,118,Medium,R,5,2020-12-01
2994,The Matrix,Warner Bros.,Lana Wachowski,Fantasy,1999,136,High,R,3,2018-08-11
1214,Forrest Gump,Paramount Pictures,Robert Zemeckis,Crime,1994,142,High,PG-13,3,2023-08-05
993,Gladiator,DreamWorks Pictures,Ridley Scott,Adventure,2000,155,High,R,5,2024-05-15
2026,Schindler's List,Universal Pictures,Steven Spielberg,Thriller,1993,195,High,R,1,2015-11-04
1578,The Shawshank Redemption,Castle Rock Entertainment,Frank Darabont,Drama,1994,142,High,R,2,2020-04-01
2419,The Shawshank Redemption,Castle Rock Entertainment,Frank Darabont,Crime,1994,142,High,R,3,2017-05-04
1278,The Departed,Warner Bros.,Martin Scorsese,Animation,2006,151,High,R,3,2023-07-12
533,Gladiator,DreamWorks Pictures,Ridley Scott,Action,2000,155,High,R,5,2016-03-08
1854,The Shawshank Redemption,Castle Rock Entertainment,Frank Darabont,Adventure,1994,142,High,R,4,2025-12-07
1640,Mad Max: Fury Road,Warner Bros.,George Miller,Animation,2015,120,Medium,R,2,2023-09-30
2811,The Shawshank Redemption,Castle Rock Entertainment,Frank Darabont,Comedy,1994,142,High,R,4,2016-11-03
1889,The Godfather,Paramount Pictures,Francis Ford Coppola,Romance,1972,175,High,R,1,2016-08-26
1888,The Green Mile,Castle Rock Entertainment,Frank Darabont,Crime,1999,189,High,R,2,2015-03-09
2175,The Shawshank Redemption,Castle Rock Entertainment,Frank Darabont,Drama,1994,142,High,R,4,2022-06-04
2255,Pulp Fiction,Miramax,Quentin Tarantino,Comedy,1994,154,High,R,1,2025-05-24
1626,The Shawshank Redemption,Castle Rock Entertainment,Frank Darabont,Sci-Fi,1994,142,High,R,2,2016-09-08
1808,Forrest Gump,Paramount Pictures,Robert Zemeckis,Animation,1994,142,High,PG-13,3,2015-08-06
1567,The Godfather,Paramount Pictures,Francis Ford Coppola,Crime,1972,175,High,R,1,2022-04-10
776,Titanic,Paramount Pictures,James Cameron,Sci-Fi,1997,195,High,PG-13,2,2018-04-19
2489,The Dark Knight,Warner Bros.,Christopher Nolan,Romance,2008,152,High,PG-13,3,2020-12-09
205,Forrest Gump,Paramount Pictures,Robert Zemeckis,Sci-Fi,1994,142,High,PG-13,1,2022-08-22
218,The Silence of the Lambs,Orion Pictures,Jonathan Demme,Crime,1991,118,Medium,R,2,2016-04-16
270,No Country for Old Men,Mirage Enterprises,Ethan Coen,Romance,2007,122,High,R,3,2017-09-04
2541,Inception,Warner Bros.,Christopher Nolan,Comedy,2010,148,High,PG-13,2,2024-11-24
415,Interstellar,Paramount Pictures,Christopher Nolan,Sci-Fi,2014,169,High,PG-13,4,2019-05-29
701,The Shawshank Redemption,Castle Rock Entertainment,Frank Darabont,Comedy,1994,142,High,R,4,2017-04-22
2443,The Prestige,Warner Bros.,Christopher Nolan,Adventure,2006,130,High,PG-13,3,2022-12-01
2062,The Godfather,Paramount Pictures,Francis Ford Coppola,Drama,1972,175,High,R,1,2017-01-28
1251,Avengers: Endgame,Marvel Studios,Anthony Russo,Romance,2019,181,High,PG-13,4,2023-04-16
2792,The Social Network,Columbia Pictures,David Fincher,Thriller,2010,120,Medium,PG-13,2,2018-07-14
1865,The Shawshank Redemption,Castle Rock Entertainment,Frank Darabont,Action,1994,142,High,R,3,2025-02-02
1369,The Shawshank Redemption,Castle Rock Entertainment,Frank Darabont,Drama,1994,142,High,R,4,2019-10-19
2783,The Shawshank Redemption,Castle Rock Entertainment,Frank Darabont,Comedy,1994,142,High,R,1,2016-11-30
1941,Se7en,New Line Cinema,David Fincher,Drama,1995,127,High,R,5,2018-12-13
449,The Matrix,Warner Bros.,Lana Wachowski,Fantasy,1999,136,High,R,2,2020-04-19
1191,The Shawshank Redemption,Castle Rock Entertainment,Frank Darabont,Drama,1994,142,High,R,5,2022-08-17
601,Back to the Future,Universal Pictures,Robert Zemeckis,Animation,1985,116,Medium,PG,5,2016-11-16
1375,Whiplash,Blumhouse Productions,Damien Chazelle,Crime,2014,107,Medium,R,3,2024-01-06
2718,Pulp Fiction,Miramax,Quentin Tarantino,Adventure,1994,154,High,R,5,2017-11-20
1445,Forrest Gump,Paramount Pictures,Robert Zemeckis,Adventure,1994,142,High,PG-13,4,2015-02-25
2720,The Godfather,Paramount Pictures,Francis Ford Coppola,Adventure,1972,175,High,R,5,2023-09-08
1106,La La Land,Summit Entertainment,Damien Chazelle,Romance,2016,128,High,PG-13,4,2016-04-06
1681,The Empire Strikes Back,Lucasfilm,Irvin Kershner,Drama,1980,124,High,PG,2,2025-12-22
127,La La Land,Summit Entertainment,Damien Chazelle,Action,2016,128,High,PG-13,3,2020-08-01
366,The Godfather,Paramount Pictures,Francis Ford Coppola,Sci-Fi,1972,175,High,R,3,2017-04-25
1122,The Shawshank Redemption,Castle Rock Entertainment,Frank Darabont,Sci-Fi,1994,142,High,R,1,2025-10-29
2159,The Grand Budapest Hotel,Fox Searchlight,Wes Anderson,Animation,2014,99,Medium,R,4,2025-09-30
2414,The Shawshank Redemption,Castle Rock Entertainment,Frank Darabont,Adventure,1994,142,High,R,3,2019-05-21
169,Pulp Fiction,Miramax,Quentin Tarantino,Comedy,1994,154,High,R,3,2017-02-19
1776,The Matrix,Warner Bros.,Lana Wachowski,Adventure,1999,136,High,R,5,2016-05-18
452,The Prestige,Warner Bros.,Christopher Nolan,Romance,2006,130,High,PG-13,3,2018-03-27
2790,WALL·E,Pixar,Andrew Stanton,Fantasy,2008,98,Medium,G,2,2020-03-25
2722,The Shawshank Redemption,Castle Rock Entertainment,Frank Darabont,Comedy,1994,142,High,R,5,2021-04-05
1208,The Shawshank Redemption,Castle Rock Entertainment,Frank Darabont,Fantasy,1994,142,High,R,3,2015-09-22
2430,The Shawshank Redemption,Castle Rock Entertainment,Frank Darabont,Drama,1994,142,High,R,2,2018-03-05
1763,The Shawshank Redemption,Castle Rock Entertainment,Frank Darabont,Fantasy,1994,142,High,R,3,2015-01-21
565,The Dark Knight,Warner Bros.,Christopher Nolan,Drama,2008,152,High,PG-13,1,2017-10-26
2297,The Dark Knight,Warner Bros.,Christopher Nolan,Comedy,2008,152,High,PG-13,5,2022-06-18
806,The Shawshank Redemption,Castle Rock Entertainment,Frank Darabont,Crime,1994,142,High,R,3,2016-08-07
132,Pulp Fiction,Miramax,Quentin Tarantino,Crime,1994,154,High,R,3,2017-06-15
2780,Forrest Gump,Paramount Pictures,Robert Zemeckis,Adventure,1994,142,High,PG-13,2,2024-02-07
402,The Silence of the Lambs,Orion Pictures,Jonathan Demme,Sci-Fi,1991,118,Medium,R,4,2025-11-04
710,No Country for Old Men,Mirage Enterprises,Ethan Coen,Comedy,2007,122,High,R,5,2018-06-26
2799,Fight Club,20th Century Fox,David Fincher,Adventure,1999,139,High,R,5,2016-07-24
2271,The Departed,Warner Bros.,Martin Scorsese,Comedy,2006,151,High,R,2,2019-09-02
2322,The Shawshank Redemption,Castle Rock Entertainment,Frank Darabont,Comedy,1994,142,High,R,1,2018-05-02
1540,Blade Runner 2049,Warner Bros.,Denis Villeneuve,Fantasy,2017,164,High,R,5,2017-01-21
2157,Whiplash,Blumhouse Productions,Damien Chazelle,Sci-Fi,2014,107,Medium,R,1,2016-07-21
2807,Pulp Fiction,Miramax,Quentin Tarantino,Adventure,1994,154,High,R,5,2025-06-26
1911,Gladiator,DreamWorks Pictures,Ridley Scott,Fantasy,2000,155,High,R,3,2019-10-18
2290,Pulp Fiction,Miramax,Quentin Tarantino,Sci-Fi,1994,154,High,R,4,2015-04-24
576,The Shawshank Redemption,Castle Rock Entertainment,Frank Darabont,Sci-Fi,1994,142,High,R,1,2023-06-23
2098,The Lord of the Rings: The Return of the King,New Line Cinema,Peter Jackson,Comedy,2003,201,High,PG-13,2,2021-07-05
2317,The Dark Knight,Warner Bros.,Christopher Nolan,Romance,2008,152,High,PG-13,5,2025-02-03
1651,The Grand Budapest Hotel,Fox Searchlight,Wes Anderson,Drama,2014,99,Medium,R,4,2016-05-30
223,The Empire Strikes Back,Lucasfilm,Irvin Kershner,Fantasy,1980,124,High,PG,5,2020-02-29
2435,The Shawshank Redemption,Castle Rock Entertainment,Frank Darabont,Comedy,1994,142,High,R,1,2018-09-27
2829,The Shawshank Redemption,Castle Rock Entertainment,Frank Darabont,Comedy,1994,142,High,R,5,2020-05-26
2395,The Godfather,Paramount Pictures,Francis Ford Coppola,Drama,1972,175,High,R,1,2023-04-21
591,The Empire Strikes Back,Lucasfilm,Irvin Kershner,Drama,1980,124,High,PG,2,2020-10-15
2768,Fight Club,20th Century Fox,David Fincher,Fantasy,1999,139,High,R,2,2017-07-04
1274,The Silence of the Lambs,Orion Pictures,Jonathan Demme,Action,1991,118,Medium,R,3,2022-01-17
2818,Gladiator,DreamWorks Pictures,Ridley Scott,Drama,2000,155,High,R,4,2021-12-29
2474,The Shawshank Redemption,Castle Rock Entertainment,Frank Darabont,Crime,1994,142,High,R,1,2016-09-18
837,The Grand Budapest Hotel,Fox Searchlight,Wes Anderson,Animation,2014,99,Medium,R,1,2017-10-09
1601,The Shawshank Redemption,Castle Rock Entertainment,Frank Darabont,Drama,1994,142,High,R,5,2019-12-23
1982,The Shawshank Redemption,Castle Rock Entertainment,Frank Darabont,Crime,1994,142,High,R,3,2019-07-16
2510,The Usual Suspects,Gramercy Pictures,Bryan Singer,Thriller,1995,106,Medium,R,5,2017-12-02
600,The Empire Strikes Back,Lucasfilm,Irvin Kershner,Romance,1980,124,High,PG,1,2019-11-06
2693,The Silence of the Lambs,Orion Pictures,Jonathan Demme,Action,1991,118,Medium,R,2,2024-03-06
1951,The Godfather,Paramount Pictures,Francis Ford Coppola,Animation,1972,175,High,R,5,2017-03-31
2412,Forrest Gump,Paramount Pictures,Robert Zemeckis,Comedy,1994,142,High,PG-13,1,2025-10-03
2858,Forrest Gump,Paramount Pictures,Robert Zemeckis,Comedy,1994,142,High,PG-13,4,2019-04-30
1741,Saving Private Ryan,DreamWorks/Amblin,Steven Spielberg,Fantasy,1998,169,High,R,4,2024-02-15
2312,The Shawshank Redemption,Castle Rock Entertainment,Frank Darabont,Comedy,1994,142,High,R,4,2016-05-07
2643,The Dark Knight,Warner Bros.,Christopher Nolan,Romance,2008,152,High,PG-13,3,2015-05-20
1453,Schindler's List,Universal Pictures,Steven Spielberg,Romance,1993,195,High,R,4,2015-06-24
38,Up,Pixar,Pete Docter,Fantasy,2009,96,Medium,PG,4,2018-02-08
2062,Spirited Away,Studio Ghibli,Hayao Miyazaki,Adventure,2001,125,High,PG,5,2024-08-06
258,The Shawshank Redemption,Castle Rock Entertainment,Frank Darabont,Animation,1994,142,High,R,4,2020-10-02
2946,The Shawshank Redemption,Castle Rock Entertainment,Frank Darabont,Action,1994,142,High,R,3,2022-05-10
2697,Fight Club,20th Century Fox,David Fincher,Fantasy,1999,139,High,R,2,2018-02-14
2643,The Godfather,Paramount Pictures,Francis Ford Coppola,Sci-Fi,1972,175,High,R,1,2025-04-10
739,Forrest Gump,Paramount Pictures,Robert Zemeckis,Fantasy,1994,142,High,PG-13,5,2022-05-23
531,The Matrix,Warner Bros.,Lana Wachowski,Animation,1999,136,High,R,5,2017-11-27
2395,Interstellar,Paramount Pictures,Christopher Nolan,Romance,2014,169,High,PG-13,5,2018-11-26
121,The Lord of the Rings: The Return of the King,New Line Cinema,Peter Jackson,Sci-Fi,2003,201,High,PG-13,1,2015-07-04
2725,The Social Network,Columbia Pictures,David Fincher,Action,2010,120,Medium,PG-13,2,2016-01-31
949,The Shawshank Redemption,Castle Rock Entertainment,Frank Darabont,Fantasy,1994,142,High,R,3,2023-07-10
713,Spirited Away,Studio Ghibli,Hayao Miyazaki,Thriller,2001,125,High,PG,1,2025-02-02
264,Titanic,Paramount Pictures,James Cameron,Sci-Fi,1997,195,High,PG-13,4,2025-05-06
299,The Shawshank Redemption,Castle Rock Entertainment,Frank Darabont,Comedy,1994,142,High,R,1,2015-06-03
121,Pulp Fiction,Miramax,Quentin Tarantino,Adventure,1994,154,High,R,5,2022-01-29
1842,The Truman Show,Paramount Pictures,Peter Weir,Adventure,1998,103,Medium,PG,1,2022-11-01
802,The Dark Knight,Warner Bros.,Christopher Nolan,Romance,2008,152,High,PG-13,5,2017-03-29
825,The Godfather,Paramount Pictures,Francis Ford Coppola,Fantasy,1972,175,High,R,3,2017-07-12
788,Goodfellas,Warner Bros.,Martin Scorsese,Sci-Fi,1990,146,High,R,5,2024-01-26
137,The Shawshank Redemption,Castle Rock Entertainment,Frank Darabont,Drama,1994,142,High,R,1,2017-04-13
1672,American Beauty,DreamWorks,Sam Mendes,Drama,1999,122,High,R,3,2023-09-07
2795,Fight Club,20th Century Fox,David Fincher,Crime,1999,139,High,R,3,2017-01-29
850,Titanic,Paramount Pictures,James Cameron,Animation,1997,195,High,PG-13,4,2017-02-17
1461,Fight Club,20th Century Fox,David Fincher,Fantasy,1999,139,High,R,5,2018-12-13
276,The Lord of the Rings: The Return of the King,New Line Cinema,Peter Jackson,Animation,2003,201,High,PG-13,2,2023-12-28
321,Pulp Fiction,Miramax,Quentin Tarantino,Sci-Fi,1994,154,High,R,1,2021-05-20
484,The Shawshank Redemption,Castle Rock Entertainment,Frank Darabont,Animation,1994,142,High,R,3,2016-02-18
1356,Forrest Gump,Paramount Pictures,Robert Zemeckis,Drama,1994,142,High,PG-13,5,2021-01-23
2881,The Shawshank Redemption,Castle Rock Entertainment,Frank Darabont,Comedy,1994,142,High,R,3,2019-05-19
2189,The Dark Knight,Warner Bros.,Christopher Nolan,Action,2008,152,High,PG-13,3,2015-11-03
1279,The Matrix,Warner Bros.,Lana Wachowski,Animation,1999,136,High,R,5,2020-08-10
455,The Dark Knight,Warner Bros.,Christopher Nolan,Drama,2008,152,High,PG-13,5,2022-10-28
1385,The Matrix,Warner Bros.,Lana Wachowski,Comedy,1999,136,High,R,1,2015-05-13
244,Pulp Fiction,Miramax,Quentin Tarantino,Thriller,1994,154,High,R,3,2024-12-16
2718,The Shawshank Redemption,Castle Rock Entertainment,Frank Darabont,Animation,1994,142,High,R,3,2025-05-13
299,Joker,Warner Bros.,Todd Phillips,Drama,2019,122,High,R,2,2020-07-14
145,Saving Private Ryan,DreamWorks/Amblin,Steven Spielberg,Romance,1998,169,High,R,5,2022-11-19
2509,The Dark Knight,Warner Bros.,Christopher Nolan,Crime,2008,152,High,PG-13,4,2021-09-16
531,Blade Runner 2049,Warner Bros.,Denis Villeneuve,Animation,2017,164,High,R,4,2025-08-13
2035,The Godfather,Paramount Pictures,Francis Ford Coppola,Drama,1972,175,High,R,1,2015-05-26
1243,Inception,Warner Bros.,Christopher Nolan,Adventure,2010,148,High,PG-13,4,2020-05-10
227,Whiplash,Blumhouse Productions,Damien Chazelle,Thriller,2014,107,Medium,R,1,2025-06-11
1554,The Shawshank Redemption,Castle Rock Entertainment,Frank Darabont,Thriller,1994,142,High,R,5,2021-10-26
214,The Empire Strikes Back,Lucasfilm,Irvin Kershner,Drama,1980,124,High,PG,5,2020-05-28
2873,The Dark Knight,Warner Bros.,Christopher Nolan,Sci-Fi,2008,152,High,PG-13,2,2019-10-27
484,Pulp Fiction,Miramax,Quentin Tarantino,Action,1994,154,High,R,1,2019-11-29
1406,No Country for Old Men,Mirage Enterprises,Ethan Coen,Adventure,2007,122,High,R,3,2017-03-04
377,Pulp Fiction,Miramax,Quentin Tarantino,Drama,1994,154,High,R,2,2017-08-08
2197,The Matrix,Warner Bros.,Lana Wachowski,Thriller,1999,136,High,R,4,2023-05-20
233,Fight Club,20th Century Fox,David Fincher,Drama,1999,139,High,R,2,2024-02-11
1158,The Shawshank Redemption,Castle Rock Entertainment,Frank Darabont,Action,1994,142,High,R,4,2017-01-09
1001,The Shawshank Redemption,Castle Rock Entertainment,Frank Darabont,Adventure,1994,142,High,R,5,2022-05-07
1961,The Avengers,Marvel Studios,Joss Whedon,Action,2012,143,High,PG-13,5,2019-06-18
2227,Schindler's List,Universal Pictures,Steven Spielberg,Crime,1993,195,High,R,1,2017-10-21
2921,The Shawshank Redemption,Castle Rock Entertainment,Frank Darabont,Adventure,1994,142,High,R,2,2019-12-22
2678,The Godfather,Paramount Pictures,Francis Ford Coppola,Adventure,1972,175,High,R,5,2018-04-13
2218,The Godfather,Paramount Pictures,Francis Ford Coppola,Comedy,1972,175,High,R,3,2022-10-29
1683,Forrest Gump,Paramount Pictures,Robert Zemeckis,Drama,1994,142,High,PG-13,3,2025-02-05
322,Gladiator,DreamWorks Pictures,Ridley Scott,Romance,2000,155,High,R,4,2018-02-19
1250,The Shawshank Redemption,Castle Rock Entertainment,Frank Darabont,Action,1994,142,High,R,5,2017-08-02
2970,Goodfellas,Warner Bros.,Martin Scorsese,Thriller,1990,146,High,R,1,2019-03-06
963,American Beauty,DreamWorks,Sam Mendes,Action,1999,122,High,R,1,2025-12-19
2044,Interstellar,Paramount Pictures,Christopher Nolan,Fantasy,2014,169,High,PG-13,1,2015-03-29
1574,Parasite,CJ Entertainment,Bong Joon-ho,Comedy,2019,132,High,R,3,2021-08-06
2498,The Godfather,Paramount Pictures,Francis Ford Coppola,Crime,1972,175,High,R,1,2018-02-17
1819,The Dark Knight,Warner Bros.,Christopher Nolan,Drama,2008,152,High,PG-13,4,2019-04-25
2704,The Shawshank Redemption,Castle Rock Entertainment,Frank Darabont,Thriller,1994,142,High,R,4,2017-01-25
2219,Pulp Fiction,Miramax,Quentin Tarantino,Drama,1994,154,High,R,3,2015-05-09
1378,The Departed,Warner Bros.,Martin Scorsese,Drama,2006,151,High,R,5,2023-06-18
113,The Truman Show,Paramount Pictures,Peter Weir,Comedy,1998,103,Medium,PG,5,2017-06-05
1752,The Dark Knight,Warner Bros.,Christopher Nolan,Romance,2008,152,High,PG-13,4,2024-09-16
1590,Whiplash,Blumhouse Productions,Damien Chazelle,Drama,2014,107,Medium,R,1,2021-03-16
1737,Blade Runner,Warner Bros.,Ridley Scott,Comedy,1982,117,Medium,R,5,2020-03-13
666,Fight Club,20th Century Fox,David Fincher,Romance,1999,139,High,R,5,2017-12-01
63,Toy Story,Pixar,John Lasseter,Fantasy,1995,81,Low,G,2,2016-06-24
2224,The Godfather,Paramount Pictures,Francis Ford Coppola,Comedy,1972,175,High,R,1,2017-10-20
2522,The Godfather,Paramount Pictures,Francis Ford Coppola,Romance,1972,175,High,R,4,2015-06-08
2675,The Godfather,Paramount Pictures,Francis Ford Coppola,Comedy,1972,175,High,R,3,2023-10-10
1258,American Beauty,DreamWorks,Sam Mendes,Romance,1999,122,High,R,1,2016-05-24
733,Fight Club,20th Century Fox,David Fincher,Adventure,1999,139,High,R,3,2024-07-03
1911,Pulp Fiction,Miramax,Quentin Tarantino,Drama,1994,154,High,R,4,2015-02-06
2280,The Shawshank Redemption,Castle Rock Entertainment,Frank Darabont,Adventure,1994,142,High,R,4,2022-02-25
326,The Shawshank Redemption,Castle Rock Entertainment,Frank Darabont,Drama,1994,142,High,R,5,2025-07-12
263,The Godfather,Paramount Pictures,Francis Ford Coppola,Romance,1972,175,High,R,5,2018-07-10
2028,Pulp Fiction,Miramax,Quentin Tarantino,Comedy,1994,154,High,R,3,2017-11-29
2532,The Shawshank Redemption,Castle Rock Entertainment,Frank Darabont,Action,1994,142,High,R,2,2024-10-08
158,Schindler's List,Universal Pictures,Steven Spielberg,Thriller,1993,195,High,R,1,2022-05-05
1300,The Shawshank Redemption,Castle Rock Entertainment,Frank Darabont,Animation,1994,142,High,R,4,2021-07-03
2927,The Shawshank Redemption,Castle Rock Entertainment,Frank Darabont,Thriller,1994,142,High,R,1,2025-09-03
1448,Django Unchained,Columbia Pictures,Quentin Tarantino,Comedy,2012,165,High,R,1,2022-08-10
1433,Inception,Warner Bros.,Christopher Nolan,Drama,2010,148,High,PG-13,5,2017-08-19
2094,The Shawshank Redemption,Castle Rock Entertainment,Frank Darabont,Animation,1994,142,High,R,4,2016-04-08
1522,The Shawshank Redemption,Castle Rock Entertainment,Frank Darabont,Thriller,1994,142,High,R,3,2021-05-25
1747,Back to the Future,Universal Pictures,Robert Zemeckis,Sci-Fi,1985,116,Medium,PG,1,2022-03-14
2487,The Green Mile,Castle Rock Entertainment,Frank Darabont,Action,1999,189,High,R,1,2018-08-30
2671,The Prestige,Warner Bros.,Christopher Nolan,Adventure,2006,130,High,PG-13,4,2025-01-23
657,The Dark Knight,Warner Bros.,Christopher Nolan,Comedy,2008,152,High,PG-13,5,2015-05-08
2422,The Dark Knight,Warner Bros.,Christopher Nolan,Comedy,2008,152,High,PG-13,2,2025-03-24
1283,The Shawshank Redemption,Castle Rock Entertainment,Frank Darabont,Romance,1994,142,High,R,2,2024-01-23
1410,Inception,Warner Bros.,Christopher Nolan,Animation,2010,148,High,PG-13,5,2022-12-29
2692,The Pianist,Focus Features,Roman Polanski,Sci-Fi,2002,150,High,R,5,2015-05-14
317,Titanic,Paramount Pictures,James Cameron,Sci-Fi,1997,195,High,PG-13,1,2025-09-17
2353,Toy Story,Pixar,John Lasseter,Thriller,1995,81,Low,G,5,2020-08-24
497,The Silence of the Lambs,Orion Pictures,Jonathan Demme,Sci-Fi,1991,118,Medium,R,5,2023-03-22
1935,The Social Network,Columbia Pictures,David Fincher,Animation,2010,120,Medium,PG-13,1,2021-10-22
1103,Schindler's List,Universal Pictures,Steven Spielberg,Animation,1993,195,High,R,4,2018-07-22
1000,The Shawshank Redemption,Castle Rock Entertainment,Frank Darabont,Romance,1994,142,High,R,3,2025-03-20
1290,The Godfather,Paramount Pictures,Francis Ford Coppola,Adventure,1972,175,High,R,2,2020-02-11
1680,Se7en,New Line Cinema,David Fincher,Crime,1995,127,High,R,2,2019-12-28
314,The Dark Knight,Warner Bros.,Christopher Nolan,Adventure,2008,152,High,PG-13,5,2020-09-02
1839,Joker,Warner Bros.,Todd Phillips,Fantasy,2019,122,High,R,5,2017-08-01
514,The Prestige,Warner Bros.,Christopher Nolan,Thriller,2006,130,High,PG-13,5,2024-04-13
2396,Blade Runner 2049,Warner Bros.,Denis Villeneuve,Thriller,2017,164,High,R,4,2022-07-24
1176,Schindler's List,Universal Pictures,Steven Spielberg,Romance,1993,195,High,R,3,2023-12-04
1725,The Dark Knight,Warner Bros.,Christopher Nolan,Crime,2008,152,High,PG-13,1,2019-08-01
2592,Forrest Gump,Paramount Pictures,Robert Zemeckis,Action,1994,142,High,PG-13,5,2020-07-17
1860,The Grand Budapest Hotel,Fox Searchlight,Wes Anderson,Thriller,2014,99,Medium,R,2,2024-10-29
2272,The Shawshank Redemption,Castle Rock Entertainment,Frank Darabont,Crime,1994,142,High,R,4,2017-12-14
140,Gladiator,DreamWorks Pictures,Ridley Scott,Fantasy,2000,155,High,R,1,2016-06-01
543,Back to the Future,Universal Pictures,Robert Zemeckis,Drama,1985,116,Medium,PG,2,2015-10-27
1730,Inception,Warner Bros.,Christopher Nolan,Animation,2010,148,High,PG-13,4,2025-02-20
2917,The Dark Knight,Warner Bros.,Christopher Nolan,Sci-Fi,2008,152,High,PG-13,5,2017-09-15
2494,The Godfather,Paramount Pictures,Francis Ford Coppola,Adventure,1972,175,High,R,3,2021-08-19
1454,The Lord of the Rings: The Return of the King,New Line Cinema,Peter Jackson,Drama,2003,201,High,PG-13,1,2023-04-14
1785,Alien,20th Century Fox,Ridley Scott,Sci-Fi,1979,117,Medium,R,4,2023-04-22
752,The Godfather,Paramount Pictures,Francis Ford Coppola,Fantasy,1972,175,High,R,2,2023-03-24
624,Titanic,Paramount Pictures,James Cameron,Romance,1997,195,High,PG-13,5,2015-12-10
2761,No Country for Old Men,Mirage Enterprises,Ethan Coen,Romance,2007,122,High,R,5,2019-02-24
724,Schindler's List,Universal Pictures,Steven Spielberg,Sci-Fi,1993,195,High,R,3,2019-12-02
397,Inception,Warner Bros.,Christopher Nolan,Romance,2010,148,High,PG-13,3,2025-08-05
2311,The Godfather,Paramount Pictures,Francis Ford Coppola,Fantasy,1972,175,High,R,3,2015-07-17
1748,Inception,Warner Bros.,Christopher Nolan,Animation,2010,148,High,PG-13,5,2020-09-12
731,The Godfather,Paramount Pictures,Francis Ford Coppola,Sci-Fi,1972,175,High,R,3,2023-06-29
2127,Blade Runner,Warner Bros.,Ridley Scott,Drama,1982,117,Medium,R,2,2019-10-30
1423,The Godfather,Paramount Pictures,Francis Ford Coppola,Romance,1972,175,High,R,3,2016-02-12
1994,The Godfather,Paramount Pictures,Francis Ford Coppola,Crime,1972,175,High,R,3,2018-01-26
1063,Pulp Fiction,Miramax,Quentin Tarantino,Action,1994,154,High,R,3,2025-07-13
1142,Heat,Warner Bros.,Michael Mann,Crime,1995,170,High,R,2,2022-06-22
2084,The Shawshank Redemption,Castle Rock Entertainment,Frank Darabont,Thriller,1994,142,High,R,5,2024-05-28
163,Se7en,New Line Cinema,David Fincher,Drama,1995,127,High,R,5,2025-02-13
800,Toy Story,Pixar,John Lasseter,Animation,1995,81,Low,G,5,2023-12-17
1155,The Shawshank Redemption,Castle Rock Entertainment,Frank Darabont,Drama,1994,142,High,R,3,2017-04-12
1823,The King's Speech,The Weinstein Company,Tom Hooper,Romance,2010,118,Medium,R,4,2023-03-18
449,Inception,Warner Bros.,Christopher Nolan,Fantasy,2010,148,High,PG-13,3,2025-04-18
1771,Gladiator,DreamWorks Pictures,Ridley Scott,Crime,2000,155,High,R,4,2024-12-19
2997,Forrest Gump,Paramount Pictures,Robert Zemeckis,Crime,1994,142,High,PG-13,2,2018-02-14
912,The Empire Strikes Back,Lucasfilm,Irvin Kershner,Adventure,1980,124,High,PG,1,2023-05-07
1374,Titanic,Paramount Pictures,James Cameron,Adventure,1997,195,High,PG-13,2,2020-09-07
2818,The Godfather,Paramount Pictures,Francis Ford Coppola,Animation,1972,175,High,R,1,2022-12-05
2889,The Godfather,Paramount Pictures,Francis Ford Coppola,Drama,1972,175,High,R,4,2016-02-16
2287,The Prestige,Warner Bros.,Christopher Nolan,Adventure,2006,130,High,PG-13,2,2024-06-08
561,Schindler's List,Universal Pictures,Steven Spielberg,Drama,1993,195,High,R,1,2017-10-04
1926,The Matrix,Warner Bros.,Lana Wachowski,Thriller,1999,136,High,R,2,2017-12-22
540,The Shawshank Redemption,Castle Rock Entertainment,Frank Darabont,Action,1994,142,High,R,4,2018-03-03
2963,The Shawshank Redemption,Castle Rock Entertainment,Frank Darabont,Crime,1994,142,High,R,5,2024-08-11
2010,Se7en,New Line Cinema,David Fincher,Drama,1995,127,High,R,4,2015-10-03
1713,Fight Club,20th Century Fox,David Fincher,Thriller,1999,139,High,R,2,2015-06-08
2392,Interstellar,Paramount Pictures,Christopher Nolan,Romance,2014,169,High,PG-13,4,2022-01-28
2691,The Godfather,Paramount Pictures,Francis Ford Coppola,Adventure,1972,175,High,R,4,2020-12-12
1197,Blade Runner,Warner Bros.,Ridley Scott,Comedy,1982,117,Medium,R,2,2024-10-24
1463,Schindler's List,Universal Pictures,Steven Spielberg,Fantasy,1993,195,High,R,4,2021-09-14
461,Fight Club,20th Century Fox,David Fincher,Comedy,1999,139,High,R,1,2017-06-15
1832,Up,Pixar,Pete Docter,Comedy,2009,96,Medium,PG,4,2025-11-14
1904,The Godfather,Paramount Pictures,Francis Ford Coppola,Sci-Fi,1972,175,High,R,1,2016-12-22
1631,Blade Runner,Warner Bros.,Ridley Scott,Crime,1982,117,Medium,R,3,2022-10-25
1688,Gladiator,DreamWorks Pictures,Ridley Scott,Fantasy,2000,155,High,R,4,2021-09-27
2079,Interstellar,Paramount Pictures,Christopher Nolan,Drama,2014,169,High,PG-13,3,2018-01-02
1324,The Shawshank Redemption,Castle Rock Entertainment,Frank Darabont,Sci-Fi,1994,142,High,R,1,2021-04-22
1811,The Godfather,Paramount Pictures,Francis Ford Coppola,Adventure,1972,175,High,R,4,2019-05-23
1989,Pulp Fiction,Miramax,Quentin Tarantino,Comedy,1994,154,High,R,1,2018-01-04
1834,Titanic,Paramount Pictures,James Cameron,Adventure,1997,195,High,PG-13,1,2018-06-17
845,Pulp Fiction,Miramax,Quentin Tarantino,Romance,1994,154,High,R,2,2021-01-04
1351,Whiplash,Blumhouse Productions,Damien Chazelle,Crime,2014,107,Medium,R,5,2021-11-06
2959,The Shawshank Redemption,Castle Rock Entertainment,Frank Darabont,Animation,1994,142,High,R,1,2025-08-28
2887,The Shawshank Redemption,Castle Rock Entertainment,Frank Darabont,Sci-Fi,1994,142,High,R,1,2023-10-02
2683,The Dark Knight,Warner Bros.,Christopher Nolan,Adventure,2008,152,High,PG-13,5,2015-09-17
813,The Shawshank Redemption,Castle Rock Entertainment,Frank Darabont,Thriller,1994,142,High,R,3,2021-01-02
2941,The Usual Suspects,Gramercy Pictures,Bryan Singer,Animation,1995,106,Medium,R,4,2024-08-22
1694,The Godfather,Paramount Pictures,Francis Ford Coppola,Action,1972,175,High,R,3,2018-09-19
83,The Shawshank Redemption,Castle Rock Entertainment,Frank Darabont,Thriller,1994,142,High,R,1,2015-05-28
1630,Se7en,New Line Cinema,David Fincher,Animation,1995,127,High,R,1,2020-08-16
1235,The Prestige,Warner Bros.,Christopher Nolan,Drama,2006,130,High,PG-13,2,2018-03-05
507,The Shawshank Redemption,Castle Rock Entertainment,Frank Darabont,Thriller,1994,142,High,R,1,2018-01-20
1106,American Beauty,DreamWorks,Sam Mendes,Sci-Fi,1999,122,High,R,4,2016-06-21
2958,Mad Max: Fury Road,Warner Bros.,George Miller,Crime,2015,120,Medium,R,1,2020-08-28
2219,Interstellar,Paramount Pictures,Christopher Nolan,Sci-Fi,2014,169,High,PG-13,1,2015-03-02
2410,The Lord of the Rings: The Return of the King,New Line Cinema,Peter Jackson,Action,2003,201,High,PG-13,1,2023-04-03
1279,The Prestige,Warner Bros.,Christopher Nolan,Thriller,2006,130,High,PG-13,5,2024-08-20
96,Whiplash,Blumhouse Productions,Damien Chazelle,Sci-Fi,2014,107,Medium,R,5,2023-05-04
1083,The Godfather,Paramount Pictures,Francis Ford Coppola,Fantasy,1972,175,High,R,2,2016-02-13
1193,WALL·E,Pixar,Andrew Stanton,Romance,2008,98,Medium,G,4,2019-03-23
1141,Pulp Fiction,Miramax,Quentin Tarantino,Thriller,1994,154,High,R,4,2021-04-16
1567,Forrest Gump,Paramount Pictures,Robert Zemeckis,Animation,1994,142,High,PG-13,5,2017-09-28
1527,The Shawshank Redemption,Castle Rock Entertainment,Frank Darabont,Fantasy,1994,142,High,R,4,2025-09-02
2367,The Departed,Warner Bros.,Martin Scorsese,Crime,2006,151,High,R,4,2017-07-06
1515,Inside Out,Pixar,Pete Docter,Sci-Fi,2015,95,Medium,PG,2,2020-01-06
589,Forrest Gump,Paramount Pictures,Robert Zemeckis,Crime,1994,142,High,PG-13,3,2018-09-23
694,American Beauty,DreamWorks,Sam Mendes,Crime,1999,122,High,R,1,2021-04-16
344,The Shawshank Redemption,Castle Rock Entertainment,Frank Darabont,Fantasy,1994,142,High,R,5,2017-10-20
2962,The Shawshank Redemption,Castle Rock Entertainment,Frank Darabont,Romance,1994,142,High,R,4,2020-11-13
2022,Parasite,CJ Entertainment,Bong Joon-ho,Thriller,2019,132,High,R,1,2023-08-10
617,The Godfather,Paramount Pictures,Francis Ford Coppola,Comedy,1972,175,High,R,3,2024-05-10
23,The Shawshank Redemption,Castle Rock Entertainment,Frank Darabont,Romance,1994,142,High,R,5,2019-07-24
2002,The Godfather,Paramount Pictures,Francis Ford Coppola,Thriller,1972,175,High,R,5,2023-11-30
1890,Fight Club,20th Century Fox,David Fincher,Adventure,1999,139,High,R,2,2018-08-11
334,Gladiator,DreamWorks Pictures,Ridley Scott,Animation,2000,155,High,R,5,2024-08-18
522,The Truman Show,Paramount Pictures,Peter Weir,Sci-Fi,1998,103,Medium,PG,1,2019-03-19
498,Se7en,New Line Cinema,David Fincher,Action,1995,127,High,R,5,2023-05-23
1738,The Shawshank Redemption,Castle Rock Entertainment,Frank Darabont,Fantasy,1994,142,High,R,1,2015-06-09
2241,Forrest Gump,Paramount Pictures,Robert Zemeckis,Animation,1994,142,High,PG-13,4,2016-07-26
1784,Pulp Fiction,Miramax,Quentin Tarantino,Drama,1994,154,High,R,3,2016-04-26
2520,The Avengers,Marvel Studios,Joss Whedon,Comedy,2012,143,High,PG-13,5,2018-08-13
1189,Moonlight,A24,Barry Jenkins,Romance,2016,111,Medium,R,2,2016-08-02
2927,Inception,Warner Bros.,Christopher Nolan,Thriller,2010,148,High,PG-13,5,2025-09-04
1896,The Dark Knight,Warner Bros.,Christopher Nolan,Romance,2008,152,High,PG-13,3,2020-04-17
2148,The Shawshank Redemption,Castle Rock Entertainment,Frank Darabont,Adventure,1994,142,High,R,2,2016-11-03
1706,Gladiator,DreamWorks Pictures,Ridley Scott,Fantasy,2000,155,High,R,1,2018-07-25
23,The Shawshank Redemption,Castle Rock Entertainment,Frank Darabont,Fantasy,1994,142,High,R,1,2025-12-15
385,The Godfather,Paramount Pictures,Francis Ford Coppola,Thriller,1972,175,High,R,2,2022-10-13
2560,Inception,Warner Bros.,Christopher Nolan,Adventure,2010,148,High,PG-13,1,2015-09-08
2607,Forrest Gump,Paramount Pictures,Robert Zemeckis,Action,1994,142,High,PG-13,1,2018-12-06
58,Fight Club,20th Century Fox,David Fincher,Thriller,1999,139,High,R,3,2022-01-19
1746,Blade Runner 2049,Warner Bros.,Denis Villeneuve,Comedy,2017,164,High,R,3,2024-03-15
1652,The Matrix,Warner Bros.,Lana Wachowski,Comedy,1999,136,High,R,3,2022-01-01
2701,"Crouching Tiger, Hidden Dragon",Sony Pictures Classics,Ang Lee,Animation,2000,120,Medium,PG-13,5,2022-03-12
2993,The Shawshank Redemption,Castle Rock Entertainment,Frank Darabont,Romance,1994,142,High,R,2,2016-02-26
420,The Shawshank Redemption,Castle Rock Entertainment,Frank Darabont,Action,1994,142,High,R,3,2021-04-27
1569,The Shawshank Redemption,Castle Rock Entertainment,Frank Darabont,Animation,1994,142,High,R,5,2022-03-26
2523,The Godfather,Paramount Pictures,Francis Ford Coppola,Romance,1972,175,High,R,5,2018-02-09
11,The Empire Strikes Back,Lucasfilm,Irvin Kershner,Fantasy,1980,124,High,PG,2,2016-11-19
2519,Whiplash,Blumhouse Productions,Damien Chazelle,Thriller,2014,107,Medium,R,1,2025-06-04
2,The Shawshank Redemption,Castle Rock Entertainment,Frank Darabont,Action,1994,142,High,R,4,2024-10-22
1801,The Godfather,Paramount Pictures,Francis Ford Coppola,Drama,1972,175,High,R,2,2020-09-26
2050,Pulp Fiction,Miramax,Quentin Tarantino,Fantasy,1994,154,High,R,3,2018-05-24
1546,Se7en,New Line Cinema,David Fincher,Thriller,1995,127,High,R,5,2019-05-30
2139,Whiplash,Blumhouse Productions,Damien Chazelle,Fantasy,2014,107,Medium,R,3,2018-06-30
877,The Godfather,Paramount Pictures,Francis Ford Coppola,Crime,1972,175,High,R,5,2024-06-11
1791,Blade Runner,Warner Bros.,Ridley Scott,Comedy,1982,117,Medium,R,2,2024-06-02
493,Fight Club,20th Century Fox,David Fincher,Fantasy,1999,139,High,R,3,2022-09-08
104,Fight Club,20th Century Fox,David Fincher,Sci-Fi,1999,139,High,R,3,2016-12-30
1738,Mad Max: Fury Road,Warner Bros.,George Miller,Fantasy,2015,120,Medium,R,3,2023-03-03
1533,The Shawshank Redemption,Castle Rock Entertainment,Frank Darabont,Animation,1994,142,High,R,2,2019-04-16
1479,The Shawshank Redemption,Castle Rock Entertainment,Frank Darabont,Drama,1994,142,High,R,2,2019-12-16
1346,Inception,Warner Bros.,Christopher Nolan,Drama,2010,148,High,PG-13,5,2018-06-25
54,The Shawshank Redemption,Castle Rock Entertainment,Frank Darabont,Adventure,1994,142,High,R,3,2020-08-21
1961,The Lord of the Rings: The Return of the King,New Line Cinema,Peter Jackson,Drama,2003,201,High,PG-13,3,2022-03-13
235,The Dark Knight,Warner Bros.,Christopher Nolan,Comedy,2008,152,High,PG-13,3,2022-01-05
2590,WALL·E,Pixar,Andrew Stanton,Drama,2008,98,Medium,G,4,2021-10-24
2653,Pulp Fiction,Miramax,Quentin Tarantino,Action,1994,154,High,R,4,2023-05-30
119,Se7en,New Line Cinema,David Fincher,Crime,1995,127,High,R,1,2019-02-22
540,The Lord of the Rings: The Return of the King,New Line Cinema,Peter Jackson,Action,2003,201,High,PG-13,2,2024-10-07
2612,The Shawshank Redemption,Castle Rock Entertainment,Frank Darabont,Crime,1994,142,High,R,1,2019-12-22
2229,Gladiator,DreamWorks Pictures,Ridley Scott,Adventure,2000,155,High,R,1,2024-08-14
69,The Godfather,Paramount Pictures,Francis Ford Coppola,Thriller,1972,175,High,R,5,2023-04-09
2404,The Dark Knight,Warner Bros.,Christopher Nolan,Adventure,2008,152,High,PG-13,2,2025-02-26
2722,Titanic,Paramount Pictures,James Cameron,Adventure,1997,195,High,PG-13,5,2015-02-28
2055,The Dark Knight,Warner Bros.,Christopher Nolan,Drama,2008,152,High,PG-13,1,2017-03-01
1817,The Shawshank Redemption,Castle Rock Entertainment,Frank Darabont,Comedy,1994,142,High,R,1,2016-12-07
2071,The Shawshank Redemption,Castle Rock Entertainment,Frank Darabont,Romance,1994,142,High,R,2,2022-09-21
2297,Pulp Fiction,Miramax,Quentin Tarantino,Drama,1994,154,High,R,3,2018-01-26
2853,The Dark Knight,Warner Bros.,Christopher Nolan,Adventure,2008,152,High,PG-13,4,2021-05-16
371,The Shawshank Redemption,Castle Rock Entertainment,Frank Darabont,Fantasy,1994,142,High,R,1,2016-04-21
2422,The Shawshank Redemption,Castle Rock Entertainment,Frank Darabont,Crime,1994,142,High,R,2,2018-07-24
43,The Silence of the Lambs,Orion Pictures,Jonathan Demme,Drama,1991,118,Medium,R,2,2023-11-05
2967,The Shawshank Redemption,Castle Rock Entertainment,Frank Darabont,Adventure,1994,142,High,R,4,2015-11-29
544,The King's Speech,The Weinstein Company,Tom Hooper,Comedy,2010,118,Medium,R,2,2023-05-20
1143,The Godfather,Paramount Pictures,Francis Ford Coppola,Sci-Fi,1972,175,High,R,3,2016-12-30
772,The Shawshank Redemption,Castle Rock Entertainment,Frank Darabont,Adventure,1994,142,High,R,4,2017-07-14
1209,The Godfather,Paramount Pictures,Francis Ford Coppola,Thriller,1972,175,High,R,2,2025-12-25
2007,The Godfather,Paramount Pictures,Francis Ford Coppola,Fantasy,1972,175,High,R,3,2016-01-14
2629,The Dark Knight,Warner Bros.,Christopher Nolan,Adventure,2008,152,High,PG-13,3,2023-08-30
2398,Inception,Warner Bros.,Christopher Nolan,Action,2010,148,High,PG-13,1,2025-08-25
2877,The Dark Knight,Warner Bros.,Christopher Nolan,Animation,2008,152,High,PG-13,5,2017-05-12
2866,Pulp Fiction,Miramax,Quentin Tarantino,Comedy,1994,154,High,R,2,2018-11-02
2103,WALL·E,Pixar,Andrew Stanton,Animation,2008,98,Medium,G,3,2016-01-07
1069,The Departed,Warner Bros.,Martin Scorsese,Comedy,2006,151,High,R,2,2020-03-30
2586,The Shawshank Redemption,Castle Rock Entertainment,Frank Darabont,Crime,1994,142,High,R,5,2022-05-20
1323,The Shawshank Redemption,Castle Rock Entertainment,Frank Darabont,Action,1994,142,High,R,4,2021-07-31
139,The Dark Knight,Warner Bros.,Christopher Nolan,Sci-Fi,2008,152,High,PG-13,5,2025-02-08
33,The Godfather,Paramount Pictures,Francis Ford Coppola,Crime,1972,175,High,R,3,2024-09-30
2654,The Shawshank Redemption,Castle Rock Entertainment,Frank Darabont,Fantasy,1994,142,High,R,3,2018-10-11
667,There Will Be Blood,Paramount Vantage,Paul Thomas Anderson,Action,2007,158,High,R,3,2018-06-08
2526,Forrest Gump,Paramount Pictures,Robert Zemeckis,Action,1994,142,High,PG-13,1,2019-12-04
1636,Pulp Fiction,Miramax,Quentin Tarantino,Romance,1994,154,High,R,4,2023-03-13
1529,Forrest Gump,Paramount Pictures,Robert Zemeckis,Thriller,1994,142,High,PG-13,3,2023-02-10
165,The Matrix,Warner Bros.,Lana Wachowski,Fantasy,1999,136,High,R,4,2018-05-14
1725,WALL·E,Pixar,Andrew Stanton,Thriller,2008,98,Medium,G,5,2016-03-17
2430,Pulp Fiction,Miramax,Quentin Tarantino,Comedy,1994,154,High,R,5,2019-06-30
1232,The Shawshank Redemption,Castle Rock Entertainment,Frank Darabont,Animation,1994,142,High,R,2,2025-05-05
2327,Moonlight,A24,Barry Jenkins,Animation,2016,111,Medium,R,2,2025-09-02
221,Se7en,New Line Cinema,David Fincher,Action,1995,127,High,R,3,2023-11-04
1418,WALL·E,Pixar,Andrew Stanton,Comedy,2008,98,Medium,G,2,2023-12-27
2698,Pulp Fiction,Miramax,Quentin Tarantino,Action,1994,154,High,R,4,2015-01-04
330,The Shawshank Redemption,Castle Rock Entertainment,Frank Darabont,Action,1994,142,High,R,3,2018-06-13
2967,The Shawshank Redemption,Castle Rock Entertainment,Frank Darabont,Thriller,1994,142,High,R,4,2016-01-05
1956,The Godfather,Paramount Pictures,Francis Ford Coppola,Animation,1972,175,High,R,3,2015-01-21
2814,The Shawshank Redemption,Castle Rock Entertainment,Frank Darabont,Crime,1994,142,High,R,4,2021-03-02
1542,The Dark Knight,Warner Bros.,Christopher Nolan,Thriller,2008,152,High,PG-13,4,2022-06-30
527,Back to the Future,Universal Pictures,Robert Zemeckis,Thriller,1985,116,Medium,PG,1,2019-05-07
1340,The Godfather,Paramount Pictures,Francis Ford Coppola,Action,1972,175,High,R,4,2023-09-03
2188,No Country for Old Men,Mirage Enterprises,Ethan Coen,Sci-Fi,2007,122,High,R,5,2019-06-02
909,The Shawshank Redemption,Castle Rock Entertainment,Frank Darabont,Fantasy,1994,142,High,R,5,2015-04-21
1484,Moonlight,A24,Barry Jenkins,Action,2016,111,Medium,R,2,2019-02-20
1631,The Dark Knight,Warner Bros.,Christopher Nolan,Drama,2008,152,High,PG-13,5,2021-09-20
770,Joker,Warner Bros.,Todd Phillips,Thriller,2019,122,High,R,2,2020-08-09
1391,The Shawshank Redemption,Castle Rock Entertainment,Frank Darabont,Comedy,1994,142,High,R,4,2016-01-16
1168,The Dark Knight,Warner Bros.,Christopher Nolan,Action,2008,152,High,PG-13,4,2016-09-09
1728,The Godfather,Paramount Pictures,Francis Ford Coppola,Fantasy,1972,175,High,R,1,2017-12-05
436,The Shawshank Redemption,Castle Rock Entertainment,Frank Darabont,Sci-Fi,1994,142,High,R,5,2024-05-10
416,Forrest Gump,Paramount Pictures,Robert Zemeckis,Crime,1994,142,High,PG-13,3,2022-09-11
1307,Schindler's List,Universal Pictures,Steven Spielberg,Sci-Fi,1993,195,High,R,1,2016-10-20
1863,The Shawshank Redemption,Castle Rock Entertainment,Frank Darabont,Animation,1994,142,High,R,4,2022-09-12
224,The Shawshank Redemption,Castle Rock Entertainment,Frank Darabont,Sci-Fi,1994,142,High,R,4,2023-08-26
1845,The Godfather,Paramount Pictures,Francis Ford Coppola,Comedy,1972,175,High,R,1,2021-10-08
2192,Forrest Gump,Paramount Pictures,Robert Zemeckis,Fantasy,1994,142,High,PG-13,3,2024-06-19
1737,WALL·E,Pixar,Andrew Stanton,Crime,2008,98,Medium,G,2,2025-12-31
29,Inception,Warner Bros.,Christopher Nolan,Sci-Fi,2010,148,High,PG-13,1,2016-09-07
2110,The Dark Knight,Warner Bros.,Christopher Nolan,Romance,2008,152,High,PG-13,3,2017-03-20
1904,American Beauty,DreamWorks,Sam Mendes,Fantasy,1999,122,High,R,4,2015-07-18
1504,The Godfather,Paramount Pictures,Francis Ford Coppola,Crime,1972,175,High,R,4,2020-02-29
1744,The Shawshank Redemption,Castle Rock Entertainment,Frank Darabont,Romance,1994,142,High,R,3,2017-10-30
1095,The Dark Knight,Warner Bros.,Christopher Nolan,Comedy,2008,152,High,PG-13,1,2021-02-01
1830,The Shawshank Redemption,Castle Rock Entertainment,Frank Darabont,Adventure,1994,142,High,R,4,2015-03-13
1464,The Godfather,Paramount Pictures,Francis Ford Coppola,Drama,1972,175,High,R,5,2016-04-02
718,Titanic,Paramount Pictures,James Cameron,Animation,1997,195,High,PG-13,4,2017-10-15
593,The Shawshank Redemption,Castle Rock Entertainment,Frank Darabont,Crime,1994,142,High,R,2,2023-02-24
1877,The Silence of the Lambs,Orion Pictures,Jonathan Demme,Sci-Fi,1991,118,Medium,R,3,2018-11-15
1878,Interstellar,Paramount Pictures,Christopher Nolan,Thriller,2014,169,High,PG-13,5,2021-05-19
602,The Shawshank Redemption,Castle Rock Entertainment,Frank Darabont,Adventure,1994,142,High,R,3,2015-06-06
2972,The Lord of the Rings: The Return of the King,New Line Cinema,Peter Jackson,Crime,2003,201,High,PG-13,4,2020-09-30
92,The Shawshank Redemption,Castle Rock Entertainment,Frank Darabont,Comedy,1994,142,High,R,4,2019-06-30
1776,The Shawshank Redemption,Castle Rock Entertainment,Frank Darabont,Comedy,1994,142,High,R,1,2024-05-20
1242,Up,Pixar,Pete Docter,Thriller,2009,96,Medium,PG,5,2017-12-04
201,The Lord of the Rings: The Return of the King,New Line Cinema,Peter Jackson,Animation,2003,201,High,PG-13,2,2022-10-14
1790,The Dark Knight,Warner Bros.,Christopher Nolan,Fantasy,2008,152,High,PG-13,2,2023-07-13
2751,The Godfather,Paramount Pictures,Francis Ford Coppola,Action,1972,175,High,R,3,2020-08-16
1168,The Shawshank Redemption,Castle Rock Entertainment,Frank Darabont,Sci-Fi,1994,142,High,R,2,2022-08-09
1698,The Godfather,Paramount Pictures,Francis Ford Coppola,Sci-Fi,1972,175,High,R,2,2015-03-18
2454,Schindler's List,Universal Pictures,Steven Spielberg,Comedy,1993,195,High,R,3,2020-03-09
921,The Prestige,Warner Bros.,Christopher Nolan,Adventure,2006,130,High,PG-13,1,2017-06-25
2505,The Shawshank Redemption,Castle Rock Entertainment,Frank Darabont,Adventure,1994,142,High,R,2,2015-09-19
1724,The Godfather,Paramount Pictures,Francis Ford Coppola,Romance,1972,175,High,R,4,2021-08-05
1949,The Silence of the Lambs,Orion Pictures,Jonathan Demme,Adventure,1991,118,Medium,R,5,2019-05-13
1310,"Crouching Tiger, Hidden Dragon",Sony Pictures Classics,Ang Lee,Drama,2000,120,Medium,PG-13,3,2018-10-27
2044,The Dark Knight,Warner Bros.,Christopher Nolan,Fantasy,2008,152,High,PG-13,2,2020-03-07
1651,The Shawshank Redemption,Castle Rock Entertainment,Frank Darabont,Action,1994,142,High,R,4,2017-11-13
1993,The Shawshank Redemption,Castle Rock Entertainment,Frank Darabont,Romance,1994,142,High,R,1,2022-01-30
2170,Fight Club,20th Century Fox,David Fincher,Adventure,1999,139,High,R,1,2017-04-30
2763,The Dark Knight,Warner Bros.,Christopher Nolan,Comedy,2008,152,High,PG-13,3,2020-01-24
683,Forrest Gump,Paramount Pictures,Robert Zemeckis,Action,1994,142,High,PG-13,5,2021-07-23
96,The Lord of the Rings: The Return of the King,New Line Cinema,Peter Jackson,Romance,2003,201,High,PG-13,4,2019-08-29
2011,Se7en,New Line Cinema,David Fincher,Comedy,1995,127,High,R,5,2023-05-06
1551,Heat,Warner Bros.,Michael Mann,Sci-Fi,1995,170,High,R,5,2016-06-23
895,The Lord of the Rings: The Return of the King,New Line Cinema,Peter Jackson,Crime,2003,201,High,PG-13,1,2019-06-09
732,The Shawshank Redemption,Castle Rock Entertainment,Frank Darabont,Crime,1994,142,High,R,5,2018-03-31
1442,Mad Max: Fury Road,Warner Bros.,George Miller,Sci-Fi,2015,120,Medium,R,5,2019-08-01
1309,Se7en,New Line Cinema,David Fincher,Sci-Fi,1995,127,High,R,5,2018-02-16
2194,The Departed,Warner Bros.,Martin Scorsese,Crime,2006,151,High,R,3,2020-08-19
1901,Inception,Warner Bros.,Christopher Nolan,Thriller,2010,148,High,PG-13,4,2020-07-19
728,The Godfather,Paramount Pictures,Francis Ford Coppola,Fantasy,1972,175,High,R,2,2025-05-12
1369,The Dark Knight,Warner Bros.,Christopher Nolan,Drama,2008,152,High,PG-13,5,2024-04-22
2377,The Departed,Warner Bros.,Martin Scorsese,Action,2006,151,High,R,1,2019-04-20
2607,Schindler's List,Universal Pictures,Steven Spielberg,Sci-Fi,1993,195,High,R,4,2017-02-12
2540,The Shawshank Redemption,Castle Rock Entertainment,Frank Darabont,Thriller,1994,142,High,R,2,2021-11-02
2999,Forrest Gump,Paramount Pictures,Robert Zemeckis,Crime,1994,142,High,PG-13,5,2021-05-26
1024,Pulp Fiction,Miramax,Quentin Tarantino,Drama,1994,154,High,R,3,2021-11-02
1517,The Shawshank Redemption,Castle Rock Entertainment,Frank Darabont,Fantasy,1994,142,High,R,1,2025-09-03
2095,The Shawshank Redemption,Castle Rock Entertainment,Frank Darabont,Romance,1994,142,High,R,4,2021-03-11
2962,Mad Max: Fury Road,Warner Bros.,George Miller,Action,2015,120,Medium,R,4,2019-02-20
2920,The Green Mile,Castle Rock Entertainment,Frank Darabont,Action,1999,189,High,R,4,2025-07-05
266,The Truman Show,Paramount Pictures,Peter Weir,Adventure,1998,103,Medium,PG,2,2018-04-15
1881,No Country for Old Men,Mirage Enterprises,Ethan Coen,Thriller,2007,122,High,R,5,2020-03-03
725,The Godfather,Paramount Pictures,Francis Ford Coppola,Romance,1972,175,High,R,4,2017-09-17
2475,Inside Out,Pixar,Pete Docter,Animation,2015,95,Medium,PG,1,2024-01-05
2958,Parasite,CJ Entertainment,Bong Joon-ho,Action,2019,132,High,R,2,2020-03-08
2773,Toy Story,Pixar,John Lasseter,Drama,1995,81,Low,G,1,2022-08-25
1579,Pulp Fiction,Miramax,Quentin Tarantino,Animation,1994,154,High,R,4,2024-09-01
2933,The Shawshank Redemption,Castle Rock Entertainment,Frank Darabont,Sci-Fi,1994,142,High,R,3,2024-11-27
98,Inception,Warner Bros.,Christopher Nolan,Romance,2010,148,High,PG-13,5,2023-01-06
1632,Pulp Fiction,Miramax,Quentin Tarantino,Drama,1994,154,High,R,3,2024-02-07
2936,Back to the Future,Universal Pictures,Robert Zemeckis,Drama,1985,116,Medium,PG,3,2019-06-25
509,Blade Runner 2049,Warner Bros.,Denis Villeneuve,Fantasy,2017,164,High,R,4,2023-10-31
458,The Shawshank Redemption,Castle Rock Entertainment,Frank Darabont,Comedy,1994,142,High,R,5,2023-06-14
1392,Titanic,Paramount Pictures,James Cameron,Adventure,1997,195,High,PG-13,4,2022-05-13
1084,The Shawshank Redemption,Castle Rock Entertainment,Frank Darabont,Thriller,1994,142,High,R,4,2017-05-10
2905,The Shawshank Redemption,Castle Rock Entertainment,Frank Darabont,Crime,1994,142,High,R,4,2025-01-31
1210,Forrest Gump,Paramount Pictures,Robert Zemeckis,Thriller,1994,142,High,PG-13,3,2018-11-03
1057,Interstellar,Paramount Pictures,Christopher Nolan,Adventure,2014,169,High,PG-13,4,2022-11-05
574,Fight Club,20th Century Fox,David Fincher,Romance,1999,139,High,R,1,2023-07-16
1520,The Shawshank Redemption,Castle Rock Entertainment,Frank Darabont,Comedy,1994,142,High,R,1,2017-06-24
2933,Fight Club,20th Century Fox,David Fincher,Comedy,1999,139,High,R,3,2025-08-05
1802,The Shawshank Redemption,Castle Rock Entertainment,Frank Darabont,Comedy,1994,142,High,R,4,2022-12-30
2489,The Empire Strikes Back,Lucasfilm,Irvin Kershner,Action,1980,124,High,PG,2,2016-08-23
934,The Godfather,Paramount Pictures,Francis Ford Coppola,Sci-Fi,1972,175,High,R,3,2022-02-21
608,The Shawshank Redemption,Castle Rock Entertainment,Frank Darabont,Thriller,1994,142,High,R,5,2018-05-25
2084,The Matrix,Warner Bros.,Lana Wachowski,Comedy,1999,136,High,R,3,2023-02-01
2534,Goodfellas,Warner Bros.,Martin Scorsese,Animation,1990,146,High,R,4,2020-05-07
2053,There Will Be Blood,Paramount Vantage,Paul Thomas Anderson,Adventure,2007,158,High,R,2,2021-08-01
1988,The Godfather,Paramount Pictures,Francis Ford Coppola,Adventure,1972,175,High,R,4,2024-09-14
1983,Schindler's List,Universal Pictures,Steven Spielberg,Animation,1993,195,High,R,4,2016-12-19
921,No Country for Old Men,Mirage Enterprises,Ethan Coen,Drama,2007,122,High,R,1,2018-11-03
2493,The Godfather,Paramount Pictures,Francis Ford Coppola,Thriller,1972,175,High,R,2,2018-02-13
2044,Whiplash,Blumhouse Productions,Damien Chazelle,Crime,2014,107,Medium,R,2,2018-12-31
936,Pulp Fiction,Miramax,Quentin Tarantino,Drama,1994,154,High,R,5,2025-01-26
2566,Goodfellas,Warner Bros.,Martin Scorsese,Adventure,1990,146,High,R,1,2019-06-21
1112,The Shawshank Redemption,Castle Rock Entertainment,Frank Darabont,Adventure,1994,142,High,R,5,2015-10-03
326,Fight Club,20th Century Fox,David Fincher,Animation,1999,139,High,R,5,2024-10-14
2142,WALL·E,Pixar,Andrew Stanton,Drama,2008,98,Medium,G,4,2021-05-10
2666,The Godfather,Paramount Pictures,Francis Ford Coppola,Comedy,1972,175,High,R,2,2022-09-26
165,La La Land,Summit Entertainment,Damien Chazelle,Thriller,2016,128,High,PG-13,4,2016-12-27
375,Spirited Away,Studio Ghibli,Hayao Miyazaki,Comedy,2001,125,High,PG,5,2018-02-10
1241,Goodfellas,Warner Bros.,Martin Scorsese,Crime,1990,146,High,R,2,2020-11-10
2381,The Shawshank Redemption,Castle Rock Entertainment,Frank Darabont,Thriller,1994,142,High,R,2,2021-07-26
210,Forrest Gump,Paramount Pictures,Robert Zemeckis,Crime,1994,142,High,PG-13,5,2024-11-20
477,The Godfather,Paramount Pictures,Francis Ford Coppola,Crime,1972,175,High,R,2,2020-05-13
2222,Pulp Fiction,Miramax,Quentin Tarantino,Fantasy,1994,154,High,R,2,2016-02-14
2332,The Matrix,Warner Bros.,Lana Wachowski,Romance,1999,136,High,R,4,2018-05-13
1814,The Shawshank Redemption,Castle Rock Entertainment,Frank Darabont,Sci-Fi,1994,142,High,R,1,2023-01-28
2601,Whiplash,Blumhouse Productions,Damien Chazelle,Thriller,2014,107,Medium,R,5,2024-01-14
1668,The Lord of the Rings: The Return of the King,New Line Cinema,Peter Jackson,Fantasy,2003,201,High,PG-13,1,2017-10-28
2078,The Matrix,Warner Bros.,Lana Wachowski,Fantasy,1999,136,High,R,2,2018-09-08
2180,Forrest Gump,Paramount Pictures,Robert Zemeckis,Comedy,1994,142,High,PG-13,3,2017-12-18
1265,The Godfather,Paramount Pictures,Francis Ford Coppola,Comedy,1972,175,High,R,5,2020-08-22
27,The Lord of the Rings: The Return of the King,New Line Cinema,Peter Jackson,Crime,2003,201,High,PG-13,2,2020-06-20
669,The Godfather,Paramount Pictures,Francis Ford Coppola,Animation,1972,175,High,R,4,2020-07-23
1816,The Shawshank Redemption,Castle Rock Entertainment,Frank Darabont,Sci-Fi,1994,142,High,R,3,2016-01-23
446,The Dark Knight,Warner Bros.,Christopher Nolan,Animation,2008,152,High,PG-13,2,2017-03-03
1251,The Departed,Warner Bros.,Martin Scorsese,Thriller,2006,151,High,R,3,2020-08-17
2805,The Godfather,Paramount Pictures,Francis Ford Coppola,Animation,1972,175,High,R,4,2016-02-26
2753,The Godfather,Paramount Pictures,Francis Ford Coppola,Romance,1972,175,High,R,2,2021-05-27
1623,The Shawshank Redemption,Castle Rock Entertainment,Frank Darabont,Action,1994,142,High,R,2,2023-08-06
644,The Prestige,Warner Bros.,Christopher Nolan,Action,2006,130,High,PG-13,5,2022-06-06
2439,The Godfather,Paramount Pictures,Francis Ford Coppola,Animation,1972,175,High,R,4,2022-04-30
1077,The Prestige,Warner Bros.,Christopher Nolan,Comedy,2006,130,High,PG-13,2,2025-06-17
1255,Forrest Gump,Paramount Pictures,Robert Zemeckis,Comedy,1994,142,High,PG-13,3,2016-08-16
1262,The Dark Knight,Warner Bros.,Christopher Nolan,Adventure,2008,152,High,PG-13,3,2020-01-17
1656,Pulp Fiction,Miramax,Quentin Tarantino,Sci-Fi,1994,154,High,R,4,2015-01-24
574,The Shawshank Redemption,Castle Rock Entertainment,Frank Darabont,Sci-Fi,1994,142,High,R,3,2022-03-30
2885,Inside Out,Pixar,Pete Docter,Comedy,2015,95,Medium,PG,1,2024-03-06
1530,The Shawshank Redemption,Castle Rock Entertainment,Frank Darabont,Comedy,1994,142,High,R,3,2024-05-03
2286,The Shawshank Redemption,Castle Rock Entertainment,Frank Darabont,Sci-Fi,1994,142,High,R,4,2018-08-27
2061,Fight Club,20th Century Fox,David Fincher,Thriller,1999,139,High,R,2,2021-12-04
996,Pulp Fiction,Miramax,Quentin Tarantino,Comedy,1994,154,High,R,1,2015-11-01
189,The Shawshank Redemption,Castle Rock Entertainment,Frank Darabont,Fantasy,1994,142,High,R,5,2020-04-08
1148,Whiplash,Blumhouse Productions,Damien Chazelle,Sci-Fi,2014,107,Medium,R,4,2017-10-20
416,Heat,Warner Bros.,Michael Mann,Romance,1995,170,High,R,4,2015-08-31
1514,The Shawshank Redemption,Castle Rock Entertainment,Frank Darabont,Adventure,1994,142,High,R,3,2021-01-12
551,Pulp Fiction,Miramax,Quentin Tarantino,Comedy,1994,154,High,R,1,2020-04-16
1695,The Grand Budapest Hotel,Fox Searchlight,Wes Anderson,Crime,2014,99,Medium,R,3,2025-12-16
2352,The Lion King,Walt Disney Pictures,Roger Allers,Action,1994,88,Low,G,5,2018-05-09
1343,The Shawshank Redemption,Castle Rock Entertainment,Frank Darabont,Crime,1994,142,High,R,4,2017-10-01
1194,Fight Club,20th Century Fox,David Fincher,Comedy,1999,139,High,R,5,2020-12-15
2865,Interstellar,Paramount Pictures,Christopher Nolan,Action,2014,169,High,PG-13,1,2024-10-06
1827,Gladiator,DreamWorks Pictures,Ridley Scott,Adventure,2000,155,High,R,3,2025-02-24
1919,Goodfellas,Warner Bros.,Martin Scorsese,Thriller,1990,146,High,R,2,2018-08-08
2776,The Godfather,Paramount Pictures,Francis Ford Coppola,Adventure,1972,175,High,R,3,2017-03-26
95,WALL·E,Pixar,Andrew Stanton,Comedy,2008,98,Medium,G,3,2021-10-08
1993,The Shawshank Redemption,Castle Rock Entertainment,Frank Darabont,Sci-Fi,1994,142,High,R,4,2019-06-12
2099,Saving Private Ryan,DreamWorks/Amblin,Steven Spielberg,Animation,1998,169,High,R,1,2025-03-28
2066,The Dark Knight,Warner Bros.,Christopher Nolan,Romance,2008,152,High,PG-13,4,2015-05-12
1158,The Green Mile,Castle Rock Entertainment,Frank Darabont,Adventure,1999,189,High,R,5,2020-07-08
378,The Matrix,Warner Bros.,Lana Wachowski,Crime,1999,136,High,R,1,2021-05-04
2104,Inside Out,Pixar,Pete Docter,Crime,2015,95,Medium,PG,5,2016-10-10
1919,The Social Network,Columbia Pictures,David Fincher,Crime,2010,120,Medium,PG-13,5,2025-05-06
2802,The Lord of the Rings: The Return of the King,New Line Cinema,Peter Jackson,Thriller,2003,201,High,PG-13,1,2023-08-09
624,Pulp Fiction,Miramax,Quentin Tarantino,Comedy,1994,154,High,R,4,2020-01-23
2357,Schindler's List,Universal Pictures,Steven Spielberg,Crime,1993,195,High,R,2,2022-04-07
88,The Dark Knight,Warner Bros.,Christopher Nolan,Animation,2008,152,High,PG-13,4,2024-12-21
1598,The Dark Knight,Warner Bros.,Christopher Nolan,Comedy,2008,152,High,PG-13,1,2021-12-29
617,The Shawshank Redemption,Castle Rock Entertainment,Frank Darabont,Thriller,1994,142,High,R,3,2019-10-16
1338,The Godfather,Paramount Pictures,Francis Ford Coppola,Thriller,1972,175,High,R,5,2022-07-25
1453,Inception,Warner Bros.,Christopher Nolan,Thriller,2010,148,High,PG-13,5,2025-05-18
608,No Country for Old Men,Mirage Enterprises,Ethan Coen,Romance,2007,122,High,R,2,2017-02-12
2185,The Shawshank Redemption,Castle Rock Entertainment,Frank Darabont,Action,1994,142,High,R,1,2015-04-18
1428,The Lord of the Rings: The Return of the King,New Line Cinema,Peter Jackson,Drama,2003,201,High,PG-13,2,2021-01-21
943,Blade Runner,Warner Bros.,Ridley Scott,Adventure,1982,117,Medium,R,3,2025-05-30
1738,Schindler's List,Universal Pictures,Steven Spielberg,Thriller,1993,195,High,R,3,2016-10-30
1456,Heat,Warner Bros.,Michael Mann,Thriller,1995,170,High,R,2,2023-08-30
1537,The Shawshank Redemption,Castle Rock Entertainment,Frank Darabont,Fantasy,1994,142,High,R,1,2024-05-09
1831,The Shawshank Redemption,Castle Rock Entertainment,Frank Darabont,Thriller,1994,142,High,R,4,2015-07-21
1559,Pulp Fiction,Miramax,Quentin Tarantino,Thriller,1994,154,High,R,2,2023-08-24
718,The Matrix,Warner Bros.,Lana Wachowski,Crime,1999,136,High,R,1,2025-11-14
668,Inception,Warner Bros.,Christopher Nolan,Romance,2010,148,High,PG-13,5,2016-05-13
2478,Se7en,New Line Cinema,David Fincher,Crime,1995,127,High,R,4,2023-04-22
862,The Dark Knight,Warner Bros.,Christopher Nolan,Adventure,2008,152,High,PG-13,4,2017-02-21
1046,The Usual Suspects,Gramercy Pictures,Bryan Singer,Animation,1995,106,Medium,R,3,2020-05-11
1557,Inception,Warner Bros.,Christopher Nolan,Fantasy,2010,148,High,PG-13,1,2015-01-30
1477,Saving Private Ryan,DreamWorks/Amblin,Steven Spielberg,Sci-Fi,1998,169,High,R,1,2018-12-23
2671,The King's Speech,The Weinstein Company,Tom Hooper,Crime,2010,118,Medium,R,4,2025-08-10
1931,The Godfather,Paramount Pictures,Francis Ford Coppola,Crime,1972,175,High,R,4,2024-10-27
577,The Shawshank Redemption,Castle Rock Entertainment,Frank Darabont,Comedy,1994,142,High,R,3,2015-07-05
525,The Social Network,Columbia Pictures,David Fincher,Action,2010,120,Medium,PG-13,5,2015-02-07
160,Inception,Warner Bros.,Christopher Nolan,Action,2010,148,High,PG-13,4,2023-07-20
2530,The Shawshank Redemption,Castle Rock Entertainment,Frank Darabont,Thriller,1994,142,High,R,3,2019-03-03
716,Pulp Fiction,Miramax,Quentin Tarantino,Action,1994,154,High,R,4,2016-12-07
449,The Pianist,Focus Features,Roman Polanski,Action,2002,150,High,R,2,2019-02-04
1254,The Prestige,Warner Bros.,Christopher Nolan,Drama,2006,130,High,PG-13,4,2017-04-15
1316,The Dark Knight,Warner Bros.,Christopher Nolan,Adventure,2008,152,High,PG-13,3,2021-12-22
1928,The Shawshank Redemption,Castle Rock Entertainment,Frank Darabont,Drama,1994,142,High,R,3,2015-04-27
2210,The Shawshank Redemption,Castle Rock Entertainment,Frank Darabont,Action,1994,142,High,R,4,2015-07-10
648,The Dark Knight,Warner Bros.,Christopher Nolan,Romance,2008,152,High,PG-13,5,2016-11-26
1720,The Shawshank Redemption,Castle Rock Entertainment,Frank Darabont,Adventure,1994,142,High,R,2,2016-01-13
1701,Heat,Warner Bros.,Michael Mann,Crime,1995,170,High,R,4,2020-03-17
2471,La La Land,Summit Entertainment,Damien Chazelle,Animation,2016,128,High,PG-13,4,2016-07-04
1924,American Beauty,DreamWorks,Sam Mendes,Drama,1999,122,High,R,3,2020-05-04
2689,There Will Be Blood,Paramount Vantage,Paul Thomas Anderson,Comedy,2007,158,High,R,2,2018-08-15
2019,Inception,Warner Bros.,Christopher Nolan,Romance,2010,148,High,PG-13,1,2020-05-11
899,Se7en,New Line Cinema,David Fincher,Romance,1995,127,High,R,2,2016-05-30
337,Inception,Warner Bros.,Christopher Nolan,Action,2010,148,High,PG-13,2,2022-05-24
2520,Goodfellas,Warner Bros.,Martin Scorsese,Sci-Fi,1990,146,High,R,3,2024-12-11
2991,The Shawshank Redemption,Castle Rock Entertainment,Frank Darabont,Thriller,1994,142,High,R,3,2017-01-26
2420,Schindler's List,Universal Pictures,Steven Spielberg,Adventure,1993,195,High,R,4,2022-06-30
540,Inception,Warner Bros.,Christopher Nolan,Romance,2010,148,High,PG-13,3,2023-07-10
141,The Godfather,Paramount Pictures,Francis Ford Coppola,Adventure,1972,175,High,R,2,2021-07-01
811,Goodfellas,Warner Bros.,Martin Scorsese,Sci-Fi,1990,146,High,R,1,2023-11-28
140,Spirited Away,Studio Ghibli,Hayao Miyazaki,Drama,2001,125,High,PG,2,2022-02-12
1322,Back to the Future,Universal Pictures,Robert Zemeckis,Thriller,1985,116,Medium,PG,2,2019-06-14
1409,The Shawshank Redemption,Castle Rock Entertainment,Frank Darabont,Fantasy,1994,142,High,R,4,2024-08-14
880,The Shawshank Redemption,Castle Rock Entertainment,Frank Darabont,Romance,1994,142,High,R,4,2020-01-26
483,Pulp Fiction,Miramax,Quentin Tarantino,Comedy,1994,154,High,R,5,2019-12-07
764,Goodfellas,Warner Bros.,Martin Scorsese,Animation,1990,146,High,R,3,2018-10-13
2717,The Godfather,Paramount Pictures,Francis Ford Coppola,Fantasy,1972,175,High,R,5,2020-02-13
259,The Shawshank Redemption,Castle Rock Entertainment,Frank Darabont,Adventure,1994,142,High,R,5,2017-12-12
2226,Whiplash,Blumhouse Productions,Damien Chazelle,Sci-Fi,2014,107,Medium,R,1,2025-10-26
456,The Shawshank Redemption,Castle Rock Entertainment,Frank Darabont,Thriller,1994,142,High,R,4,2024-04-22
1424,The Shawshank Redemption,Castle Rock Entertainment,Frank Darabont,Comedy,1994,142,High,R,2,2024-10-17
340,The Godfather,Paramount Pictures,Francis Ford Coppola,Sci-Fi,1972,175,High,R,5,2025-07-15
2093,Up,Pixar,Pete Docter,Animation,2009,96,Medium,PG,2,2019-06-17
1450,The Shawshank Redemption,Castle Rock Entertainment,Frank Darabont,Thriller,1994,142,High,R,1,2017-03-24
2174,Inception,Warner Bros.,Christopher Nolan,Action,2010,148,High,PG-13,5,2024-08-23
944,Inception,Warner Bros.,Christopher Nolan,Animation,2010,148,High,PG-13,3,2021-01-18
651,Interstellar,Paramount Pictures,Christopher Nolan,Animation,2014,169,High,PG-13,2,2019-03-14
2934,The Shawshank Redemption,Castle Rock Entertainment,Frank Darabont,Action,1994,142,High,R,5,2017-07-15
829,The Shawshank Redemption,Castle Rock Entertainment,Frank Darabont,Romance,1994,142,High,R,4,2024-08-16
2138,The Godfather,Paramount Pictures,Francis Ford Coppola,Sci-Fi,1972,175,High,R,3,2019-05-16
558,WALL·E,Pixar,Andrew Stanton,Fantasy,2008,98,Medium,G,4,2018-08-11
1030,Titanic,Paramount Pictures,James Cameron,Comedy,1997,195,High,PG-13,1,2015-11-03
2512,Gladiator,DreamWorks Pictures,Ridley Scott,Comedy,2000,155,High,R,2,2025-05-08
1681,The Matrix,Warner Bros.,Lana Wachowski,Crime,1999,136,High,R,1,2023-06-21
994,The Shawshank Redemption,Castle Rock Entertainment,Frank Darabont,Fantasy,1994,142,High,R,2,2023-07-29
2423,The Dark Knight,Warner Bros.,Christopher Nolan,Action,2008,152,High,PG-13,4,2019-05-21
1132,The Shawshank Redemption,Castle Rock Entertainment,Frank Darabont,Adventure,1994,142,High,R,1,2017-07-15
2400,The Shawshank Redemption,Castle Rock Entertainment,Frank Darabont,Sci-Fi,1994,142,High,R,1,2023-02-21
584,The King's Speech,The Weinstein Company,Tom Hooper,Action,2010,118,Medium,R,2,2019-12-22
481,The Empire Strikes Back,Lucasfilm,Irvin Kershner,Adventure,1980,124,High,PG,1,2022-02-21
2575,Inception,Warner Bros.,Christopher Nolan,Animation,2010,148,High,PG-13,1,2023-08-27
512,The Matrix,Warner Bros.,Lana Wachowski,Thriller,1999,136,High,R,4,2018-05-08
289,Inception,Warner Bros.,Christopher Nolan,Romance,2010,148,High,PG-13,4,2016-09-21
168,The Grand Budapest Hotel,Fox Searchlight,Wes Anderson,Adventure,2014,99,Medium,R,3,2025-08-25
1911,The Dark Knight,Warner Bros.,Christopher Nolan,Comedy,2008,152,High,PG-13,1,2022-01-11
1193,Pulp Fiction,Miramax,Quentin Tarantino,Action,1994,154,High,R,4,2023-07-04
2472,The Godfather,Paramount Pictures,Francis Ford Coppola,Crime,1972,175,High,R,1,2023-03-17
2724,Toy Story,Pixar,John Lasseter,Adventure,1995,81,Low,G,2,2024-09-30
2614,Forrest Gump,Paramount Pictures,Robert Zemeckis,Sci-Fi,1994,142,High,PG-13,4,2015-08-21
1031,The Shawshank Redemption,Castle Rock Entertainment,Frank Darabont,Comedy,1994,142,High,R,3,2025-02-22
1030,The Silence of the Lambs,Orion Pictures,Jonathan Demme,Adventure,1991,118,Medium,R,4,2022-06-24
2921,The Usual Suspects,Gramercy Pictures,Bryan Singer,Crime,1995,106,Medium,R,1,2016-02-19
907,Saving Private Ryan,DreamWorks/Amblin,Steven Spielberg,Thriller,1998,169,High,R,5,2020-07-20
2903,The Matrix,Warner Bros.,Lana Wachowski,Comedy,1999,136,High,R,1,2023-10-04
2485,Forrest Gump,Paramount Pictures,Robert Zemeckis,Romance,1994,142,High,PG-13,5,2019-03-20
442,Inception,Warner Bros.,Christopher Nolan,Sci-Fi,2010,148,High,PG-13,1,2021-09-30
482,The Matrix,Warner Bros.,Lana Wachowski,Crime,1999,136,High,R,5,2016-01-24
2756,Up,Pixar,Pete Docter,Thriller,2009,96,Medium,PG,3,2021-07-04
1613,Gladiator,DreamWorks Pictures,Ridley Scott,Romance,2000,155,High,R,4,2024-02-22
1804,Gladiator,DreamWorks Pictures,Ridley Scott,Drama,2000,155,High,R,3,2022-04-04
1634,The Social Network,Columbia Pictures,David Fincher,Romance,2010,120,Medium,PG-13,5,2015-06-02
2323,American Beauty,DreamWorks,Sam Mendes,Sci-Fi,1999,122,High,R,1,2017-06-03
1689,The Shawshank Redemption,Castle Rock Entertainment,Frank Darabont,Adventure,1994,142,High,R,1,2018-04-12
2798,Saving Private Ryan,DreamWorks/Amblin,Steven Spielberg,Fantasy,1998,169,High,R,3,2019-01-08
196,The Dark Knight,Warner Bros.,Christopher Nolan,Thriller,2008,152,High,PG-13,3,2020-01-01
2288,The Godfather,Paramount Pictures,Francis Ford Coppola,Comedy,1972,175,High,R,2,2017-05-07
1644,The Departed,Warner Bros.,Martin Scorsese,Animation,2006,151,High,R,3,2023-04-22
365,Se7en,New Line Cinema,David Fincher,Action,1995,127,High,R,4,2024-08-09
933,The Dark Knight,Warner Bros.,Christopher Nolan,Romance,2008,152,High,PG-13,5,2023-04-19
2958,The Godfather,Paramount Pictures,Francis Ford Coppola,Comedy,1972,175,High,R,1,2025-04-02
2037,The Shawshank Redemption,Castle Rock Entertainment,Frank Darabont,Sci-Fi,1994,142,High,R,3,2021-12-21
2898,The Silence of the Lambs,Orion Pictures,Jonathan Demme,Sci-Fi,1991,118,Medium,R,2,2017-12-20
1481,Forrest Gump,Paramount Pictures,Robert Zemeckis,Adventure,1994,142,High,PG-13,4,2025-01-17
457,Se7en,New Line Cinema,David Fincher,Action,1995,127,High,R,3,2015-03-07
2631,The Shawshank Redemption,Castle Rock Entertainment,Frank Darabont,Comedy,1994,142,High,R,5,2022-11-08
1631,Fight Club,20th Century Fox,David Fincher,Animation,1999,139,High,R,5,2016-12-29
371,The Lord of the Rings: The Return of the King,New Line Cinema,Peter Jackson,Crime,2003,201,High,PG-13,2,2016-01-18
2933,Gladiator,DreamWorks Pictures,Ridley Scott,Sci-Fi,2000,155,High,R,3,2016-08-20
1578,The Dark Knight,Warner Bros.,Christopher Nolan,Adventure,2008,152,High,PG-13,4,2016-06-28
337,The Shawshank Redemption,Castle Rock Entertainment,Frank Darabont,Comedy,1994,142,High,R,5,2021-05-24
168,The Godfather,Paramount Pictures,Francis Ford Coppola,Thriller,1972,175,High,R,4,2024-04-06
2026,The Godfather,Paramount Pictures,Francis Ford Coppola,Action,1972,175,High,R,3,2015-04-18
926,The Godfather,Paramount Pictures,Francis Ford Coppola,Thriller,1972,175,High,R,2,2024-10-24
1216,Pulp Fiction,Miramax,Quentin Tarantino,Thriller,1994,154,High,R,2,2015-02-20
1798,The Godfather,Paramount Pictures,Francis Ford Coppola,Drama,1972,175,High,R,5,2020-06-02
1689,Pulp Fiction,Miramax,Quentin Tarantino,Animation,1994,154,High,R,5,2017-02-26
2570,The Shawshank Redemption,Castle Rock Entertainment,Frank Darabont,Animation,1994,142,High,R,5,2019-06-25
1491,The Matrix,Warner Bros.,Lana Wachowski,Sci-Fi,1999,136,High,R,3,2022-12-04
1494,Saving Private Ryan,DreamWorks/Amblin,Steven Spielberg,Comedy,1998,169,High,R,4,2019-02-25
1463,There Will Be Blood,Paramount Vantage,Paul Thomas Anderson,Thriller,2007,158,High,R,3,2021-01-22
2878,The Shawshank Redemption,Castle Rock Entertainment,Frank Darabont,Action,1994,142,High,R,3,2024-08-23
396,The Godfather,Paramount Pictures,Francis Ford Coppola,Animation,1972,175,High,R,5,2016-06-11
1285,Spirited Away,Studio Ghibli,Hayao Miyazaki,Animation,2001,125,High,PG,4,2021-01-01
1427,The Shawshank Redemption,Castle Rock Entertainment,Frank Darabont,Romance,1994,142,High,R,2,2023-01-28
1103,Gladiator,DreamWorks Pictures,Ridley Scott,Animation,2000,155,High,R,2,2020-03-20
1794,The Matrix,Warner Bros.,Lana Wachowski,Drama,1999,136,High,R,4,2021-12-09
702,Forrest Gump,Paramount Pictures,Robert Zemeckis,Sci-Fi,1994,142,High,PG-13,1,2025-09-09
236,The Shawshank Redemption,Castle Rock Entertainment,Frank Darabont,Fantasy,1994,142,High,R,5,2022-04-17
2794,No Country for Old Men,Mirage Enterprises,Ethan Coen,Fantasy,2007,122,High,R,2,2015-09-19
2981,The Dark Knight,Warner Bros.,Christopher Nolan,Comedy,2008,152,High,PG-13,5,2017-10-29
2885,The Shawshank Redemption,Castle Rock Entertainment,Frank Darabont,Romance,1994,142,High,R,4,2019-10-31
2711,The Departed,Warner Bros.,Martin Scorsese,Action,2006,151,High,R,4,2017-05-31
953,Pulp Fiction,Miramax,Quentin Tarantino,Animation,1994,154,High,R,3,2018-09-15
2211,Fight Club,20th Century Fox,David Fincher,Animation,1999,139,High,R,4,2016-08-13
28,Spirited Away,Studio Ghibli,Hayao Miyazaki,Romance,2001,125,High,PG,3,2024-09-03
491,WALL·E,Pixar,Andrew Stanton,Drama,2008,98,Medium,G,3,2021-08-03
2170,Whiplash,Blumhouse Productions,Damien Chazelle,Crime,2014,107,Medium,R,5,2015-09-18
2464,Pulp Fiction,Miramax,Quentin Tarantino,Action,1994,154,High,R,2,2017-10-16
2660,Whiplash,Blumhouse Productions,Damien Chazelle,Action,2014,107,Medium,R,2,2015-05-01
386,Blade Runner 2049,Warner Bros.,Denis Villeneuve,Crime,2017,164,High,R,3,2015-12-31
1670,The King's Speech,The Weinstein Company,Tom Hooper,Romance,2010,118,Medium,R,4,2024-01-10
1407,The Dark Knight,Warner Bros.,Christopher Nolan,Fantasy,2008,152,High,PG-13,2,2024-07-02
2897,The Shawshank Redemption,Castle Rock Entertainment,Frank Darabont,Comedy,1994,142,High,R,3,2016-12-27
756,Pulp Fiction,Miramax,Quentin Tarantino,Comedy,1994,154,High,R,4,2016-01-07
2652,The Godfather,Paramount Pictures,Francis Ford Coppola,Thriller,1972,175,High,R,2,2018-12-09
386,The Silence of the Lambs,Orion Pictures,Jonathan Demme,Adventure,1991,118,Medium,R,4,2023-06-07
2282,Inception,Warner Bros.,Christopher Nolan,Drama,2010,148,High,PG-13,5,2015-09-07
8,The Shawshank Redemption,Castle Rock Entertainment,Frank Darabont,Adventure,1994,142,High,R,1,2016-11-21
1339,Up,Pixar,Pete Docter,Animation,2009,96,Medium,PG,1,2015-01-20
1536,The Dark Knight,Warner Bros.,Christopher Nolan,Drama,2008,152,High,PG-13,5,2021-04-26
2544,La La Land,Summit Entertainment,Damien Chazelle,Action,2016,128,High,PG-13,2,2022-02-20
1415,Forrest Gump,Paramount Pictures,Robert Zemeckis,Animation,1994,142,High,PG-13,2,2025-12-10
2352,The Shawshank Redemption,Castle Rock Entertainment,Frank Darabont,Action,1994,142,High,R,5,2019-03-13
610,The Shawshank Redemption,Castle Rock Entertainment,Frank Darabont,Fantasy,1994,142,High,R,2,2020-09-09
159,American Beauty,DreamWorks,Sam Mendes,Fantasy,1999,122,High,R,1,2021-12-23
1194,"Crouching Tiger, Hidden Dragon",Sony Pictures Classics,Ang Lee,Crime,2000,120,Medium,PG-13,3,2025-06-26
686,The Shawshank Redemption,Castle Rock Entertainment,Frank Darabont,Action,1994,142,High,R,5,2020-10-24
636,There Will Be Blood,Paramount Vantage,Paul Thomas Anderson,Fantasy,2007,158,High,R,2,2021-10-07
2698,The Avengers,Marvel Studios,Joss Whedon,Adventure,2012,143,High,PG-13,4,2025-05-31
477,Fight Club,20th Century Fox,David Fincher,Sci-Fi,1999,139,High,R,4,2025-08-02
1498,The Empire Strikes Back,Lucasfilm,Irvin Kershner,Crime,1980,124,High,PG,3,2017-10-05
1656,The Shawshank Redemption,Castle Rock Entertainment,Frank Darabont,Fantasy,1994,142,High,R,2,2023-11-27
2702,The Shawshank Redemption,Castle Rock Entertainment,Frank Darabont,Drama,1994,142,High,R,4,2024-02-04
2130,Gladiator,DreamWorks Pictures,Ridley Scott,Romance,2000,155,High,R,1,2024-07-04
2356,The Shawshank Redemption,Castle Rock Entertainment,Frank Darabont,Adventure,1994,142,High,R,5,2021-04-25
2238,Interstellar,Paramount Pictures,Christopher Nolan,Animation,2014,169,High,PG-13,4,2023-06-28
1835,The Silence of the Lambs,Orion Pictures,Jonathan Demme,Comedy,1991,118,Medium,R,3,2016-07-08
1783,The Departed,Warner Bros.,Martin Scorsese,Comedy,2006,151,High,R,4,2019-07-14
428,The Dark Knight,Warner Bros.,Christopher Nolan,Fantasy,2008,152,High,PG-13,1,2020-07-05
1253,The Godfather,Paramount Pictures,Francis Ford Coppola,Fantasy,1972,175,High,R,5,2019-05-12
171,Forrest Gump,Paramount Pictures,Robert Zemeckis,Comedy,1994,142,High,PG-13,1,2020-11-30
2407,The Shawshank Redemption,Castle Rock Entertainment,Frank Darabont,Crime,1994,142,High,R,3,2025-01-02
2626,Goodfellas,Warner Bros.,Martin Scorsese,Romance,1990,146,High,R,5,2016-12-11
194,The Godfather,Paramount Pictures,Francis Ford Coppola,Drama,1972,175,High,R,5,2015-04-25
2203,Up,Pixar,Pete Docter,Sci-Fi,2009,96,Medium,PG,2,2018-12-11
731,The Shawshank Redemption,Castle Rock Entertainment,Frank Darabont,Sci-Fi,1994,142,High,R,5,2020-11-16
1873,Inception,Warner Bros.,Christopher Nolan,Drama,2010,148,High,PG-13,2,2016-02-09
2925,Alien,20th Century Fox,Ridley Scott,Thriller,1979,117,Medium,R,3,2015-10-26
2511,The Shawshank Redemption,Castle Rock Entertainment,Frank Darabont,Thriller,1994,142,High,R,5,2022-03-08
2824,The Shawshank Redemption,Castle Rock Entertainment,Frank Darabont,Sci-Fi,1994,142,High,R,2,2025-02-04
985,The Shawshank Redemption,Castle Rock Entertainment,Frank Darabont,Comedy,1994,142,High,R,1,2025-02-21
936,Schindler's List,Universal Pictures,Steven Spielberg,Adventure,1993,195,High,R,2,2019-05-17
581,The Dark Knight,Warner Bros.,Christopher Nolan,Sci-Fi,2008,152,High,PG-13,1,2016-09-30
1732,The Matrix,Warner Bros.,Lana Wachowski,Romance,1999,136,High,R,3,2024-11-21
2677,The Empire Strikes Back,Lucasfilm,Irvin Kershner,Comedy,1980,124,High,PG,2,2025-07-18
42,Goodfellas,Warner Bros.,Martin Scorsese,Comedy,1990,146,High,R,4,2022-09-28
777,Pulp Fiction,Miramax,Quentin Tarantino,Sci-Fi,1994,154,High,R,4,2018-02-13
43,American Beauty,DreamWorks,Sam Mendes,Fantasy,1999,122,High,R,3,2021-09-24
1840,The Silence of the Lambs,Orion Pictures,Jonathan Demme,Sci-Fi,1991,118,Medium,R,1,2022-10-21
469,The Shawshank Redemption,Castle Rock Entertainment,Frank Darabont,Thriller,1994,142,High,R,1,2022-02-24
2200,The Shawshank Redemption,Castle Rock Entertainment,Frank Darabont,Fantasy,1994,142,High,R,1,2017-01-21
2197,The Godfather,Paramount Pictures,Francis Ford Coppola,Comedy,1972,175,High,R,4,2018-03-12
490,The Godfather,Paramount Pictures,Francis Ford Coppola,Romance,1972,175,High,R,3,2016-03-20
2040,The Dark Knight,Warner Bros.,Christopher Nolan,Thriller,2008,152,High,PG-13,1,2021-03-22
1962,The Shawshank Redemption,Castle Rock Entertainment,Frank Darabont,Animation,1994,142,High,R,1,2020-04-04
1590,The Shawshank Redemption,Castle Rock Entertainment,Frank Darabont,Thriller,1994,142,High,R,1,2024-05-05
2521,The Shawshank Redemption,Castle Rock Entertainment,Frank Darabont,Crime,1994,142,High,R,2,2019-11-21
169,The Dark Knight,Warner Bros.,Christopher Nolan,Action,2008,152,High,PG-13,4,2021-09-11
862,Schindler's List,Universal Pictures,Steven Spielberg,Animation,1993,195,High,R,2,2023-08-14
626,Titanic,Paramount Pictures,James Cameron,Drama,1997,195,High,PG-13,5,2015-02-28
1893,The Dark Knight,Warner Bros.,Christopher Nolan,Comedy,2008,152,High,PG-13,2,2018-12-05
628,The Shawshank Redemption,Castle Rock Entertainment,Frank Darabont,Drama,1994,142,High,R,4,2019-04-06
754,The King's Speech,The Weinstein Company,Tom Hooper,Animation,2010,118,Medium,R,1,2017-07-11
1805,The Silence of the Lambs,Orion Pictures,Jonathan Demme,Adventure,1991,118,Medium,R,4,2015-04-14
1179,The Shawshank Redemption,Castle Rock Entertainment,Frank Darabont,Thriller,1994,142,High,R,5,2020-12-04
1301,Fight Club,20th Century Fox,David Fincher,Action,1999,139,High,R,5,2025-10-24
2189,The Shawshank Redemption,Castle Rock Entertainment,Frank Darabont,Crime,1994,142,High,R,4,2020-10-22
158,The Shawshank Redemption,Castle Rock Entertainment,Frank Darabont,Action,1994,142,High,R,3,2019-02-26
1562,The Shawshank Redemption,Castle Rock Entertainment,Frank Darabont,Crime,1994,142,High,R,2,2015-01-25
2323,The Shawshank Redemption,Castle Rock Entertainment,Frank Darabont,Drama,1994,142,High,R,4,2023-08-15
2235,The Shawshank Redemption,Castle Rock Entertainment,Frank Darabont,Thriller,1994,142,High,R,1,2021-04-27
1582,The Shawshank Redemption,Castle Rock Entertainment,Frank Darabont,Fantasy,1994,142,High,R,5,2022-03-26
974,The Godfather,Paramount Pictures,Francis Ford Coppola,Romance,1972,175,High,R,4,2020-01-16
2608,The Empire Strikes Back,Lucasfilm,Irvin Kershner,Romance,1980,124,High,PG,3,2018-11-14
1476,Pulp Fiction,Miramax,Quentin Tarantino,Action,1994,154,High,R,4,2021-01-06
1592,The Godfather,Paramount Pictures,Francis Ford Coppola,Comedy,1972,175,High,R,2,2025-10-19
86,The Avengers,Marvel Studios,Joss Whedon,Action,2012,143,High,PG-13,3,2023-04-20
1884,Pulp Fiction,Miramax,Quentin Tarantino,Comedy,1994,154,High,R,2,2015-06-24
513,Pulp Fiction,Miramax,Quentin Tarantino,Animation,1994,154,High,R,2,2019-07-06
1663,Parasite,CJ Entertainment,Bong Joon-ho,Adventure,2019,132,High,R,2,2025-07-24
1853,Pulp Fiction,Miramax,Quentin Tarantino,Sci-Fi,1994,154,High,R,4,2023-03-24
1384,Pulp Fiction,Miramax,Quentin Tarantino,Sci-Fi,1994,154,High,R,4,2019-01-29
2171,The Godfather,Paramount Pictures,Francis Ford Coppola,Sci-Fi,1972,175,High,R,2,2023-02-10
798,The Shawshank Redemption,Castle Rock Entertainment,Frank Darabont,Thriller,1994,142,High,R,2,2021-05-17
1898,Alien,20th Century Fox,Ridley Scott,Romance,1979,117,Medium,R,3,2025-02-04
1258,Fight Club,20th Century Fox,David Fincher,Sci-Fi,1999,139,High,R,3,2022-03-22
2224,The Shawshank Redemption,Castle Rock Entertainment,Frank Darabont,Action,1994,142,High,R,4,2016-03-21
209,Schindler's List,Universal Pictures,Steven Spielberg,Comedy,1993,195,High,R,5,2019-08-16
642,The Shawshank Redemption,Castle Rock Entertainment,Frank Darabont,Adventure,1994,142,High,R,5,2024-12-24
1815,Schindler's List,Universal Pictures,Steven Spielberg,Animation,1993,195,High,R,4,2017-01-08
2733,The Shawshank Redemption,Castle Rock Entertainment,Frank Darabont,Thriller,1994,142,High,R,4,2021-05-13
1647,The Shawshank Redemption,Castle Rock Entertainment,Frank Darabont,Romance,1994,142,High,R,2,2022-03-11
1297,The Matrix,Warner Bros.,Lana Wachowski,Thriller,1999,136,High,R,2,2019-08-12
2501,Forrest Gump,Paramount Pictures,Robert Zemeckis,Action,1994,142,High,PG-13,4,2018-07-19
2573,"Crouching Tiger, Hidden Dragon",Sony Pictures Classics,Ang Lee,Romance,2000,120,Medium,PG-13,5,2023-03-31
88,The Green Mile,Castle Rock Entertainment,Frank Darabont,Crime,1999,189,High,R,1,2015-12-18
369,The Shawshank Redemption,Castle Rock Entertainment,Frank Darabont,Drama,1994,142,High,R,3,2024-07-24
617,The Godfather,Paramount Pictures,Francis Ford Coppola,Adventure,1972,175,High,R,2,2023-05-04
2553,Toy Story,Pixar,John Lasseter,Comedy,1995,81,Low,G,1,2019-01-26
1387,Avengers: Endgame,Marvel Studios,Anthony Russo,Romance,2019,181,High,PG-13,4,2020-04-29
2302,Interstellar,Paramount Pictures,Christopher Nolan,Comedy,2014,169,High,PG-13,3,2016-02-20
486,The Shawshank Redemption,Castle Rock Entertainment,Frank Darabont,Action,1994,142,High,R,2,2019-08-28
2301,Inception,Warner Bros.,Christopher Nolan,Romance,2010,148,High,PG-13,4,2016-10-10
1022,Fight Club,20th Century Fox,David Fincher,Fantasy,1999,139,High,R,3,2022-09-27
162,Inside Out,Pixar,Pete Docter,Action,2015,95,Medium,PG,4,2016-02-02
1954,The Shawshank Redemption,Castle Rock Entertainment,Frank Darabont,Sci-Fi,1994,142,High,R,4,2019-04-03
1485,The Shawshank Redemption,Castle Rock Entertainment,Frank Darabont,Drama,1994,142,High,R,5,2022-09-19
1833,"Crouching Tiger, Hidden Dragon",Sony Pictures Classics,Ang Lee,Romance,2000,120,Medium,PG-13,5,2017-01-14
1392,No Country for Old Men,Mirage Enterprises,Ethan Coen,Fantasy,2007,122,High,R,5,2018-11-09
553,Heat,Warner Bros.,Michael Mann,Adventure,1995,170,High,R,1,2016-12-26
2740,The Lord of the Rings: The Return of the King,New Line Cinema,Peter Jackson,Sci-Fi,2003,201,High,PG-13,2,2016-03-30
341,The Shawshank Redemption,Castle Rock Entertainment,Frank Darabont,Adventure,1994,142,High,R,3,2022-12-23
2418,The Dark Knight,Warner Bros.,Christopher Nolan,Fantasy,2008,152,High,PG-13,1,2021-12-22
1036,Pulp Fiction,Miramax,Quentin Tarantino,Action,1994,154,High,R,3,2024-07-18
97,The Shawshank Redemption,Castle Rock Entertainment,Frank Darabont,Comedy,1994,142,High,R,5,2025-02-20
979,Forrest Gump,Paramount Pictures,Robert Zemeckis,Action,1994,142,High,PG-13,1,2022-04-13
1383,Interstellar,Paramount Pictures,Christopher Nolan,Comedy,2014,169,High,PG-13,4,2019-11-09
2259,The Shawshank Redemption,Castle Rock Entertainment,Frank Darabont,Fantasy,1994,142,High,R,1,2018-09-25
2350,The Shawshank Redemption,Castle Rock Entertainment,Frank Darabont,Romance,1994,142,High,R,1,2023-03-29
1926,The Shawshank Redemption,Castle Rock Entertainment,Frank Darabont,Sci-Fi,1994,142,High,R,2,2025-02-21
1537,The Dark Knight,Warner Bros.,Christopher Nolan,Drama,2008,152,High,PG-13,3,2022-10-25
2898,The Dark Knight,Warner Bros.,Christopher Nolan,Animation,2008,152,High,PG-13,4,2019-07-26
791,The Dark Knight,Warner Bros.,Christopher Nolan,Adventure,2008,152,High,PG-13,3,2021-03-12
1843,Forrest Gump,Paramount Pictures,Robert Zemeckis,Comedy,1994,142,High,PG-13,1,2025-03-30
2085,The Truman Show,Paramount Pictures,Peter Weir,Crime,1998,103,Medium,PG,3,2024-08-29
439,No Country for Old Men,Mirage Enterprises,Ethan Coen,Drama,2007,122,High,R,2,2024-01-16
631,The Godfather,Paramount Pictures,Francis Ford Coppola,Action,1972,175,High,R,3,2015-09-24
309,Fight Club,20th Century Fox,David Fincher,Thriller,1999,139,High,R,1,2024-09-07
2530,The Shawshank Redemption,Castle Rock Entertainment,Frank Darabont,Drama,1994,142,High,R,3,2024-10-04
1356,The Shawshank Redemption,Castle Rock Entertainment,Frank Darabont,Romance,1994,142,High,R,4,2022-01-28
231,The Prestige,Warner Bros.,Christopher Nolan,Crime,2006,130,High,PG-13,5,2016-05-14
376,Gladiator,DreamWorks Pictures,Ridley Scott,Thriller,2000,155,High,R,1,2017-01-30
2809,Gladiator,DreamWorks Pictures,Ridley Scott,Crime,2000,155,High,R,1,2019-11-09
1313,The Godfather,Paramount Pictures,Francis Ford Coppola,Drama,1972,175,High,R,1,2019-05-04
809,The Lord of the Rings: The Return of the King,New Line Cinema,Peter Jackson,Thriller,2003,201,High,PG-13,4,2024-03-02
763,Gladiator,DreamWorks Pictures,Ridley Scott,Fantasy,2000,155,High,R,5,2022-12-02
758,Forrest Gump,Paramount Pictures,Robert Zemeckis,Romance,1994,142,High,PG-13,1,2019-12-18
810,Inception,Warner Bros.,Christopher Nolan,Crime,2010,148,High,PG-13,2,2025-12-04
776,The Godfather,Paramount Pictures,Francis Ford Coppola,Animation,1972,175,High,R,5,2025-11-28
1317,Interstellar,Paramount Pictures,Christopher Nolan,Crime,2014,169,High,PG-13,2,2017-02-05
2603,Se7en,New Line Cinema,David Fincher,Thriller,1995,127,High,R,2,2019-06-05
2076,Parasite,CJ Entertainment,Bong Joon-ho,Comedy,2019,132,High,R,5,2019-08-16
1413,The Silence of the Lambs,Orion Pictures,Jonathan Demme,Thriller,1991,118,Medium,R,4,2017-10-24
2800,Goodfellas,Warner Bros.,Martin Scorsese,Animation,1990,146,High,R,1,2022-05-06
258,The Godfather,Paramount Pictures,Francis Ford Coppola,Action,1972,175,High,R,1,2015-09-10
1762,Forrest Gump,Paramount Pictures,Robert Zemeckis,Drama,1994,142,High,PG-13,5,2023-06-23
2763,The Shawshank Redemption,Castle Rock Entertainment,Frank Darabont,Fantasy,1994,142,High,R,1,2025-12-16
2790,The Shawshank Redemption,Castle Rock Entertainment,Frank Darabont,Romance,1994,142,High,R,3,2022-10-30
2979,The Lord of the Rings: The Return of the King,New Line Cinema,Peter Jackson,Crime,2003,201,High,PG-13,5,2017-12-10
1968,Parasite,CJ Entertainment,Bong Joon-ho,Fantasy,2019,132,High,R,3,2023-04-29
2237,The Dark Knight,Warner Bros.,Christopher Nolan,Comedy,2008,152,High,PG-13,4,2018-07-07
699,The Avengers,Marvel Studios,Joss Whedon,Thriller,2012,143,High,PG-13,2,2021-08-02
1891,The Shawshank Redemption,Castle Rock Entertainment,Frank Darabont,Adventure,1994,142,High,R,4,2020-03-19
1903,The Godfather,Paramount Pictures,Francis Ford Coppola,Sci-Fi,1972,175,High,R,4,2024-09-28
101,Pulp Fiction,Miramax,Quentin Tarantino,Action,1994,154,High,R,4,2019-09-15
2590,The Green Mile,Castle Rock Entertainment,Frank Darabont,Adventure,1999,189,High,R,4,2024-10-04
2711,The Shawshank Redemption,Castle Rock Entertainment,Frank Darabont,Adventure,1994,142,High,R,1,2019-11-15
754,Avengers: Endgame,Marvel Studios,Anthony Russo,Action,2019,181,High,PG-13,5,2025-08-10
614,The Shawshank Redemption,Castle Rock Entertainment,Frank Darabont,Drama,1994,142,High,R,4,2020-04-18
1607,The Godfather,Paramount Pictures,Francis Ford Coppola,Thriller,1972,175,High,R,1,2020-07-30
779,The Shawshank Redemption,Castle Rock Entertainment,Frank Darabont,Animation,1994,142,High,R,3,2017-07-21
655,Forrest Gump,Paramount Pictures,Robert Zemeckis,Fantasy,1994,142,High,PG-13,4,2019-11-18
435,Forrest Gump,Paramount Pictures,Robert Zemeckis,Drama,1994,142,High,PG-13,3,2025-10-13
1186,The Shawshank Redemption,Castle Rock Entertainment,Frank Darabont,Adventure,1994,142,High,R,4,2021-10-25
887,The Shawshank Redemption,Castle Rock Entertainment,Frank Darabont,Animation,1994,142,High,R,4,2024-01-05
650,Pulp Fiction,Miramax,Quentin Tarantino,Drama,1994,154,High,R,3,2022-01-30
2506,The Dark Knight,Warner Bros.,Christopher Nolan,Comedy,2008,152,High,PG-13,5,2019-10-24
1398,The Shawshank Redemption,Castle Rock Entertainment,Frank Darabont,Action,1994,142,High,R,5,2018-02-28
1940,Titanic,Paramount Pictures,James Cameron,Action,1997,195,High,PG-13,3,2021-05-04
1009,The Shawshank Redemption,Castle Rock Entertainment,Frank Darabont,Fantasy,1994,142,High,R,3,2019-09-05
1281,The Shawshank Redemption,Castle Rock Entertainment,Frank Darabont,Adventure,1994,142,High,R,2,2025-03-16
1396,The Silence of the Lambs,Orion Pictures,Jonathan Demme,Fantasy,1991,118,Medium,R,3,2021-03-23
521,The Matrix,Warner Bros.,Lana Wachowski,Adventure,1999,136,High,R,2,2025-02-11
2429,Up,Pixar,Pete Docter,Romance,2009,96,Medium,PG,2,2022-12-10
1925,The Lord of the Rings: The Return of the King,New Line Cinema,Peter Jackson,Thriller,2003,201,High,PG-13,4,2021-04-26
392,Moonlight,A24,Barry Jenkins,Adventure,2016,111,Medium,R,5,2024-11-16
334,The Dark Knight,Warner Bros.,Christopher Nolan,Action,2008,152,High,PG-13,5,2018-08-10
2982,Inception,Warner Bros.,Christopher Nolan,Fantasy,2010,148,High,PG-13,5,2025-02-05
792,The Godfather,Paramount Pictures,Francis Ford Coppola,Fantasy,1972,175,High,R,4,2023-09-20
242,The Prestige,Warner Bros.,Christopher Nolan,Comedy,2006,130,High,PG-13,2,2019-01-30
1459,Forrest Gump,Paramount Pictures,Robert Zemeckis,Thriller,1994,142,High,PG-13,1,2018-09-02
1118,The Lion King,Walt Disney Pictures,Roger Allers,Fantasy,1994,88,Low,G,5,2016-08-21
2197,Blade Runner,Warner Bros.,Ridley Scott,Fantasy,1982,117,Medium,R,3,2021-10-13
494,The Shawshank Redemption,Castle Rock Entertainment,Frank Darabont,Thriller,1994,142,High,R,5,2021-10-14
2065,The Godfather,Paramount Pictures,Francis Ford Coppola,Drama,1972,175,High,R,2,2020-11-14
45,The Godfather,Paramount Pictures,Francis Ford Coppola,Sci-Fi,1972,175,High,R,4,2022-11-09
104,The Godfather,Paramount Pictures,Francis Ford Coppola,Thriller,1972,175,High,R,2,2018-04-27
1905,The Shawshank Redemption,Castle Rock Entertainment,Frank Darabont,Sci-Fi,1994,142,High,R,1,2019-02-18
1565,Whiplash,Blumhouse Productions,Damien Chazelle,Action,2014,107,Medium,R,4,2022-01-07
1287,Fight Club,20th Century Fox,David Fincher,Romance,1999,139,High,R,4,2023-07-04
811,The Shawshank Redemption,Castle Rock Entertainment,Frank Darabont,Comedy,1994,142,High,R,4,2018-02-04
2403,Gladiator,DreamWorks Pictures,Ridley Scott,Fantasy,2000,155,High,R,3,2016-10-29
1338,The Shawshank Redemption,Castle Rock Entertainment,Frank Darabont,Drama,1994,142,High,R,1,2015-08-03
2952,Fight Club,20th Century Fox,David Fincher,Adventure,1999,139,High,R,2,2018-07-15
1327,The Dark Knight,Warner Bros.,Christopher Nolan,Drama,2008,152,High,PG-13,4,2022-04-01
142,The Dark Knight,Warner Bros.,Christopher Nolan,Adventure,2008,152,High,PG-13,5,2024-05-17
2329,The Silence of the Lambs,Orion Pictures,Jonathan Demme,Adventure,1991,118,Medium,R,5,2023-06-26
2938,The Shawshank Redemption,Castle Rock Entertainment,Frank Darabont,Animation,1994,142,High,R,1,2023-02-08
279,Gladiator,DreamWorks Pictures,Ridley Scott,Fantasy,2000,155,High,R,1,2025-05-24
2924,The Shawshank Redemption,Castle Rock Entertainment,Frank Darabont,Crime,1994,142,High,R,5,2016-10-31
333,The Godfather,Paramount Pictures,Francis Ford Coppola,Adventure,1972,175,High,R,3,2018-10-17
2233,Pulp Fiction,Miramax,Quentin Tarantino,Crime,1994,154,High,R,4,2019-06-29
635,The Shawshank Redemption,Castle Rock Entertainment,Frank Darabont,Sci-Fi,1994,142,High,R,4,2022-10-16
652,Fight Club,20th Century Fox,David Fincher,Crime,1999,139,High,R,2,2020-01-12
232,The Shawshank Redemption,Castle Rock Entertainment,Frank Darabont,Comedy,1994,142,High,R,2,2017-09-07
2634,The Silence of the Lambs,Orion Pictures,Jonathan Demme,Animation,1991,118,Medium,R,1,2015-08-03
173,Parasite,CJ Entertainment,Bong Joon-ho,Thriller,2019,132,High,R,4,2015-06-23
564,The Shawshank Redemption,Castle Rock Entertainment,Frank Darabont,Thriller,1994,142,High,R,2,2025-09-14
2599,Forrest Gump,Paramount Pictures,Robert Zemeckis,Adventure,1994,142,High,PG-13,4,2023-06-24
1187,The Empire Strikes Back,Lucasfilm,Irvin Kershner,Drama,1980,124,High,PG,5,2023-08-02
165,Forrest Gump,Paramount Pictures,Robert Zemeckis,Sci-Fi,1994,142,High,PG-13,5,2015-10-06
2387,The Shawshank Redemption,Castle Rock Entertainment,Frank Darabont,Drama,1994,142,High,R,2,2017-07-29
1508,Forrest Gump,Paramount Pictures,Robert Zemeckis,Adventure,1994,142,High,PG-13,1,2021-07-10
624,Inception,Warner Bros.,Christopher Nolan,Action,2010,148,High,PG-13,4,2017-05-21
2279,Inception,Warner Bros.,Christopher Nolan,Romance,2010,148,High,PG-13,3,2017-12-24
826,The Dark Knight,Warner Bros.,Christopher Nolan,Sci-Fi,2008,152,High,PG-13,2,2024-05-12
1340,Se7en,New Line Cinema,David Fincher,Comedy,1995,127,High,R,3,2017-03-12
1169,No Country for Old Men,Mirage Enterprises,Ethan Coen,Sci-Fi,2007,122,High,R,1,2022-04-18
2669,Pulp Fiction,Miramax,Quentin Tarantino,Fantasy,1994,154,High,R,5,2025-11-07
462,The Empire Strikes Back,Lucasfilm,Irvin Kershner,Sci-Fi,1980,124,High,PG,2,2017-01-27
2336,The Shawshank Redemption,Castle Rock Entertainment,Frank Darabont,Crime,1994,142,High,R,2,2017-03-30
2430,Goodfellas,Warner Bros.,Martin Scorsese,Comedy,1990,146,High,R,2,2024-12-10
2654,The Lion King,Walt Disney Pictures,Roger Allers,Adventure,1994,88,Low,G,4,2015-08-11
2094,The Silence of the Lambs,Orion Pictures,Jonathan Demme,Romance,1991,118,Medium,R,3,2017-06-07
742,The Shawshank Redemption,Castle Rock Entertainment,Frank Darabont,Drama,1994,142,High,R,2,2024-04-20
2949,La La Land,Summit Entertainment,Damien Chazelle,Thriller,2016,128,High,PG-13,4,2025-08-14
2466,The Dark Knight,Warner Bros.,Christopher Nolan,Adventure,2008,152,High,PG-13,4,2019-05-20
2445,Se7en,New Line Cinema,David Fincher,Fantasy,1995,127,High,R,4,2021-04-16
440,The Godfather,Paramount Pictures,Francis Ford Coppola,Thriller,1972,175,High,R,1,2021-11-29
46,Moonlight,A24,Barry Jenkins,Drama,2016,111,Medium,R,5,2015-07-24
1563,The King's Speech,The Weinstein Company,Tom Hooper,Drama,2010,118,Medium,R,3,2019-12-28
1508,Titanic,Paramount Pictures,James Cameron,Action,1997,195,High,PG-13,1,2015-08-08
1528,The Shawshank Redemption,Castle Rock Entertainment,Frank Darabont,Thriller,1994,142,High,R,4,2023-04-27
144,The Shawshank Redemption,Castle Rock Entertainment,Frank Darabont,Sci-Fi,1994,142,High,R,1,2018-05-03
1872,There Will Be Blood,Paramount Vantage,Paul Thomas Anderson,Comedy,2007,158,High,R,2,2017-12-12
2608,"Crouching Tiger, Hidden Dragon",Sony Pictures Classics,Ang Lee,Thriller,2000,120,Medium,PG-13,1,2025-04-23
59,Goodfellas,Warner Bros.,Martin Scorsese,Drama,1990,146,High,R,4,2016-12-16
2375,The Shawshank Redemption,Castle Rock Entertainment,Frank Darabont,Thriller,1994,142,High,R,4,2024-10-02
2879,Interstellar,Paramount Pictures,Christopher Nolan,Comedy,2014,169,High,PG-13,3,2015-04-03
267,Fight Club,20th Century Fox,David Fincher,Crime,1999,139,High,R,2,2017-06-01
2038,The Dark Knight,Warner Bros.,Christopher Nolan,Sci-Fi,2008,152,High,PG-13,1,2015-06-02
55,Pulp Fiction,Miramax,Quentin Tarantino,Fantasy,1994,154,High,R,4,2016-12-17
1151,The Matrix,Warner Bros.,Lana Wachowski,Drama,1999,136,High,R,1,2025-10-04
1095,Gladiator,DreamWorks Pictures,Ridley Scott,Fantasy,2000,155,High,R,2,2023-12-29
2825,The Shawshank Redemption,Castle Rock Entertainment,Frank Darabont,Comedy,1994,142,High,R,2,2017-08-19
2307,Pulp Fiction,Miramax,Quentin Tarantino,Drama,1994,154,High,R,1,2024-10-17
2880,Back to the Future,Universal Pictures,Robert Zemeckis,Sci-Fi,1985,116,Medium,PG,5,2025-09-04
1492,Forrest Gump,Paramount Pictures,Robert Zemeckis,Thriller,1994,142,High,PG-13,1,2018-03-19
1936,The Shawshank Redemption,Castle Rock Entertainment,Frank Darabont,Adventure,1994,142,High,R,4,2024-03-15
2257,Fight Club,20th Century Fox,David Fincher,Adventure,1999,139,High,R,3,2023-02-22
713,Inception,Warner Bros.,Christopher Nolan,Adventure,2010,148,High,PG-13,3,2019-07-26
1198,The Matrix,Warner Bros.,Lana Wachowski,Adventure,1999,136,High,R,4,2018-11-24
1476,The Shawshank Redemption,Castle Rock Entertainment,Frank Darabont,Fantasy,1994,142,High,R,5,2019-07-29
564,Toy Story,Pixar,John Lasseter,Crime,1995,81,Low,G,5,2017-11-03
2209,The Dark Knight,Warner Bros.,Christopher Nolan,Adventure,2008,152,High,PG-13,4,2020-01-21
2075,Mad Max: Fury Road,Warner Bros.,George Miller,Action,2015,120,Medium,R,1,2018-11-07
2213,The Truman Show,Paramount Pictures,Peter Weir,Action,1998,103,Medium,PG,5,2018-10-31
844,The Silence of the Lambs,Orion Pictures,Jonathan Demme,Action,1991,118,Medium,R,5,2016-07-25
1717,The Lion King,Walt Disney Pictures,Roger Allers,Sci-Fi,1994,88,Low,G,1,2024-03-26
2129,The Grand Budapest Hotel,Fox Searchlight,Wes Anderson,Animation,2014,99,Medium,R,5,2015-06-21
2255,The Shawshank Redemption,Castle Rock Entertainment,Frank Darabont,Drama,1994,142,High,R,3,2025-06-24
2908,Schindler's List,Universal Pictures,Steven Spielberg,Action,1993,195,High,R,2,2022-09-02
2998,The Prestige,Warner Bros.,Christopher Nolan,Fantasy,2006,130,High,PG-13,1,2018-08-26
1618,Parasite,CJ Entertainment,Bong Joon-ho,Adventure,2019,132,High,R,5,2025-07-04
1439,Inception,Warner Bros.,Christopher Nolan,Sci-Fi,2010,148,High,PG-13,2,2021-06-21
2638,Se7en,New Line Cinema,David Fincher,Crime,1995,127,High,R,2,2022-03-08
2067,Pulp Fiction,Miramax,Quentin Tarantino,Thriller,1994,154,High,R,1,2025-01-06
296,Saving Private Ryan,DreamWorks/Amblin,Steven Spielberg,Fantasy,1998,169,High,R,2,2025-04-09
1664,Interstellar,Paramount Pictures,Christopher Nolan,Comedy,2014,169,High,PG-13,2,2023-06-23
396,The Godfather,Paramount Pictures,Francis Ford Coppola,Thriller,1972,175,High,R,5,2022-02-27
128,Alien,20th Century Fox,Ridley Scott,Thriller,1979,117,Medium,R,1,2015-03-08
2788,The Godfather,Paramount Pictures,Francis Ford Coppola,Thriller,1972,175,High,R,2,2024-04-13
488,The Shawshank Redemption,Castle Rock Entertainment,Frank Darabont,Comedy,1994,142,High,R,4,2025-08-31
2859,Pulp Fiction,Miramax,Quentin Tarantino,Adventure,1994,154,High,R,4,2015-02-13
854,The Matrix,Warner Bros.,Lana Wachowski,Adventure,1999,136,High,R,4,2019-03-16
1960,The Godfather,Paramount Pictures,Francis Ford Coppola,Romance,1972,175,High,R,5,2025-04-24
2013,The Silence of the Lambs,Orion Pictures,Jonathan Demme,Romance,1991,118,Medium,R,1,2022-08-13
128,Inside Out,Pixar,Pete Docter,Fantasy,2015,95,Medium,PG,3,2018-12-10
2208,The Godfather,Paramount Pictures,Francis Ford Coppola,Fantasy,1972,175,High,R,4,2023-06-11
1438,The Departed,Warner Bros.,Martin Scorsese,Sci-Fi,2006,151,High,R,5,2021-12-15
159,Alien,20th Century Fox,Ridley Scott,Fantasy,1979,117,Medium,R,1,2019-04-06
2228,Up,Pixar,Pete Docter,Crime,2009,96,Medium,PG,4,2017-10-29
1556,The Shawshank Redemption,Castle Rock Entertainment,Frank Darabont,Thriller,1994,142,High,R,1,2020-02-06
141,Se7en,New Line Cinema,David Fincher,Thriller,1995,127,High,R,5,2020-04-06
2514,The Godfather,Paramount Pictures,Francis Ford Coppola,Animation,1972,175,High,R,4,2017-06-06
2766,Pulp Fiction,Miramax,Quentin Tarantino,Drama,1994,154,High,R,2,2021-08-27
2057,Whiplash,Blumhouse Productions,Damien Chazelle,Animation,2014,107,Medium,R,4,2015-10-11
2195,The Shawshank Redemption,Castle Rock Entertainment,Frank Darabont,Comedy,1994,142,High,R,5,2019-05-09
482,Schindler's List,Universal Pictures,Steven Spielberg,Drama,1993,195,High,R,3,2021-07-26
1851,Interstellar,Paramount Pictures,Christopher Nolan,Fantasy,2014,169,High,PG-13,2,2025-02-12
2463,The Godfather,Paramount Pictures,Francis Ford Coppola,Action,1972,175,High,R,1,2018-04-04
315,The Godfather,Paramount Pictures,Francis Ford Coppola,Crime,1972,175,High,R,2,2025-11-11
1587,The Shawshank Redemption,Castle Rock Entertainment,Frank Darabont,Fantasy,1994,142,High,R,2,2015-01-24
1239,Whiplash,Blumhouse Productions,Damien Chazelle,Action,2014,107,Medium,R,4,2015-06-29
2021,The Shawshank Redemption,Castle Rock Entertainment,Frank Darabont,Adventure,1994,142,High,R,5,2024-06-25
674,The Godfather,Paramount Pictures,Francis Ford Coppola,Fantasy,1972,175,High,R,1,2016-02-20
1795,The Shawshank Redemption,Castle Rock Entertainment,Frank Darabont,Romance,1994,142,High,R,5,2015-04-07
2152,Forrest Gump,Paramount Pictures,Robert Zemeckis,Sci-Fi,1994,142,High,PG-13,1,2022-12-11
1715,No Country for Old Men,Mirage Enterprises,Ethan Coen,Adventure,2007,122,High,R,5,2016-03-11
2876,Forrest Gump,Paramount Pictures,Robert Zemeckis,Comedy,1994,142,High,PG-13,4,2021-04-01
2723,Pulp Fiction,Miramax,Quentin Tarantino,Crime,1994,154,High,R,1,2017-12-12
997,The Dark Knight,Warner Bros.,Christopher Nolan,Sci-Fi,2008,152,High,PG-13,5,2025-04-23
664,Avengers: Endgame,Marvel Studios,Anthony Russo,Action,2019,181,High,PG-13,1,2015-04-09
2703,The Shawshank Redemption,Castle Rock Entertainment,Frank Darabont,Action,1994,142,High,R,2,2020-01-02
1958,The Avengers,Marvel Studios,Joss Whedon,Adventure,2012,143,High,PG-13,5,2017-12-13
475,The Shawshank Redemption,Castle Rock Entertainment,Frank Darabont,Action,1994,142,High,R,5,2019-08-20
1231,Fight Club,20th Century Fox,David Fincher,Thriller,1999,139,High,R,2,2016-08-26
246,The Shawshank Redemption,Castle Rock Entertainment,Frank Darabont,Sci-Fi,1994,142,High,R,1,2019-03-04
2728,Inception,Warner Bros.,Christopher Nolan,Drama,2010,148,High,PG-13,1,2020-11-18
562,The Godfather,Paramount Pictures,Francis Ford Coppola,Animation,1972,175,High,R,1,2018-05-27
875,The Godfather,Paramount Pictures,Francis Ford Coppola,Thriller,1972,175,High,R,4,2023-12-26
878,The Shawshank Redemption,Castle Rock Entertainment,Frank Darabont,Fantasy,1994,142,High,R,4,2020-05-14
2569,The Shawshank Redemption,Castle Rock Entertainment,Frank Darabont,Sci-Fi,1994,142,High,R,5,2022-02-07
521,Inception,Warner Bros.,Christopher Nolan,Crime,2010,148,High,PG-13,2,2022-06-25
2103,La La Land,Summit Entertainment,Damien Chazelle,Action,2016,128,High,PG-13,1,2020-05-10
1012,Heat,Warner Bros.,Michael Mann,Crime,1995,170,High,R,5,2016-11-05
924,The Silence of the Lambs,Orion Pictures,Jonathan Demme,Sci-Fi,1991,118,Medium,R,3,2025-07-07
1769,Back to the Future,Universal Pictures,Robert Zemeckis,Sci-Fi,1985,116,Medium,PG,1,2023-06-09
789,The Shawshank Redemption,Castle Rock Entertainment,Frank Darabont,Adventure,1994,142,High,R,4,2015-04-24
2484,The Empire Strikes Back,Lucasfilm,Irvin Kershner,Adventure,1980,124,High,PG,4,2020-01-17
2519,Parasite,CJ Entertainment,Bong Joon-ho,Thriller,2019,132,High,R,2,2020-05-17
2603,Alien,20th Century Fox,Ridley Scott,Animation,1979,117,Medium,R,4,2022-03-31
2037,The Shawshank Redemption,Castle Rock Entertainment,Frank Darabont,Romance,1994,142,High,R,5,2018-03-24
1710,The Departed,Warner Bros.,Martin Scorsese,Sci-Fi,2006,151,High,R,5,2015-05-07
2628,The Shawshank Redemption,Castle Rock Entertainment,Frank Darabont,Crime,1994,142,High,R,2,2023-09-01
1903,The Shawshank Redemption,Castle Rock Entertainment,Frank Darabont,Comedy,1994,142,High,R,4,2018-02-24
2193,Schindler's List,Universal Pictures,Steven Spielberg,Adventure,1993,195,High,R,3,2024-05-18
1998,The Lord of the Rings: The Return of the King,New Line Cinema,Peter Jackson,Comedy,2003,201,High,PG-13,4,2020-09-25
2795,The Dark Knight,Warner Bros.,Christopher Nolan,Romance,2008,152,High,PG-13,5,2025-05-10
1381,The Lord of the Rings: The Return of the King,New Line Cinema,Peter Jackson,Romance,2003,201,High,PG-13,2,2020-04-06
2118,The Shawshank Redemption,Castle Rock Entertainment,Frank Darabont,Fantasy,1994,142,High,R,3,2020-12-22
1099,The Lord of the Rings: The Return of the King,New Line Cinema,Peter Jackson,Crime,2003,201,High,PG-13,3,2022-01-20
934,"Crouching Tiger, Hidden Dragon",Sony Pictures Classics,Ang Lee,Comedy,2000,120,Medium,PG-13,5,2020-10-04
784,The Godfather,Paramount Pictures,Francis Ford Coppola,Adventure,1972,175,High,R,2,2021-05-07
1373,The Dark Knight,Warner Bros.,Christopher Nolan,Comedy,2008,152,High,PG-13,2,2024-04-05
2449,Inception,Warner Bros.,Christopher Nolan,Sci-Fi,2010,148,High,PG-13,3,2017-12-16
571,Pulp Fiction,Miramax,Quentin Tarantino,Thriller,1994,154,High,R,5,2024-12-26
2810,Saving Private Ryan,DreamWorks/Amblin,Steven Spielberg,Comedy,1998,169,High,R,2,2022-09-15
838,The Dark Knight,Warner Bros.,Christopher Nolan,Animation,2008,152,High,PG-13,5,2018-08-08
481,Saving Private Ryan,DreamWorks/Amblin,Steven Spielberg,Romance,1998,169,High,R,5,2016-12-11
2450,Titanic,Paramount Pictures,James Cameron,Comedy,1997,195,High,PG-13,2,2017-04-22
2653,The Prestige,Warner Bros.,Christopher Nolan,Adventure,2006,130,High,PG-13,2,2024-12-13
1984,American Beauty,DreamWorks,Sam Mendes,Adventure,1999,122,High,R,2,2019-05-24
1399,Gladiator,DreamWorks Pictures,Ridley Scott,Romance,2000,155,High,R,4,2021-01-10
510,The Shawshank Redemption,Castle Rock Entertainment,Frank Darabont,Romance,1994,142,High,R,1,2017-10-31
273,Up,Pixar,Pete Docter,Animation,2009,96,Medium,PG,4,2015-01-14
2256,The Shawshank Redemption,Castle Rock Entertainment,Frank Darabont,Comedy,1994,142,High,R,4,2020-02-06
1723,The Matrix,Warner Bros.,Lana Wachowski,Comedy,1999,136,High,R,5,2021-05-13
2006,The Shawshank Redemption,Castle Rock Entertainment,Frank Darabont,Drama,1994,142,High,R,4,2022-01-16
1283,The Matrix,Warner Bros.,Lana Wachowski,Fantasy,1999,136,High,R,4,2019-05-04
224,The Shawshank Redemption,Castle Rock Entertainment,Frank Darabont,Action,1994,142,High,R,1,2019-01-20
2247,The Shawshank Redemption,Castle Rock Entertainment,Frank Darabont,Crime,1994,142,High,R,3,2016-03-16
2813,Inception,Warner Bros.,Christopher Nolan,Action,2010,148,High,PG-13,1,2025-05-19
41,Pulp Fiction,Miramax,Quentin Tarantino,Drama,1994,154,High,R,5,2015-09-03
1761,The Shawshank Redemption,Castle Rock Entertainment,Frank Darabont,Romance,1994,142,High,R,3,2018-03-10
2338,The Godfather,Paramount Pictures,Francis Ford Coppola,Thriller,1972,175,High,R,5,2021-10-08
969,Se7en,New Line Cinema,David Fincher,Animation,1995,127,High,R,3,2024-06-05
901,The Shawshank Redemption,Castle Rock Entertainment,Frank Darabont,Animation,1994,142,High,R,5,2018-07-21
2525,The Shawshank Redemption,Castle Rock Entertainment,Frank Darabont,Sci-Fi,1994,142,High,R,2,2021-01-27
2516,The Shawshank Redemption,Castle Rock Entertainment,Frank Darabont,Action,1994,142,High,R,1,2021-05-28
392,Spirited Away,Studio Ghibli,Hayao Miyazaki,Comedy,2001,125,High,PG,4,2016-05-25
1883,The Godfather,Paramount Pictures,Francis Ford Coppola,Sci-Fi,1972,175,High,R,2,2017-09-18
440,The Lord of the Rings: The Return of the King,New Line Cinema,Peter Jackson,Action,2003,201,High,PG-13,2,2018-02-18
2457,The Shawshank Redemption,Castle Rock Entertainment,Frank Darabont,Comedy,1994,142,High,R,4,2021-07-02
412,The Social Network,Columbia Pictures,David Fincher,Fantasy,2010,120,Medium,PG-13,2,2017-08-09
616,The Social Network,Columbia Pictures,David Fincher,Sci-Fi,2010,120,Medium,PG-13,4,2019-12-18
1558,Goodfellas,Warner Bros.,Martin Scorsese,Sci-Fi,1990,146,High,R,5,2023-06-02
2758,The Shawshank Redemption,Castle Rock Entertainment,Frank Darabont,Comedy,1994,142,High,R,2,2024-11-20
85,Forrest Gump,Paramount Pictures,Robert Zemeckis,Animation,1994,142,High,PG-13,3,2018-08-12
1812,Forrest Gump,Paramount Pictures,Robert Zemeckis,Romance,1994,142,High,PG-13,4,2024-05-26
317,The Lord of the Rings: The Return of the King,New Line Cinema,Peter Jackson,Adventure,2003,201,High,PG-13,2,2022-11-21
1655,The Matrix,Warner Bros.,Lana Wachowski,Sci-Fi,1999,136,High,R,2,2023-11-02
1123,The Shawshank Redemption,Castle Rock Entertainment,Frank Darabont,Adventure,1994,142,High,R,3,2019-07-18
2460,The Godfather,Paramount Pictures,Francis Ford Coppola,Comedy,1972,175,High,R,2,2019-04-04
2644,The Grand Budapest Hotel,Fox Searchlight,Wes Anderson,Drama,2014,99,Medium,R,5,2017-09-26
2342,Interstellar,Paramount Pictures,Christopher Nolan,Fantasy,2014,169,High,PG-13,1,2019-05-12
1788,The Dark Knight,Warner Bros.,Christopher Nolan,Sci-Fi,2008,152,High,PG-13,1,2020-07-03
1045,Titanic,Paramount Pictures,James Cameron,Sci-Fi,1997,195,High,PG-13,1,2019-11-27
1065,The Dark Knight,Warner Bros.,Christopher Nolan,Comedy,2008,152,High,PG-13,3,2025-03-22
2399,Forrest Gump,Paramount Pictures,Robert Zemeckis,Action,1994,142,High,PG-13,2,2024-07-28
802,The Silence of the Lambs,Orion Pictures,Jonathan Demme,Romance,1991,118,Medium,R,5,2024-02-01
937,The Social Network,Columbia Pictures,David Fincher,Sci-Fi,2010,120,Medium,PG-13,3,2015-07-16
2849,The Shawshank Redemption,Castle Rock Entertainment,Frank Darabont,Action,1994,142,High,R,1,2021-11-25
1046,Fight Club,20th Century Fox,David Fincher,Comedy,1999,139,High,R,1,2020-11-21
1786,Pulp Fiction,Miramax,Quentin Tarantino,Comedy,1994,154,High,R,2,2024-08-17
1277,The Godfather,Paramount Pictures,Francis Ford Coppola,Action,1972,175,High,R,2,2019-08-05
378,The Shawshank Redemption,Castle Rock Entertainment,Frank Darabont,Crime,1994,142,High,R,2,2024-10-10
2245,The Lord of the Rings: The Return of the King,New Line Cinema,Peter Jackson,Romance,2003,201,High,PG-13,2,2018-03-26
71,Forrest Gump,Paramount Pictures,Robert Zemeckis,Sci-Fi,1994,142,High,PG-13,2,2017-08-25
316,American Beauty,DreamWorks,Sam Mendes,Thriller,1999,122,High,R,5,2022-12-28
733,The Shawshank Redemption,Castle Rock Entertainment,Frank Darabont,Crime,1994,142,High,R,3,2024-03-01
1512,Inception,Warner Bros.,Christopher Nolan,Fantasy,2010,148,High,PG-13,5,2023-07-14
766,Titanic,Paramount Pictures,James Cameron,Action,1997,195,High,PG-13,5,2025-06-15
704,The Godfather,Paramount Pictures,Francis Ford Coppola,Drama,1972,175,High,R,3,2024-08-04
2067,The Departed,Warner Bros.,Martin Scorsese,Animation,2006,151,High,R,1,2020-08-13
199,No Country for Old Men,Mirage Enterprises,Ethan Coen,Sci-Fi,2007,122,High,R,2,2016-11-15
2495,Forrest Gump,Paramount Pictures,Robert Zemeckis,Action,1994,142,High,PG-13,2,2024-08-30
1007,Back to the Future,Universal Pictures,Robert Zemeckis,Romance,1985,116,Medium,PG,3,2020-03-09
2622,Pulp Fiction,Miramax,Quentin Tarantino,Crime,1994,154,High,R,2,2016-10-25
557,The Lord of the Rings: The Return of the King,New Line Cinema,Peter Jackson,Drama,2003,201,High,PG-13,1,2019-03-26
2007,The Shawshank Redemption,Castle Rock Entertainment,Frank Darabont,Fantasy,1994,142,High,R,5,2023-12-17
2975,The Empire Strikes Back,Lucasfilm,Irvin Kershner,Sci-Fi,1980,124,High,PG,5,2021-01-26
2652,The Dark Knight,Warner Bros.,Christopher Nolan,Animation,2008,152,High,PG-13,4,2025-10-15
2943,The King's Speech,The Weinstein Company,Tom Hooper,Adventure,2010,118,Medium,R,5,2021-06-23
1670,Parasite,CJ Entertainment,Bong Joon-ho,Sci-Fi,2019,132,High,R,3,2020-11-14
150,The Shawshank Redemption,Castle Rock Entertainment,Frank Darabont,Fantasy,1994,142,High,R,2,2024-01-10
1223,The Shawshank Redemption,Castle Rock Entertainment,Frank Darabont,Romance,1994,142,High,R,3,2024-06-10
1227,The Shawshank Redemption,Castle Rock Entertainment,Frank Darabont,Sci-Fi,1994,142,High,R,4,2019-03-20
66,The Dark Knight,Warner Bros.,Christopher Nolan,Adventure,2008,152,High,PG-13,4,2017-03-24
2419,The Shawshank Redemption,Castle Rock Entertainment,Frank Darabont,Action,1994,142,High,R,4,2024-09-13
1002,The Prestige,Warner Bros.,Christopher Nolan,Action,2006,130,High,PG-13,3,2019-06-12
1994,The Shawshank Redemption,Castle Rock Entertainment,Frank Darabont,Thriller,1994,142,High,R,4,2017-11-01
839,The Dark Knight,Warner Bros.,Christopher Nolan,Fantasy,2008,152,High,PG-13,3,2024-11-23
597,Forrest Gump,Paramount Pictures,Robert Zemeckis,Sci-Fi,1994,142,High,PG-13,1,2017-10-02
218,No Country for Old Men,Mirage Enterprises,Ethan Coen,Crime,2007,122,High,R,3,2019-03-13
2451,The Dark Knight,Warner Bros.,Christopher Nolan,Sci-Fi,2008,152,High,PG-13,4,2015-11-16
166,The Godfather,Paramount Pictures,Francis Ford Coppola,Animation,1972,175,High,R,5,2020-05-08
1358,"Crouching Tiger, Hidden Dragon",Sony Pictures Classics,Ang Lee,Fantasy,2000,120,Medium,PG-13,1,2018-12-14
415,The Shawshank Redemption,Castle Rock Entertainment,Frank Darabont,Animation,1994,142,High,R,2,2015-02-15
102,The Shawshank Redemption,Castle Rock Entertainment,Frank Darabont,Animation,1994,142,High,R,3,2015-09-03
1837,Inception,Warner Bros.,Christopher Nolan,Animation,2010,148,High,PG-13,3,2015-04-09
2547,The Dark Knight,Warner Bros.,Christopher Nolan,Romance,2008,152,High,PG-13,4,2018-11-22
2118,The Godfather,Paramount Pictures,Francis Ford Coppola,Adventure,1972,175,High,R,1,2023-12-26
2106,The Matrix,Warner Bros.,Lana Wachowski,Fantasy,1999,136,High,R,4,2019-11-11
276,The Shawshank Redemption,Castle Rock Entertainment,Frank Darabont,Animation,1994,142,High,R,5,2020-09-03
2706,The Avengers,Marvel Studios,Joss Whedon,Action,2012,143,High,PG-13,4,2018-09-14
805,Gladiator,DreamWorks Pictures,Ridley Scott,Comedy,2000,155,High,R,2,2016-08-05
903,The Shawshank Redemption,Castle Rock Entertainment,Frank Darabont,Sci-Fi,1994,142,High,R,3,2019-06-04
545,The Shawshank Redemption,Castle Rock Entertainment,Frank Darabont,Comedy,1994,142,High,R,1,2025-09-10
622,The Shawshank Redemption,Castle Rock Entertainment,Frank Darabont,Romance,1994,142,High,R,2,2019-09-07
863,Pulp Fiction,Miramax,Quentin Tarantino,Romance,1994,154,High,R,3,2025-04-10
154,The Shawshank Redemption,Castle Rock Entertainment,Frank Darabont,Crime,1994,142,High,R,2,2024-08-18
1919,The Godfather,Paramount Pictures,Francis Ford Coppola,Fantasy,1972,175,High,R,1,2017-06-16
328,Joker,Warner Bros.,Todd Phillips,Action,2019,122,High,R,4,2016-04-12
1525,The Empire Strikes Back,Lucasfilm,Irvin Kershner,Adventure,1980,124,High,PG,5,2023-03-01
2245,The Social Network,Columbia Pictures,David Fincher,Comedy,2010,120,Medium,PG-13,5,2021-04-06
638,Moonlight,A24,Barry Jenkins,Adventure,2016,111,Medium,R,3,2020-11-27
1143,Schindler's List,Universal Pictures,Steven Spielberg,Romance,1993,195,High,R,5,2022-08-27
92,Saving Private Ryan,DreamWorks/Amblin,Steven Spielberg,Thriller,1998,169,High,R,2,2024-02-20
2085,Pulp Fiction,Miramax,Quentin Tarantino,Comedy,1994,154,High,R,3,2025-07-16
2424,The Godfather,Paramount Pictures,Francis Ford Coppola,Sci-Fi,1972,175,High,R,1,2025-09-04
607,The Godfather,Paramount Pictures,Francis Ford Coppola,Comedy,1972,175,High,R,1,2024-03-29
628,Fight Club,20th Century Fox,David Fincher,Thriller,1999,139,High,R,2,2020-03-16
1691,Blade Runner 2049,Warner Bros.,Denis Villeneuve,Animation,2017,164,High,R,5,2019-01-26
1226,Goodfellas,Warner Bros.,Martin Scorsese,Sci-Fi,1990,146,High,R,5,2018-09-18
2716,The Shawshank Redemption,Castle Rock Entertainment,Frank Darabont,Action,1994,142,High,R,5,2020-05-24
1663,The Shawshank Redemption,Castle Rock Entertainment,Frank Darabont,Adventure,1994,142,High,R,1,2019-11-20
126,American Beauty,DreamWorks,Sam Mendes,Action,1999,122,High,R,4,2020-04-22
966,The Dark Knight,Warner Bros.,Christopher Nolan,Adventure,2008,152,High,PG-13,1,2018-06-15
877,Forrest Gump,Paramount Pictures,Robert Zemeckis,Fantasy,1994,142,High,PG-13,4,2021-08-07
2501,The Dark Knight,Warner Bros.,Christopher Nolan,Thriller,2008,152,High,PG-13,3,2017-09-23
1340,Saving Private Ryan,DreamWorks/Amblin,Steven Spielberg,Adventure,1998,169,High,R,2,2021-09-15
338,The Matrix,Warner Bros.,Lana Wachowski,Crime,1999,136,High,R,1,2015-12-03
1756,Saving Private Ryan,DreamWorks/Amblin,Steven Spielberg,Drama,1998,169,High,R,2,2021-01-22
9,Forrest Gump,Paramount Pictures,Robert Zemeckis,Crime,1994,142,High,PG-13,2,2015-07-30
1503,Forrest Gump,Paramount Pictures,Robert Zemeckis,Drama,1994,142,High,PG-13,2,2018-04-08
166,The Empire Strikes Back,Lucasfilm,Irvin Kershner,Adventure,1980,124,High,PG,5,2015-12-25
160,The Shawshank Redemption,Castle Rock Entertainment,Frank Darabont,Comedy,1994,142,High,R,3,2016-02-14
1,The Avengers,Marvel Studios,Joss Whedon,Crime,2012,143,High,PG-13,1,2021-11-21
1601,The Lion King,Walt Disney Pictures,Roger Allers,Thriller,1994,88,Low,G,2,2025-01-22
2431,The Lion King,Walt Disney Pictures,Roger Allers,Fantasy,1994,88,Low,G,1,2017-12-30
2510,The Godfather,Paramount Pictures,Francis Ford Coppola,Animation,1972,175,High,R,1,2024-04-30
1065,The Godfather,Paramount Pictures,Francis Ford Coppola,Crime,1972,175,High,R,4,2021-10-18
2485,The Shawshank Redemption,Castle Rock Entertainment,Frank Darabont,Animation,1994,142,High,R,1,2020-07-26
1388,The Godfather,Paramount Pictures,Francis Ford Coppola,Comedy,1972,175,High,R,1,2019-05-31
2085,Schindler's List,Universal Pictures,Steven Spielberg,Fantasy,1993,195,High,R,4,2019-01-09
964,The Godfather,Paramount Pictures,Francis Ford Coppola,Sci-Fi,1972,175,High,R,4,2024-01-19
986,The Prestige,Warner Bros.,Christopher Nolan,Comedy,2006,130,High,PG-13,3,2017-05-12
241,Forrest Gump,Paramount Pictures,Robert Zemeckis,Action,1994,142,High,PG-13,1,2015-11-22
1839,The Matrix,Warner Bros.,Lana Wachowski,Crime,1999,136,High,R,2,2016-03-17
1363,The Shawshank Redemption,Castle Rock Entertainment,Frank Darabont,Crime,1994,142,High,R,3,2023-08-22
1973,Interstellar,Paramount Pictures,Christopher Nolan,Romance,2014,169,High,PG-13,2,2023-01-22
2408,Pulp Fiction,Miramax,Quentin Tarantino,Crime,1994,154,High,R,5,2023-03-07
139,The Godfather,Paramount Pictures,Francis Ford Coppola,Thriller,1972,175,High,R,4,2022-05-11
271,The Dark Knight,Warner Bros.,Christopher Nolan,Sci-Fi,2008,152,High,PG-13,2,2018-11-14
2039,The Shawshank Redemption,Castle Rock Entertainment,Frank Darabont,Comedy,1994,142,High,R,4,2017-02-03
545,Forrest Gump,Paramount Pictures,Robert Zemeckis,Sci-Fi,1994,142,High,PG-13,3,2020-01-16
2321,American Beauty,DreamWorks,Sam Mendes,Sci-Fi,1999,122,High,R,3,2025-09-29
673,Mad Max: Fury Road,Warner Bros.,George Miller,Action,2015,120,Medium,R,1,2024-09-30
1371,Blade Runner,Warner Bros.,Ridley Scott,Sci-Fi,1982,117,Medium,R,1,2020-06-17
2474,The Shawshank Redemption,Castle Rock Entertainment,Frank Darabont,Action,1994,142,High,R,2,2020-10-01
740,Forrest Gump,Paramount Pictures,Robert Zemeckis,Comedy,1994,142,High,PG-13,2,2023-01-31
1405,Pulp Fiction,Miramax,Quentin Tarantino,Drama,1994,154,High,R,3,2022-12-23
429,Saving Private Ryan,DreamWorks/Amblin,Steven Spielberg,Adventure,1998,169,High,R,3,2015-01-12
606,Forrest Gump,Paramount Pictures,Robert Zemeckis,Animation,1994,142,High,PG-13,2,2017-05-14
1601,The Dark Knight,Warner Bros.,Christopher Nolan,Animation,2008,152,High,PG-13,3,2020-12-14
2508,Moonlight,A24,Barry Jenkins,Romance,2016,111,Medium,R,5,2025-05-23
2946,The Shawshank Redemption,Castle Rock Entertainment,Frank Darabont,Drama,1994,142,High,R,4,2025-10-24
1870,The Matrix,Warner Bros.,Lana Wachowski,Comedy,1999,136,High,R,5,2023-06-23
2414,The Shawshank Redemption,Castle Rock Entertainment,Frank Darabont,Adventure,1994,142,High,R,1,2019-07-27
1710,The Silence of the Lambs,Orion Pictures,Jonathan Demme,Crime,1991,118,Medium,R,4,2024-04-20
1291,Blade Runner 2049,Warner Bros.,Denis Villeneuve,Romance,2017,164,High,R,5,2017-08-03
1230,Back to the Future,Universal Pictures,Robert Zemeckis,Thriller,1985,116,Medium,PG,4,2017-12-20
2374,No Country for Old Men,Mirage Enterprises,Ethan Coen,Drama,2007,122,High,R,2,2022-06-30
939,The Godfather,Paramount Pictures,Francis Ford Coppola,Comedy,1972,175,High,R,1,2020-12-13
10,The Shawshank Redemption,Castle Rock Entertainment,Frank Darabont,Fantasy,1994,142,High,R,2,2019-06-15
2239,Pulp Fiction,Miramax,Quentin Tarantino,Crime,1994,154,High,R,3,2021-01-01
2622,The Pianist,Focus Features,Roman Polanski,Drama,2002,150,High,R,5,2024-09-27
2377,The Prestige,Warner Bros.,Christopher Nolan,Romance,2006,130,High,PG-13,1,2020-07-27
475,The Shawshank Redemption,Castle Rock Entertainment,Frank Darabont,Animation,1994,142,High,R,3,2023-09-29
1346,La La Land,Summit Entertainment,Damien Chazelle,Sci-Fi,2016,128,High,PG-13,5,2023-02-20
1760,The Shawshank Redemption,Castle Rock Entertainment,Frank Darabont,Thriller,1994,142,High,R,1,2022-09-07
408,The Shawshank Redemption,Castle Rock Entertainment,Frank Darabont,Thriller,1994,142,High,R,4,2015-03-26
1198,The Shawshank Redemption,Castle Rock Entertainment,Frank Darabont,Comedy,1994,142,High,R,2,2022-05-16
1747,The Empire Strikes Back,Lucasfilm,Irvin Kershner,Sci-Fi,1980,124,High,PG,2,2025-02-27
1183,The Shawshank Redemption,Castle Rock Entertainment,Frank Darabont,Action,1994,142,High,R,3,2016-02-04
281,The Godfather,Paramount Pictures,Francis Ford Coppola,Animation,1972,175,High,R,5,2022-03-02
14,The Shawshank Redemption,Castle Rock Entertainment,Frank Darabont,Action,1994,142,High,R,1,2024-07-26
734,Blade Runner,Warner Bros.,Ridley Scott,Crime,1982,117,Medium,R,3,2025-10-28
2050,The Shawshank Redemption,Castle Rock Entertainment,Frank Darabont,Fantasy,1994,142,High,R,3,2016-05-12
501,The Departed,Warner Bros.,Martin Scorsese,Animation,2006,151,High,R,4,2020-09-23
342,Forrest Gump,Paramount Pictures,Robert Zemeckis,Romance,1994,142,High,PG-13,3,2023-10-23
1589,The Dark Knight,Warner Bros.,Christopher Nolan,Crime,2008,152,High,PG-13,3,2016-12-23
75,Saving Private Ryan,DreamWorks/Amblin,Steven Spielberg,Animation,1998,169,High,R,3,2023-02-18
665,Avengers: Endgame,Marvel Studios,Anthony Russo,Romance,2019,181,High,PG-13,1,2015-09-17
2825,The Shawshank Redemption,Castle Rock Entertainment,Frank Darabont,Action,1994,142,High,R,5,2024-02-22
1394,Inception,Warner Bros.,Christopher Nolan,Fantasy,2010,148,High,PG-13,3,2015-05-03
2099,La La Land,Summit Entertainment,Damien Chazelle,Sci-Fi,2016,128,High,PG-13,1,2024-01-20
779,Whiplash,Blumhouse Productions,Damien Chazelle,Sci-Fi,2014,107,Medium,R,2,2016-11-17
2857,The Lord of the Rings: The Return of the King,New Line Cinema,Peter Jackson,Fantasy,2003,201,High,PG-13,5,2023-05-21
1876,The Shawshank Redemption,Castle Rock Entertainment,Frank Darabont,Thriller,1994,142,High,R,4,2021-04-02
172,The Dark Knight,Warner Bros.,Christopher Nolan,Adventure,2008,152,High,PG-13,2,2025-02-03
1456,The Shawshank Redemption,Castle Rock Entertainment,Frank Darabont,Thriller,1994,142,High,R,1,2021-05-27
31,The Shawshank Redemption,Castle Rock Entertainment,Frank Darabont,Adventure,1994,142,High,R,3,2019-08-30
394,WALL·E,Pixar,Andrew Stanton,Fantasy,2008,98,Medium,G,1,2016-07-03
557,The Matrix,Warner Bros.,Lana Wachowski,Animation,1999,136,High,R,1,2021-08-25
1396,Forrest Gump,Paramount Pictures,Robert Zemeckis,Animation,1994,142,High,PG-13,5,2023-02-21
1279,The Shawshank Redemption,Castle Rock Entertainment,Frank Darabont,Drama,1994,142,High,R,3,2017-10-04
437,Inception,Warner Bros.,Christopher Nolan,Sci-Fi,2010,148,High,PG-13,3,2015-06-09
1058,The Shawshank Redemption,Castle Rock Entertainment,Frank Darabont,Comedy,1994,142,High,R,2,2022-10-21
1688,American Beauty,DreamWorks,Sam Mendes,Action,1999,122,High,R,3,2018-10-24
2041,Spirited Away,Studio Ghibli,Hayao Miyazaki,Animation,2001,125,High,PG,3,2015-11-04
108,The Godfather,Paramount Pictures,Francis Ford Coppola,Comedy,1972,175,High,R,4,2015-04-04
382,Spirited Away,Studio Ghibli,Hayao Miyazaki,Adventure,2001,125,High,PG,2,2022-12-25
411,The Green Mile,Castle Rock Entertainment,Frank Darabont,Animation,1999,189,High,R,5,2021-09-21
1368,The Dark Knight,Warner Bros.,Christopher Nolan,Crime,2008,152,High,PG-13,3,2023-08-12
870,The Godfather,Paramount Pictures,Francis Ford Coppola,Crime,1972,175,High,R,2,2021-06-18
1133,The Matrix,Warner Bros.,Lana Wachowski,Crime,1999,136,High,R,2,2015-07-21
327,The Godfather,Paramount Pictures,Francis Ford Coppola,Animation,1972,175,High,R,5,2025-03-28
2829,American Beauty,DreamWorks,Sam Mendes,Animation,1999,122,High,R,5,2024-10-04
1654,Fight Club,20th Century Fox,David Fincher,Animation,1999,139,High,R,3,2016-02-16
1722,Se7en,New Line Cinema,David Fincher,Drama,1995,127,High,R,3,2025-04-21
214,The Shawshank Redemption,Castle Rock Entertainment,Frank Darabont,Adventure,1994,142,High,R,3,2023-04-24
438,The Shawshank Redemption,Castle Rock Entertainment,Frank Darabont,Crime,1994,142,High,R,5,2015-01-17
1480,No Country for Old Men,Mirage Enterprises,Ethan Coen,Drama,2007,122,High,R,4,2024-01-29
2421,Pulp Fiction,Miramax,Quentin Tarantino,Crime,1994,154,High,R,3,2016-10-12
690,The Pianist,Focus Features,Roman Polanski,Thriller,2002,150,High,R,1,2018-09-30
69,The Shawshank Redemption,Castle Rock Entertainment,Frank Darabont,Romance,1994,142,High,R,1,2022-01-27
2796,Forrest Gump,Paramount Pictures,Robert Zemeckis,Action,1994,142,High,PG-13,2,2023-04-11
2143,Inception,Warner Bros.,Christopher Nolan,Sci-Fi,2010,148,High,PG-13,1,2022-08-23
2243,The Green Mile,Castle Rock Entertainment,Frank Darabont,Romance,1999,189,High,R,2,2020-07-10
2732,The Godfather,Paramount Pictures,Francis Ford Coppola,Sci-Fi,1972,175,High,R,2,2021-11-16
558,The Dark Knight,Warner Bros.,Christopher Nolan,Animation,2008,152,High,PG-13,3,2018-11-11
2369,The Dark Knight,Warner Bros.,Christopher Nolan,Romance,2008,152,High,PG-13,4,2025-03-19
511,The Godfather,Paramount Pictures,Francis Ford Coppola,Thriller,1972,175,High,R,5,2024-08-07
6,Gladiator,DreamWorks Pictures,Ridley Scott,Comedy,2000,155,High,R,5,2020-07-31
1037,Spirited Away,Studio Ghibli,Hayao Miyazaki,Sci-Fi,2001,125,High,PG,5,2017-02-22
2625,Interstellar,Paramount Pictures,Christopher Nolan,Romance,2014,169,High,PG-13,2,2024-02-18
165,The Matrix,Warner Bros.,Lana Wachowski,Thriller,1999,136,High,R,2,2022-12-22
296,The Godfather,Paramount Pictures,Francis Ford Coppola,Thriller,1972,175,High,R,1,2023-03-15
462,The Empire Strikes Back,Lucasfilm,Irvin Kershner,Action,1980,124,High,PG,2,2018-02-06
2852,The Matrix,Warner Bros.,Lana Wachowski,Thriller,1999,136,High,R,1,2024-04-22
1832,The Shawshank Redemption,Castle Rock Entertainment,Frank Darabont,Crime,1994,142,High,R,3,2017-04-25
1684,The Shawshank Redemption,Castle Rock Entertainment,Frank Darabont,Crime,1994,142,High,R,3,2018-08-24
2717,The Dark Knight,Warner Bros.,Christopher Nolan,Animation,2008,152,High,PG-13,3,2019-12-22
1447,The Shawshank Redemption,Castle Rock Entertainment,Frank Darabont,Action,1994,142,High,R,2,2019-05-14
1122,The Shawshank Redemption,Castle Rock Entertainment,Frank Darabont,Thriller,1994,142,High,R,4,2020-06-25
1899,Pulp Fiction,Miramax,Quentin Tarantino,Comedy,1994,154,High,R,1,2019-11-10
1185,The Shawshank Redemption,Castle Rock Entertainment,Frank Darabont,Drama,1994,142,High,R,4,2020-11-17
1161,The Shawshank Redemption,Castle Rock Entertainment,Frank Darabont,Crime,1994,142,High,R,3,2016-07-30
2170,The Godfather,Paramount Pictures,Francis Ford Coppola,Sci-Fi,1972,175,High,R,1,2020-04-22
2639,The Shawshank Redemption,Castle Rock Entertainment,Frank Darabont,Fantasy,1994,142,High,R,3,2018-05-26
1954,The Godfather,Paramount Pictures,Francis Ford Coppola,Thriller,1972,175,High,R,3,2024-05-31
904,Up,Pixar,Pete Docter,Comedy,2009,96,Medium,PG,2,2020-05-21
961,Pulp Fiction,Miramax,Quentin Tarantino,Action,1994,154,High,R,1,2023-10-05
2260,The Silence of the Lambs,Orion Pictures,Jonathan Demme,Sci-Fi,1991,118,Medium,R,2,2025-08-21
2955,Inception,Warner Bros.,Christopher Nolan,Action,2010,148,High,PG-13,1,2018-01-01
2697,The Dark Knight,Warner Bros.,Christopher Nolan,Comedy,2008,152,High,PG-13,1,2018-01-18
258,Inception,Warner Bros.,Christopher Nolan,Comedy,2010,148,High,PG-13,4,2015-03-25
1159,Fight Club,20th Century Fox,David Fincher,Crime,1999,139,High,R,2,2025-01-29
2514,The Godfather,Paramount Pictures,Francis Ford Coppola,Thriller,1972,175,High,R,5,2024-08-06
2036,The Matrix,Warner Bros.,Lana Wachowski,Animation,1999,136,High,R,2,2022-01-14
81,Spirited Away,Studio Ghibli,Hayao Miyazaki,Drama,2001,125,High,PG,2,2025-10-01
1398,The Godfather,Paramount Pictures,Francis Ford Coppola,Animation,1972,175,High,R,4,2021-05-15
1255,The Shawshank Redemption,Castle Rock Entertainment,Frank Darabont,Thriller,1994,142,High,R,2,2016-03-20
1114,Titanic,Paramount Pictures,James Cameron,Sci-Fi,1997,195,High,PG-13,3,2022-10-21
2311,The Matrix,Warner Bros.,Lana Wachowski,Sci-Fi,1999,136,High,R,5,2021-05-04
804,The Dark Knight,Warner Bros.,Christopher Nolan,Sci-Fi,2008,152,High,PG-13,4,2022-01-02
1377,Moonlight,A24,Barry Jenkins,Adventure,2016,111,Medium,R,1,2024-08-14
2020,The Dark Knight,Warner Bros.,Christopher Nolan,Thriller,2008,152,High,PG-13,5,2018-09-27
313,The Godfather,Paramount Pictures,Francis Ford Coppola,Animation,1972,175,High,R,1,2022-09-26
180,The Shawshank Redemption,Castle Rock Entertainment,Frank Darabont,Action,1994,142,High,R,2,2019-08-10
298,The Shawshank Redemption,Castle Rock Entertainment,Frank Darabont,Sci-Fi,1994,142,High,R,5,2023-04-14
556,The Shawshank Redemption,Castle Rock Entertainment,Frank Darabont,Animation,1994,142,High,R,4,2023-01-21
397,The Shawshank Redemption,Castle Rock Entertainment,Frank Darabont,Thriller,1994,142,High,R,2,2019-02-28
493,The Shawshank Redemption,Castle Rock Entertainment,Frank Darabont,Drama,1994,142,High,R,5,2019-08-03
857,Django Unchained,Columbia Pictures,Quentin Tarantino,Romance,2012,165,High,R,4,2025-01-06
384,The Shawshank Redemption,Castle Rock Entertainment,Frank Darabont,Thriller,1994,142,High,R,5,2016-05-01
2577,Saving Private Ryan,DreamWorks/Amblin,Steven Spielberg,Romance,1998,169,High,R,5,2023-05-16
2823,The Pianist,Focus Features,Roman Polanski,Thriller,2002,150,High,R,1,2020-05-03
2006,The Godfather,Paramount Pictures,Francis Ford Coppola,Action,1972,175,High,R,1,2025-05-21
1355,The Lion King,Walt Disney Pictures,Roger Allers,Thriller,1994,88,Low,G,4,2024-12-14
2358,The Shawshank Redemption,Castle Rock Entertainment,Frank Darabont,Animation,1994,142,High,R,5,2017-07-28
1462,The Godfather,Paramount Pictures,Francis Ford Coppola,Sci-Fi,1972,175,High,R,3,2025-06-25
400,Se7en,New Line Cinema,David Fincher,Animation,1995,127,High,R,2,2015-04-21
1128,Spirited Away,Studio Ghibli,Hayao Miyazaki,Romance,2001,125,High,PG,1,2022-06-26
186,The Shawshank Redemption,Castle Rock Entertainment,Frank Darabont,Action,1994,142,High,R,2,2023-04-09
544,Titanic,Paramount Pictures,James Cameron,Thriller,1997,195,High,PG-13,2,2017-03-20
2534,The Godfather,Paramount Pictures,Francis Ford Coppola,Drama,1972,175,High,R,4,2017-07-13
2569,The Shawshank Redemption,Castle Rock Entertainment,Frank Darabont,Crime,1994,142,High,R,2,2019-02-10
2818,Se7en,New Line Cinema,David Fincher,Comedy,1995,127,High,R,4,2016-09-22
32,The Shawshank Redemption,Castle Rock Entertainment,Frank Darabont,Action,1994,142,High,R,4,2019-03-29
2804,The Shawshank Redemption,Castle Rock Entertainment,Frank Darabont,Drama,1994,142,High,R,5,2016-12-18
646,Parasite,CJ Entertainment,Bong Joon-ho,Sci-Fi,2019,132,High,R,1,2015-12-14
1781,The Shawshank Redemption,Castle Rock Entertainment,Frank Darabont,Action,1994,142,High,R,4,2016-03-20
2131,The Godfather,Paramount Pictures,Francis Ford Coppola,Action,1972,175,High,R,3,2023-01-02
2399,Gladiator,DreamWorks Pictures,Ridley Scott,Animation,2000,155,High,R,5,2025-01-30
2435,The Usual Suspects,Gramercy Pictures,Bryan Singer,Fantasy,1995,106,Medium,R,2,2024-04-17
1840,Inception,Warner Bros.,Christopher Nolan,Romance,2010,148,High,PG-13,2,2025-09-11
1294,Pulp Fiction,Miramax,Quentin Tarantino,Romance,1994,154,High,R,4,2018-02-17
1663,The Godfather,Paramount Pictures,Francis Ford Coppola,Thriller,1972,175,High,R,1,2017-03-14
373,The Godfather,Paramount Pictures,Francis Ford Coppola,Animation,1972,175,High,R,4,2025-05-26
221,The Green Mile,Castle Rock Entertainment,Frank Darabont,Crime,1999,189,High,R,2,2025-02-06
1964,The Godfather,Paramount Pictures,Francis Ford Coppola,Animation,1972,175,High,R,1,2021-04-13
2122,The Dark Knight,Warner Bros.,Christopher Nolan,Romance,2008,152,High,PG-13,2,2015-08-05
208,The Shawshank Redemption,Castle Rock Entertainment,Frank Darabont,Thriller,1994,142,High,R,2,2017-09-12
304,Inception,Warner Bros.,Christopher Nolan,Romance,2010,148,High,PG-13,5,2024-12-01
2151,The Godfather,Paramount Pictures,Francis Ford Coppola,Animation,1972,175,High,R,1,2018-10-21
2249,Inception,Warner Bros.,Christopher Nolan,Comedy,2010,148,High,PG-13,3,2018-09-22
2010,The Shawshank Redemption,Castle Rock Entertainment,Frank Darabont,Action,1994,142,High,R,1,2019-10-18
904,The Social Network,Columbia Pictures,David Fincher,Thriller,2010,120,Medium,PG-13,2,2024-01-02
2560,Interstellar,Paramount Pictures,Christopher Nolan,Crime,2014,169,High,PG-13,5,2016-08-28
1319,Pulp Fiction,Miramax,Quentin Tarantino,Sci-Fi,1994,154,High,R,5,2015-11-25
136,Pulp Fiction,Miramax,Quentin Tarantino,Comedy,1994,154,High,R,3,2015-05-03
2962,The Departed,Warner Bros.,Martin Scorsese,Drama,2006,151,High,R,1,2024-09-04
2610,The Shawshank Redemption,Castle Rock Entertainment,Frank Darabont,Adventure,1994,142,High,R,2,2023-06-30
403,The Matrix,Warner Bros.,Lana Wachowski,Crime,1999,136,High,R,2,2020-05-23
2584,Pulp Fiction,Miramax,Quentin Tarantino,Animation,1994,154,High,R,3,2015-08-23
614,Se7en,New Line Cinema,David Fincher,Romance,1995,127,High,R,1,2023-01-24
472,Heat,Warner Bros.,Michael Mann,Adventure,1995,170,High,R,4,2022-07-16
1197,The Prestige,Warner Bros.,Christopher Nolan,Animation,2006,130,High,PG-13,3,2023-06-10
606,The Godfather,Paramount Pictures,Francis Ford Coppola,Crime,1972,175,High,R,5,2024-02-12
1177,The Matrix,Warner Bros.,Lana Wachowski,Romance,1999,136,High,R,5,2020-05-06
1184,Forrest Gump,Paramount Pictures,Robert Zemeckis,Crime,1994,142,High,PG-13,2,2016-12-20
1921,Forrest Gump,Paramount Pictures,Robert Zemeckis,Drama,1994,142,High,PG-13,3,2019-04-04
181,The Shawshank Redemption,Castle Rock Entertainment,Frank Darabont,Sci-Fi,1994,142,High,R,4,2015-04-18
1007,The Matrix,Warner Bros.,Lana Wachowski,Drama,1999,136,High,R,3,2024-12-07
2966,The Dark Knight,Warner Bros.,Christopher Nolan,Adventure,2008,152,High,PG-13,1,2019-01-20
1548,Inception,Warner Bros.,Christopher Nolan,Animation,2010,148,High,PG-13,2,2019-07-18
1104,Fight Club,20th Century Fox,David Fincher,Thriller,1999,139,High,R,4,2016-09-03
201,Inception,Warner Bros.,Christopher Nolan,Adventure,2010,148,High,PG-13,3,2022-06-01
2989,The Dark Knight,Warner Bros.,Christopher Nolan,Action,2008,152,High,PG-13,5,2019-03-18
1666,The Shawshank Redemption,Castle Rock Entertainment,Frank Darabont,Drama,1994,142,High,R,4,2015-08-06
2516,The Shawshank Redemption,Castle Rock Entertainment,Frank Darabont,Sci-Fi,1994,142,High,R,5,2024-08-07
70,Fight Club,20th Century Fox,David Fincher,Romance,1999,139,High,R,3,2023-10-27
265,The Departed,Warner Bros.,Martin Scorsese,Animation,2006,151,High,R,2,2016-05-30
1605,The Shawshank Redemption,Castle Rock Entertainment,Frank Darabont,Drama,1994,142,High,R,1,2024-09-14
2277,The Godfather,Paramount Pictures,Francis Ford Coppola,Animation,1972,175,High,R,1,2024-12-25
1060,Joker,Warner Bros.,Todd Phillips,Drama,2019,122,High,R,3,2022-01-06
1941,Toy Story,Pixar,John Lasseter,Action,1995,81,Low,G,5,2025-08-20
1549,Forrest Gump,Paramount Pictures,Robert Zemeckis,Thriller,1994,142,High,PG-13,5,2017-03-05
263,Gladiator,DreamWorks Pictures,Ridley Scott,Thriller,2000,155,High,R,5,2022-04-07
269,The Dark Knight,Warner Bros.,Christopher Nolan,Thriller,2008,152,High,PG-13,2,2022-07-19
1209,The Shawshank Redemption,Castle Rock Entertainment,Frank Darabont,Sci-Fi,1994,142,High,R,5,2022-08-08
2743,Titanic,Paramount Pictures,James Cameron,Animation,1997,195,High,PG-13,5,2022-03-27
650,Schindler's List,Universal Pictures,Steven Spielberg,Comedy,1993,195,High,R,4,2018-05-03
2959,The Shawshank Redemption,Castle Rock Entertainment,Frank Darabont,Sci-Fi,1994,142,High,R,2,2019-02-17
427,Titanic,Paramount Pictures,James Cameron,Animation,1997,195,High,PG-13,4,2017-05-26
168,The Godfather,Paramount Pictures,Francis Ford Coppola,Comedy,1972,175,High,R,1,2020-03-07
1453,The Lion King,Walt Disney Pictures,Roger Allers,Comedy,1994,88,Low,G,4,2016-10-03
174,The King's Speech,The Weinstein Company,Tom Hooper,Adventure,2010,118,Medium,R,3,2024-09-18
2227,The Shawshank Redemption,Castle Rock Entertainment,Frank Darabont,Thriller,1994,142,High,R,3,2018-10-24
2987,The Empire Strikes Back,Lucasfilm,Irvin Kershner,Comedy,1980,124,High,PG,2,2025-10-03
1261,The Shawshank Redemption,Castle Rock Entertainment,Frank Darabont,Crime,1994,142,High,R,4,2019-03-26
2359,Pulp Fiction,Miramax,Quentin Tarantino,Comedy,1994,154,High,R,3,2020-10-02
93,Toy Story,Pixar,John Lasseter,Animation,1995,81,Low,G,5,2025-04-11
2278,The Departed,Warner Bros.,Martin Scorsese,Crime,2006,151,High,R,3,2017-09-15
1129,Interstellar,Paramount Pictures,Christopher Nolan,Animation,2014,169,High,PG-13,2,2024-04-24
2856,The Godfather,Paramount Pictures,Francis Ford Coppola,Action,1972,175,High,R,4,2021-11-03
2814,The Shawshank Redemption,Castle Rock Entertainment,Frank Darabont,Adventure,1994,142,High,R,1,2018-04-01
886,The Silence of the Lambs,Orion Pictures,Jonathan Demme,Comedy,1991,118,Medium,R,2,2017-04-18
2156,The Shawshank Redemption,Castle Rock Entertainment,Frank Darabont,Adventure,1994,142,High,R,2,2024-04-16
2984,The Godfather,Paramount Pictures,Francis Ford Coppola,Adventure,1972,175,High,R,1,2019-06-05
388,The Godfather,Paramount Pictures,Francis Ford Coppola,Action,1972,175,High,R,1,2016-01-04
2955,Gladiator,DreamWorks Pictures,Ridley Scott,Fantasy,2000,155,High,R,5,2020-03-25
2485,The Grand Budapest Hotel,Fox Searchlight,Wes Anderson,Crime,2014,99,Medium,R,5,2015-07-17
2585,Inside Out,Pixar,Pete Docter,Thriller,2015,95,Medium,PG,5,2016-01-10
1659,The Empire Strikes Back,Lucasfilm,Irvin Kershner,Fantasy,1980,124,High,PG,2,2016-07-05
1666,The Silence of the Lambs,Orion Pictures,Jonathan Demme,Thriller,1991,118,Medium,R,1,2024-11-23
2507,La La Land,Summit Entertainment,Damien Chazelle,Crime,2016,128,High,PG-13,1,2025-04-18
391,The Departed,Warner Bros.,Martin Scorsese,Fantasy,2006,151,High,R,3,2019-05-14
2264,Forrest Gump,Paramount Pictures,Robert Zemeckis,Animation,1994,142,High,PG-13,4,2023-09-26
758,Titanic,Paramount Pictures,James Cameron,Animation,1997,195,High,PG-13,1,2015-02-13
438,The Shawshank Redemption,Castle Rock Entertainment,Frank Darabont,Drama,1994,142,High,R,1,2021-07-28
524,The Dark Knight,Warner Bros.,Christopher Nolan,Sci-Fi,2008,152,High,PG-13,1,2021-03-01
2820,Parasite,CJ Entertainment,Bong Joon-ho,Animation,2019,132,High,R,1,2017-09-28
2988,The Dark Knight,Warner Bros.,Christopher Nolan,Fantasy,2008,152,High,PG-13,4,2017-12-16
2969,The Godfather,Paramount Pictures,Francis Ford Coppola,Romance,1972,175,High,R,1,2025-10-08
876,Avengers: Endgame,Marvel Studios,Anthony Russo,Drama,2019,181,High,PG-13,5,2022-08-17
238,The Dark Knight,Warner Bros.,Christopher Nolan,Romance,2008,152,High,PG-13,3,2016-07-02
505,The Shawshank Redemption,Castle Rock Entertainment,Frank Darabont,Romance,1994,142,High,R,1,2024-01-25
2209,The Green Mile,Castle Rock Entertainment,Frank Darabont,Romance,1999,189,High,R,3,2016-03-21
1956,The Godfather,Paramount Pictures,Francis Ford Coppola,Thriller,1972,175,High,R,4,2020-12-10
1669,The Dark Knight,Warner Bros.,Christopher Nolan,Drama,2008,152,High,PG-13,5,2016-07-24
2466,The Shawshank Redemption,Castle Rock Entertainment,Frank Darabont,Action,1994,142,High,R,2,2021-10-20
1127,Inception,Warner Bros.,Christopher Nolan,Crime,2010,148,High,PG-13,2,2020-01-23
1046,The Dark Knight,Warner Bros.,Christopher Nolan,Sci-Fi,2008,152,High,PG-13,1,2016-01-13
2196,"Crouching Tiger, Hidden Dragon",Sony Pictures Classics,Ang Lee,Comedy,2000,120,Medium,PG-13,2,2020-10-29
88,Pulp Fiction,Miramax,Quentin Tarantino,Drama,1994,154,High,R,3,2022-01-26
1620,Whiplash,Blumhouse Productions,Damien Chazelle,Adventure,2014,107,Medium,R,2,2020-07-09
394,Pulp Fiction,Miramax,Quentin Tarantino,Drama,1994,154,High,R,5,2022-10-12
74,The Shawshank Redemption,Castle Rock Entertainment,Frank Darabont,Action,1994,142,High,R,4,2023-10-02
833,The Pianist,Focus Features,Roman Polanski,Thriller,2002,150,High,R,1,2020-10-31
112,The Dark Knight,Warner Bros.,Christopher Nolan,Sci-Fi,2008,152,High,PG-13,5,2015-12-29
872,The Dark Knight,Warner Bros.,Christopher Nolan,Fantasy,2008,152,High,PG-13,1,2018-08-05
1395,The Shawshank Redemption,Castle Rock Entertainment,Frank Darabont,Action,1994,142,High,R,2,2017-11-06
752,The Dark Knight,Warner Bros.,Christopher Nolan,Sci-Fi,2008,152,High,PG-13,5,2021-03-03
1988,Pulp Fiction,Miramax,Quentin Tarantino,Crime,1994,154,High,R,4,2022-01-09
864,Pulp Fiction,Miramax,Quentin Tarantino,Animation,1994,154,High,R,2,2021-12-19
166,The Usual Suspects,Gramercy Pictures,Bryan Singer,Comedy,1995,106,Medium,R,3,2023-05-29
2162,The Shawshank Redemption,Castle Rock Entertainment,Frank Darabont,Comedy,1994,142,High,R,5,2015-01-21
973,The Usual Suspects,Gramercy Pictures,Bryan Singer,Thriller,1995,106,Medium,R,3,2018-05-07
1669,Forrest Gump,Paramount Pictures,Robert Zemeckis,Animation,1994,142,High,PG-13,5,2016-07-13
2965,The Shawshank Redemption,Castle Rock Entertainment,Frank Darabont,Thriller,1994,142,High,R,3,2021-11-22
2831,The Shawshank Redemption,Castle Rock Entertainment,Frank Darabont,Crime,1994,142,High,R,3,2020-01-24
1509,Interstellar,Paramount Pictures,Christopher Nolan,Romance,2014,169,High,PG-13,1,2020-09-09
1186,Django Unchained,Columbia Pictures,Quentin Tarantino,Romance,2012,165,High,R,1,2024-01-04
1856,The Godfather,Paramount Pictures,Francis Ford Coppola,Action,1972,175,High,R,1,2023-01-06
2449,Django Unchained,Columbia Pictures,Quentin Tarantino,Romance,2012,165,High,R,2,2019-07-09
2558,Gladiator,DreamWorks Pictures,Ridley Scott,Romance,2000,155,High,R,4,2023-08-07
2264,Fight Club,20th Century Fox,David Fincher,Sci-Fi,1999,139,High,R,3,2024-04-23
2139,The Silence of the Lambs,Orion Pictures,Jonathan Demme,Romance,1991,118,Medium,R,4,2016-01-03
1574,The Godfather,Paramount Pictures,Francis Ford Coppola,Animation,1972,175,High,R,3,2021-06-30
1354,The Silence of the Lambs,Orion Pictures,Jonathan Demme,Romance,1991,118,Medium,R,2,2016-08-24
2050,Fight Club,20th Century Fox,David Fincher,Comedy,1999,139,High,R,1,2023-08-30
797,Moonlight,A24,Barry Jenkins,Romance,2016,111,Medium,R,5,2023-11-20
914,Blade Runner,Warner Bros.,Ridley Scott,Thriller,1982,117,Medium,R,1,2017-01-27
2310,The Godfather,Paramount Pictures,Francis Ford Coppola,Action,1972,175,High,R,4,2019-07-14
2866,Fight Club,20th Century Fox,David Fincher,Drama,1999,139,High,R,4,2021-12-23
1631,The Shawshank Redemption,Castle Rock Entertainment,Frank Darabont,Animation,1994,142,High,R,4,2016-09-26
126,The Silence of the Lambs,Orion Pictures,Jonathan Demme,Fantasy,1991,118,Medium,R,4,2025-11-26
2301,The Silence of the Lambs,Orion Pictures,Jonathan Demme,Action,1991,118,Medium,R,2,2018-06-21
903,The King's Speech,The Weinstein Company,Tom Hooper,Thriller,2010,118,Medium,R,5,2021-10-21
1000,The Godfather,Paramount Pictures,Francis Ford Coppola,Romance,1972,175,High,R,3,2022-04-17
2299,There Will Be Blood,Paramount Vantage,Paul Thomas Anderson,Animation,2007,158,High,R,2,2022-05-16
1412,Se7en,New Line Cinema,David Fincher,Comedy,1995,127,High,R,1,2025-01-23
2848,Toy Story,Pixar,John Lasseter,Crime,1995,81,Low,G,2,2025-02-12
2250,Fight Club,20th Century Fox,David Fincher,Sci-Fi,1999,139,High,R,3,2015-05-03
1470,Saving Private Ryan,DreamWorks/Amblin,Steven Spielberg,Action,1998,169,High,R,4,2021-08-15
1090,Fight Club,20th Century Fox,David Fincher,Action,1999,139,High,R,4,2022-05-31
1550,The Shawshank Redemption,Castle Rock Entertainment,Frank Darabont,Animation,1994,142,High,R,4,2021-06-04
2302,The Dark Knight,Warner Bros.,Christopher Nolan,Crime,2008,152,High,PG-13,2,2015-03-03
2809,Forrest Gump,Paramount Pictures,Robert Zemeckis,Sci-Fi,1994,142,High,PG-13,1,2022-07-15
2341,The Grand Budapest Hotel,Fox Searchlight,Wes Anderson,Thriller,2014,99,Medium,R,5,2018-07-08
787,The Dark Knight,Warner Bros.,Christopher Nolan,Crime,2008,152,High,PG-13,3,2024-06-16
986,Whiplash,Blumhouse Productions,Damien Chazelle,Sci-Fi,2014,107,Medium,R,5,2016-09-02
2565,The Matrix,Warner Bros.,Lana Wachowski,Comedy,1999,136,High,R,5,2018-01-18
917,There Will Be Blood,Paramount Vantage,Paul Thomas Anderson,Drama,2007,158,High,R,2,2020-05-13
1601,The Shawshank Redemption,Castle Rock Entertainment,Frank Darabont,Animation,1994,142,High,R,4,2021-09-25
479,Avengers: Endgame,Marvel Studios,Anthony Russo,Sci-Fi,2019,181,High,PG-13,1,2015-08-14
308,Back to the Future,Universal Pictures,Robert Zemeckis,Sci-Fi,1985,116,Medium,PG,5,2017-04-07
105,The Shawshank Redemption,Castle Rock Entertainment,Frank Darabont,Thriller,1994,142,High,R,5,2018-10-03
230,The Shawshank Redemption,Castle Rock Entertainment,Frank Darabont,Crime,1994,142,High,R,4,2020-12-01
2580,The Lord of the Rings: The Return of the King,New Line Cinema,Peter Jackson,Comedy,2003,201,High,PG-13,1,2018-04-15
1671,The Lord of the Rings: The Return of the King,New Line Cinema,Peter Jackson,Adventure,2003,201,High,PG-13,1,2020-01-31
2386,Whiplash,Blumhouse Productions,Damien Chazelle,Animation,2014,107,Medium,R,2,2024-10-11
2990,Alien,20th Century Fox,Ridley Scott,Sci-Fi,1979,117,Medium,R,2,2015-07-26
2029,The Dark Knight,Warner Bros.,Christopher Nolan,Comedy,2008,152,High,PG-13,3,2015-03-10
665,Pulp Fiction,Miramax,Quentin Tarantino,Romance,1994,154,High,R,3,2019-05-20
1652,The Shawshank Redemption,Castle Rock Entertainment,Frank Darabont,Fantasy,1994,142,High,R,2,2023-02-21
562,The Departed,Warner Bros.,Martin Scorsese,Sci-Fi,2006,151,High,R,2,2021-09-08
2016,The Dark Knight,Warner Bros.,Christopher Nolan,Animation,2008,152,High,PG-13,1,2023-05-14
196,Titanic,Paramount Pictures,James Cameron,Fantasy,1997,195,High,PG-13,4,2025-05-08
1080,Spirited Away,Studio Ghibli,Hayao Miyazaki,Romance,2001,125,High,PG,5,2015-10-01
276,The Shawshank Redemption,Castle Rock Entertainment,Frank Darabont,Animation,1994,142,High,R,5,2017-12-12
951,WALL·E,Pixar,Andrew Stanton,Thriller,2008,98,Medium,G,2,2020-02-03
2929,The Shawshank Redemption,Castle Rock Entertainment,Frank Darabont,Action,1994,142,High,R,3,2019-01-05
1644,"Crouching Tiger, Hidden Dragon",Sony Pictures Classics,Ang Lee,Thriller,2000,120,Medium,PG-13,3,2025-04-09
44,The Shawshank Redemption,Castle Rock Entertainment,Frank Darabont,Animation,1994,142,High,R,1,2020-03-16
2470,The Shawshank Redemption,Castle Rock Entertainment,Frank Darabont,Action,1994,142,High,R,1,2015-11-18
1729,The Shawshank Redemption,Castle Rock Entertainment,Frank Darabont,Sci-Fi,1994,142,High,R,1,2017-06-15
1916,The Godfather,Paramount Pictures,Francis Ford Coppola,Animation,1972,175,High,R,3,2016-06-26
497,Forrest Gump,Paramount Pictures,Robert Zemeckis,Romance,1994,142,High,PG-13,3,2019-03-21
2736,The Shawshank Redemption,Castle Rock Entertainment,Frank Darabont,Fantasy,1994,142,High,R,1,2024-12-30
202,Fight Club,20th Century Fox,David Fincher,Comedy,1999,139,High,R,3,2021-08-24
196,Titanic,Paramount Pictures,James Cameron,Action,1997,195,High,PG-13,5,2018-08-16
177,The Shawshank Redemption,Castle Rock Entertainment,Frank Darabont,Sci-Fi,1994,142,High,R,3,2020-09-21
1167,Inside Out,Pixar,Pete Docter,Crime,2015,95,Medium,PG,4,2018-02-02
2794,Django Unchained,Columbia Pictures,Quentin Tarantino,Thriller,2012,165,High,R,4,2017-04-19
2189,The Godfather,Paramount Pictures,Francis Ford Coppola,Crime,1972,175,High,R,4,2020-04-10
2047,The Shawshank Redemption,Castle Rock Entertainment,Frank Darabont,Action,1994,142,High,R,4,2023-04-23
58,Schindler's List,Universal Pictures,Steven Spielberg,Action,1993,195,High,R,2,2015-11-04
2413,Back to the Future,Universal Pictures,Robert Zemeckis,Crime,1985,116,Medium,PG,4,2025-01-10
793,Inception,Warner Bros.,Christopher Nolan,Action,2010,148,High,PG-13,1,2022-01-17
2237,The Godfather,Paramount Pictures,Francis Ford Coppola,Sci-Fi,1972,175,High,R,2,2021-06-03
958,The Dark Knight,Warner Bros.,Christopher Nolan,Fantasy,2008,152,High,PG-13,5,2019-11-29
471,Se7en,New Line Cinema,David Fincher,Thriller,1995,127,High,R,5,2017-09-22
1305,The Social Network,Columbia Pictures,David Fincher,Action,2010,120,Medium,PG-13,5,2022-08-23
1842,Pulp Fiction,Miramax,Quentin Tarantino,Adventure,1994,154,High,R,2,2021-06-02
2879,Toy Story,Pixar,John Lasseter,Drama,1995,81,Low,G,4,2023-10-23
488,The Matrix,Warner Bros.,Lana Wachowski,Sci-Fi,1999,136,High,R,4,2022-08-20
2034,Pulp Fiction,Miramax,Quentin Tarantino,Drama,1994,154,High,R,4,2024-08-27
601,The Godfather,Paramount Pictures,Francis Ford Coppola,Sci-Fi,1972,175,High,R,5,2023-09-30
10,La La Land,Summit Entertainment,Damien Chazelle,Drama,2016,128,High,PG-13,3,2023-07-29
701,The Dark Knight,Warner Bros.,Christopher Nolan,Action,2008,152,High,PG-13,1,2022-05-22
653,The Shawshank Redemption,Castle Rock Entertainment,Frank Darabont,Adventure,1994,142,High,R,3,2022-07-23
1373,The Shawshank Redemption,Castle Rock Entertainment,Frank Darabont,Sci-Fi,1994,142,High,R,3,2015-03-02
1086,Inception,Warner Bros.,Christopher Nolan,Fantasy,2010,148,High,PG-13,1,2022-09-13
2668,The Dark Knight,Warner Bros.,Christopher Nolan,Action,2008,152,High,PG-13,1,2020-11-11
569,The Departed,Warner Bros.,Martin Scorsese,Action,2006,151,High,R,1,2021-05-26
2434,The Godfather,Paramount Pictures,Francis Ford Coppola,Sci-Fi,1972,175,High,R,4,2023-06-20
2793,Blade Runner,Warner Bros.,Ridley Scott,Animation,1982,117,Medium,R,5,2020-12-28
2220,The Godfather,Paramount Pictures,Francis Ford Coppola,Sci-Fi,1972,175,High,R,5,2021-10-30
649,The Godfather,Paramount Pictures,Francis Ford Coppola,Animation,1972,175,High,R,1,2025-09-08
139,The Shawshank Redemption,Castle Rock Entertainment,Frank Darabont,Drama,1994,142,High,R,3,2023-12-15
2946,Alien,20th Century Fox,Ridley Scott,Thriller,1979,117,Medium,R,5,2019-11-10
1196,The Matrix,Warner Bros.,Lana Wachowski,Comedy,1999,136,High,R,5,2025-11-13
2498,Schindler's List,Universal Pictures,Steven Spielberg,Comedy,1993,195,High,R,5,2018-10-15
1421,Inception,Warner Bros.,Christopher Nolan,Crime,2010,148,High,PG-13,1,2018-03-07
147,Pulp Fiction,Miramax,Quentin Tarantino,Animation,1994,154,High,R,5,2020-02-19
734,Interstellar,Paramount Pictures,Christopher Nolan,Fantasy,2014,169,High,PG-13,1,2019-01-02
1600,The Godfather,Paramount Pictures,Francis Ford Coppola,Animation,1972,175,High,R,4,2020-01-08
2522,Forrest Gump,Paramount Pictures,Robert Zemeckis,Animation,1994,142,High,PG-13,2,2015-04-18
2516,Pulp Fiction,Miramax,Quentin Tarantino,Sci-Fi,1994,154,High,R,1,2025-10-21
2180,The Shawshank Redemption,Castle Rock Entertainment,Frank Darabont,Fantasy,1994,142,High,R,4,2021-11-05
2555,Forrest Gump,Paramount Pictures,Robert Zemeckis,Animation,1994,142,High,PG-13,2,2024-08-11
2944,The Matrix,Warner Bros.,Lana Wachowski,Sci-Fi,1999,136,High,R,5,2020-07-29
2363,The Social Network,Columbia Pictures,David Fincher,Action,2010,120,Medium,PG-13,3,2020-10-15
2792,The Shawshank Redemption,Castle Rock Entertainment,Frank Darabont,Drama,1994,142,High,R,5,2018-07-27
2561,Inception,Warner Bros.,Christopher Nolan,Sci-Fi,2010,148,High,PG-13,2,2022-08-26
1104,The Prestige,Warner Bros.,Christopher Nolan,Adventure,2006,130,High,PG-13,1,2022-10-19
2981,The Grand Budapest Hotel,Fox Searchlight,Wes Anderson,Adventure,2014,99,Medium,R,4,2019-04-10
126,The Lord of the Rings: The Return of the King,New Line Cinema,Peter Jackson,Fantasy,2003,201,High,PG-13,5,2015-06-06
2220,The Empire Strikes Back,Lucasfilm,Irvin Kershner,Action,1980,124,High,PG,3,2025-02-02
1029,The Shawshank Redemption,Castle Rock Entertainment,Frank Darabont,Adventure,1994,142,High,R,3,2018-01-04
2432,The Shawshank Redemption,Castle Rock Entertainment,Frank Darabont,Animation,1994,142,High,R,4,2020-03-01
2505,The Dark Knight,Warner Bros.,Christopher Nolan,Action,2008,152,High,PG-13,3,2024-04-08
2182,The Godfather,Paramount Pictures,Francis Ford Coppola,Thriller,1972,175,High,R,2,2022-08-31
911,Goodfellas,Warner Bros.,Martin Scorsese,Comedy,1990,146,High,R,4,2024-04-23
2346,Mad Max: Fury Road,Warner Bros.,George Miller,Thriller,2015,120,Medium,R,5,2025-10-09
1068,"Crouching Tiger, Hidden Dragon",Sony Pictures Classics,Ang Lee,Adventure,2000,120,Medium,PG-13,4,2016-11-04
1384,The Shawshank Redemption,Castle Rock Entertainment,Frank Darabont,Adventure,1994,142,High,R,2,2020-12-23
1407,Titanic,Paramount Pictures,James Cameron,Fantasy,1997,195,High,PG-13,2,2025-04-01
2414,The Dark Knight,Warner Bros.,Christopher Nolan,Romance,2008,152,High,PG-13,2,2019-07-12
2491,The Godfather,Paramount Pictures,Francis Ford Coppola,Thriller,1972,175,High,R,3,2020-12-09
2067,Whiplash,Blumhouse Productions,Damien Chazelle,Adventure,2014,107,Medium,R,1,2017-07-04
106,The Shawshank Redemption,Castle Rock Entertainment,Frank Darabont,Sci-Fi,1994,142,High,R,3,2019-02-07
1583,Alien,20th Century Fox,Ridley Scott,Fantasy,1979,117,Medium,R,5,2017-12-12
2499,Alien,20th Century Fox,Ridley Scott,Animation,1979,117,Medium,R,3,2015-03-06
1072,The Godfather,Paramount Pictures,Francis Ford Coppola,Fantasy,1972,175,High,R,3,2024-04-01
2553,The Godfather,Paramount Pictures,Francis Ford Coppola,Thriller,1972,175,High,R,3,2022-01-16
464,The Shawshank Redemption,Castle Rock Entertainment,Frank Darabont,Animation,1994,142,High,R,5,2015-11-02
193,Joker,Warner Bros.,Todd Phillips,Romance,2019,122,High,R,4,2016-11-06
1103,The Shawshank Redemption,Castle Rock Entertainment,Frank Darabont,Adventure,1994,142,High,R,5,2017-08-24
1616,The Prestige,Warner Bros.,Christopher Nolan,Crime,2006,130,High,PG-13,3,2017-05-10
441,The Godfather,Paramount Pictures,Francis Ford Coppola,Adventure,1972,175,High,R,3,2020-02-02
888,The Godfather,Paramount Pictures,Francis Ford Coppola,Adventure,1972,175,High,R,2,2016-03-15
879,Titanic,Paramount Pictures,James Cameron,Adventure,1997,195,High,PG-13,5,2024-12-08
976,The Lion King,Walt Disney Pictures,Roger Allers,Fantasy,1994,88,Low,G,5,2016-02-03
66,Saving Private Ryan,DreamWorks/Amblin,Steven Spielberg,Fantasy,1998,169,High,R,3,2015-07-07
2636,Toy Story,Pixar,John Lasseter,Comedy,1995,81,Low,G,2,2022-10-26
1450,Saving Private Ryan,DreamWorks/Amblin,Steven Spielberg,Comedy,1998,169,High,R,1,2015-05-25
500,The Shawshank Redemption,Castle Rock Entertainment,Frank Darabont,Sci-Fi,1994,142,High,R,5,2020-12-07
247,Interstellar,Paramount Pictures,Christopher Nolan,Animation,2014,169,High,PG-13,4,2021-04-18
1113,The Lord of the Rings: The Return of the King,New Line Cinema,Peter Jackson,Action,2003,201,High,PG-13,4,2015-01-28
2285,The Dark Knight,Warner Bros.,Christopher Nolan,Thriller,2008,152,High,PG-13,5,2020-11-27
561,La La Land,Summit Entertainment,Damien Chazelle,Adventure,2016,128,High,PG-13,4,2016-10-28
240,"Crouching Tiger, Hidden Dragon",Sony Pictures Classics,Ang Lee,Animation,2000,120,Medium,PG-13,4,2019-09-01
1843,Blade Runner,Warner Bros.,Ridley Scott,Romance,1982,117,Medium,R,5,2019-08-29
687,Inception,Warner Bros.,Christopher Nolan,Comedy,2010,148,High,PG-13,3,2024-09-03
2742,The Shawshank Redemption,Castle Rock Entertainment,Frank Darabont,Adventure,1994,142,High,R,5,2018-10-13
1490,The Godfather,Paramount Pictures,Francis Ford Coppola,Adventure,1972,175,High,R,5,2019-09-25
729,Saving Private Ryan,DreamWorks/Amblin,Steven Spielberg,Adventure,1998,169,High,R,5,2018-03-25
487,Forrest Gump,Paramount Pictures,Robert Zemeckis,Comedy,1994,142,High,PG-13,5,2025-03-18
558,Up,Pixar,Pete Docter,Sci-Fi,2009,96,Medium,PG,3,2015-04-15
639,"Crouching Tiger, Hidden Dragon",Sony Pictures Classics,Ang Lee,Drama,2000,120,Medium,PG-13,1,2015-06-25
2652,Saving Private Ryan,DreamWorks/Amblin,Steven Spielberg,Adventure,1998,169,High,R,2,2021-07-29
2633,The Grand Budapest Hotel,Fox Searchlight,Wes Anderson,Crime,2014,99,Medium,R,2,2016-06-21
1300,The Grand Budapest Hotel,Fox Searchlight,Wes Anderson,Crime,2014,99,Medium,R,3,2024-09-27
1969,The Shawshank Redemption,Castle Rock Entertainment,Frank Darabont,Drama,1994,142,High,R,3,2018-10-24
747,The Shawshank Redemption,Castle Rock Entertainment,Frank Darabont,Thriller,1994,142,High,R,4,2021-03-25
2130,The Empire Strikes Back,Lucasfilm,Irvin Kershner,Comedy,1980,124,High,PG,3,2018-03-10
2540,Inception,Warner Bros.,Christopher Nolan,Sci-Fi,2010,148,High,PG-13,4,2021-07-30
2828,Django Unchained,Columbia Pictures,Quentin Tarantino,Fantasy,2012,165,High,R,2,2020-08-08
2611,Heat,Warner Bros.,Michael Mann,Thriller,1995,170,High,R,4,2020-01-14
27,The Prestige,Warner Bros.,Christopher Nolan,Comedy,2006,130,High,PG-13,4,2016-09-05
1511,The Shawshank Redemption,Castle Rock Entertainment,Frank Darabont,Animation,1994,142,High,R,2,2025-04-23
709,The Godfather,Paramount Pictures,Francis Ford Coppola,Crime,1972,175,High,R,5,2017-06-13
258,Gladiator,DreamWorks Pictures,Ridley Scott,Crime,2000,155,High,R,2,2017-02-18
2643,The Shawshank Redemption,Castle Rock Entertainment,Frank Darabont,Romance,1994,142,High,R,2,2024-11-08
242,The Shawshank Redemption,Castle Rock Entertainment,Frank Darabont,Comedy,1994,142,High,R,5,2016-01-15
1003,The Dark Knight,Warner Bros.,Christopher Nolan,Drama,2008,152,High,PG-13,1,2020-10-29
2940,Pulp Fiction,Miramax,Quentin Tarantino,Fantasy,1994,154,High,R,2,2017-04-15
677,Fight Club,20th Century Fox,David Fincher,Adventure,1999,139,High,R,1,2020-12-21
357,The Departed,Warner Bros.,Martin Scorsese,Sci-Fi,2006,151,High,R,5,2022-12-02
1434,Schindler's List,Universal Pictures,Steven Spielberg,Action,1993,195,High,R,2,2025-02-02
1488,Forrest Gump,Paramount Pictures,Robert Zemeckis,Adventure,1994,142,High,PG-13,3,2023-05-18
1553,Fight Club,20th Century Fox,David Fincher,Comedy,1999,139,High,R,4,2016-07-09
584,The Shawshank Redemption,Castle Rock Entertainment,Frank Darabont,Romance,1994,142,High,R,1,2018-08-25
2694,The Lord of the Rings: The Return of the King,New Line Cinema,Peter Jackson,Animation,2003,201,High,PG-13,4,2019-04-16
2251,Fight Club,20th Century Fox,David Fincher,Crime,1999,139,High,R,4,2015-08-06
1921,Mad Max: Fury Road,Warner Bros.,George Miller,Fantasy,2015,120,Medium,R,1,2022-03-28
1815,The Shawshank Redemption,Castle Rock Entertainment,Frank Darabont,Fantasy,1994,142,High,R,2,2017-03-23
2387,The Prestige,Warner Bros.,Christopher Nolan,Thriller,2006,130,High,PG-13,5,2022-05-08
707,Up,Pixar,Pete Docter,Drama,2009,96,Medium,PG,3,2017-01-14
1688,The Shawshank Redemption,Castle Rock Entertainment,Frank Darabont,Romance,1994,142,High,R,5,2017-05-26
1340,The Grand Budapest Hotel,Fox Searchlight,Wes Anderson,Crime,2014,99,Medium,R,4,2023-12-19
1242,Schindler's List,Universal Pictures,Steven Spielberg,Romance,1993,195,High,R,1,2022-03-07
683,The Godfather,Paramount Pictures,Francis Ford Coppola,Animation,1972,175,High,R,2,2017-08-26
2366,The Godfather,Paramount Pictures,Francis Ford Coppola,Adventure,1972,175,High,R,2,2023-11-08
2278,La La Land,Summit Entertainment,Damien Chazelle,Animation,2016,128,High,PG-13,2,2018-08-04
2004,The Pianist,Focus Features,Roman Polanski,Comedy,2002,150,High,R,4,2016-05-15
662,Titanic,Paramount Pictures,James Cameron,Fantasy,1997,195,High,PG-13,4,2017-06-15
81,American Beauty,DreamWorks,Sam Mendes,Comedy,1999,122,High,R,2,2025-07-25
2041,Fight Club,20th Century Fox,David Fincher,Comedy,1999,139,High,R,3,2021-06-23
1831,The Lord of the Rings: The Return of the King,New Line Cinema,Peter Jackson,Crime,2003,201,High,PG-13,2,2025-01-06
766,The Lord of the Rings: The Return of the King,New Line Cinema,Peter Jackson,Romance,2003,201,High,PG-13,4,2015-01-12
228,Fight Club,20th Century Fox,David Fincher,Fantasy,1999,139,High,R,1,2016-10-25
2159,The Godfather,Paramount Pictures,Francis Ford Coppola,Romance,1972,175,High,R,4,2023-07-09
2900,Avengers: Endgame,Marvel Studios,Anthony Russo,Crime,2019,181,High,PG-13,2,2020-07-01
2287,No Country for Old Men,Mirage Enterprises,Ethan Coen,Adventure,2007,122,High,R,2,2021-07-01
612,The King's Speech,The Weinstein Company,Tom Hooper,Animation,2010,118,Medium,R,2,2016-06-19
1493,The Shawshank Redemption,Castle Rock Entertainment,Frank Darabont,Crime,1994,142,High,R,2,2023-11-24
710,The Dark Knight,Warner Bros.,Christopher Nolan,Drama,2008,152,High,PG-13,5,2017-02-10
2271,The Shawshank Redemption,Castle Rock Entertainment,Frank Darabont,Drama,1994,142,High,R,3,2023-07-15
2073,Forrest Gump,Paramount Pictures,Robert Zemeckis,Fantasy,1994,142,High,PG-13,5,2020-08-24
863,Mad Max: Fury Road,Warner Bros.,George Miller,Fantasy,2015,120,Medium,R,3,2022-09-01
757,Interstellar,Paramount Pictures,Christopher Nolan,Adventure,2014,169,High,PG-13,5,2019-01-03
250,The Godfather,Paramount Pictures,Francis Ford Coppola,Animation,1972,175,High,R,4,2025-05-13
1140,Saving Private Ryan,DreamWorks/Amblin,Steven Spielberg,Drama,1998,169,High,R,2,2015-03-13
336,Spirited Away,Studio Ghibli,Hayao Miyazaki,Thriller,2001,125,High,PG,4,2022-03-28
1886,American Beauty,DreamWorks,Sam Mendes,Romance,1999,122,High,R,3,2016-03-24
2982,The Shawshank Redemption,Castle Rock Entertainment,Frank Darabont,Action,1994,142,High,R,2,2024-10-11
612,Fight Club,20th Century Fox,David Fincher,Crime,1999,139,High,R,1,2023-09-26
1427,The Silence of the Lambs,Orion Pictures,Jonathan Demme,Action,1991,118,Medium,R,5,2023-05-28
1958,Schindler's List,Universal Pictures,Steven Spielberg,Crime,1993,195,High,R,3,2017-03-25
2508,The Godfather,Paramount Pictures,Francis Ford Coppola,Animation,1972,175,High,R,2,2015-08-21
1926,The Lion King,Walt Disney Pictures,Roger Allers,Drama,1994,88,Low,G,5,2019-08-30
2494,The Shawshank Redemption,Castle Rock Entertainment,Frank Darabont,Romance,1994,142,High,R,4,2016-01-16
2594,Up,Pixar,Pete Docter,Action,2009,96,Medium,PG,4,2015-07-18
645,The Shawshank Redemption,Castle Rock Entertainment,Frank Darabont,Action,1994,142,High,R,1,2017-04-28
2705,The Shawshank Redemption,Castle Rock Entertainment,Frank Darabont,Fantasy,1994,142,High,R,4,2020-03-26
2759,The Shawshank Redemption,Castle Rock Entertainment,Frank Darabont,Crime,1994,142,High,R,5,2023-08-26
429,The Shawshank Redemption,Castle Rock Entertainment,Frank Darabont,Crime,1994,142,High,R,4,2019-07-08
2530,The Shawshank Redemption,Castle Rock Entertainment,Frank Darabont,Action,1994,142,High,R,1,2016-05-10
1405,Titanic,Paramount Pictures,James Cameron,Fantasy,1997,195,High,PG-13,2,2023-02-09
1019,Schindler's List,Universal Pictures,Steven Spielberg,Animation,1993,195,High,R,4,2025-06-16
1203,The Shawshank Redemption,Castle Rock Entertainment,Frank Darabont,Romance,1994,142,High,R,2,2015-06-01
854,Fight Club,20th Century Fox,David Fincher,Sci-Fi,1999,139,High,R,4,2018-10-13
2725,Inception,Warner Bros.,Christopher Nolan,Action,2010,148,High,PG-13,4,2022-04-18
1156,American Beauty,DreamWorks,Sam Mendes,Animation,1999,122,High,R,1,2016-09-04
2288,The Shawshank Redemption,Castle Rock Entertainment,Frank Darabont,Crime,1994,142,High,R,3,2015-04-04
1381,The Empire Strikes Back,Lucasfilm,Irvin Kershner,Animation,1980,124,High,PG,2,2025-05-04
615,La La Land,Summit Entertainment,Damien Chazelle,Romance,2016,128,High,PG-13,3,2016-07-05
2423,The Matrix,Warner Bros.,Lana Wachowski,Sci-Fi,1999,136,High,R,2,2015-03-12
1559,The Shawshank Redemption,Castle Rock Entertainment,Frank Darabont,Adventure,1994,142,High,R,3,2023-02-03
880,Parasite,CJ Entertainment,Bong Joon-ho,Crime,2019,132,High,R,1,2024-01-12
526,Gladiator,DreamWorks Pictures,Ridley Scott,Romance,2000,155,High,R,5,2018-11-15
70,Whiplash,Blumhouse Productions,Damien Chazelle,Romance,2014,107,Medium,R,4,2024-03-27
582,Whiplash,Blumhouse Productions,Damien Chazelle,Thriller,2014,107,Medium,R,4,2016-04-30
1338,The Godfather,Paramount Pictures,Francis Ford Coppola,Sci-Fi,1972,175,High,R,3,2021-03-01
534,Inception,Warner Bros.,Christopher Nolan,Sci-Fi,2010,148,High,PG-13,3,2023-07-21
307,The Shawshank Redemption,Castle Rock Entertainment,Frank Darabont,Drama,1994,142,High,R,3,2025-07-23
1974,Moonlight,A24,Barry Jenkins,Action,2016,111,Medium,R,1,2016-07-30
2516,"Crouching Tiger, Hidden Dragon",Sony Pictures Classics,Ang Lee,Sci-Fi,2000,120,Medium,PG-13,1,2019-01-22
1139,The Shawshank Redemption,Castle Rock Entertainment,Frank Darabont,Thriller,1994,142,High,R,5,2020-07-19
1815,The Shawshank Redemption,Castle Rock Entertainment,Frank Darabont,Romance,1994,142,High,R,5,2015-09-09
2420,Gladiator,DreamWorks Pictures,Ridley Scott,Crime,2000,155,High,R,4,2019-10-12
1153,The Shawshank Redemption,Castle Rock Entertainment,Frank Darabont,Thriller,1994,142,High,R,2,2016-06-02
1070,Inception,Warner Bros.,Christopher Nolan,Crime,2010,148,High,PG-13,3,2018-08-01
2873,Blade Runner,Warner Bros.,Ridley Scott,Action,1982,117,Medium,R,1,2017-06-27
241,Gladiator,DreamWorks Pictures,Ridley Scott,Comedy,2000,155,High,R,1,2017-10-19
1662,The Shawshank Redemption,Castle Rock Entertainment,Frank Darabont,Romance,1994,142,High,R,3,2025-03-08
1734,Blade Runner,Warner Bros.,Ridley Scott,Romance,1982,117,Medium,R,4,2019-02-18
1520,No Country for Old Men,Mirage Enterprises,Ethan Coen,Comedy,2007,122,High,R,5,2015-09-23
1742,Pulp Fiction,Miramax,Quentin Tarantino,Adventure,1994,154,High,R,3,2018-03-13
436,Parasite,CJ Entertainment,Bong Joon-ho,Thriller,2019,132,High,R,3,2020-05-18
12,The Shawshank Redemption,Castle Rock Entertainment,Frank Darabont,Comedy,1994,142,High,R,4,2019-11-14
486,The Shawshank Redemption,Castle Rock Entertainment,Frank Darabont,Animation,1994,142,High,R,1,2023-08-17
849,Saving Private Ryan,DreamWorks/Amblin,Steven Spielberg,Animation,1998,169,High,R,1,2015-06-08
412,The Shawshank Redemption,Castle Rock Entertainment,Frank Darabont,Sci-Fi,1994,142,High,R,5,2017-07-30
664,Pulp Fiction,Miramax,Quentin Tarantino,Comedy,1994,154,High,R,1,2020-06-25
2118,Pulp Fiction,Miramax,Quentin Tarantino,Drama,1994,154,High,R,5,2015-02-23
607,The Shawshank Redemption,Castle Rock Entertainment,Frank Darabont,Adventure,1994,142,High,R,4,2016-03-15
250,The Matrix,Warner Bros.,Lana Wachowski,Crime,1999,136,High,R,3,2022-11-24
1674,Forrest Gump,Paramount Pictures,Robert Zemeckis,Thriller,1994,142,High,PG-13,5,2015-06-23
2919,Pulp Fiction,Miramax,Quentin Tarantino,Thriller,1994,154,High,R,1,2020-03-07
1179,The Godfather,Paramount Pictures,Francis Ford Coppola,Crime,1972,175,High,R,1,2024-02-13
1230,The Dark Knight,Warner Bros.,Christopher Nolan,Animation,2008,152,High,PG-13,3,2020-07-08
2884,The Shawshank Redemption,Castle Rock Entertainment,Frank Darabont,Sci-Fi,1994,142,High,R,2,2016-04-12
745,The Shawshank Redemption,Castle Rock Entertainment,Frank Darabont,Drama,1994,142,High,R,5,2019-11-18
1745,The Dark Knight,Warner Bros.,Christopher Nolan,Animation,2008,152,High,PG-13,3,2020-01-05
122,Interstellar,Paramount Pictures,Christopher Nolan,Romance,2014,169,High,PG-13,3,2020-07-25
815,The Shawshank Redemption,Castle Rock Entertainment,Frank Darabont,Animation,1994,142,High,R,1,2018-09-29
642,The Avengers,Marvel Studios,Joss Whedon,Thriller,2012,143,High,PG-13,5,2019-07-07
1792,The Lion King,Walt Disney Pictures,Roger Allers,Fantasy,1994,88,Low,G,3,2024-05-26
1447,Moonlight,A24,Barry Jenkins,Sci-Fi,2016,111,Medium,R,2,2015-11-20
567,The Matrix,Warner Bros.,Lana Wachowski,Animation,1999,136,High,R,2,2024-04-25
236,Interstellar,Paramount Pictures,Christopher Nolan,Fantasy,2014,169,High,PG-13,1,2015-05-12
411,Spirited Away,Studio Ghibli,Hayao Miyazaki,Sci-Fi,2001,125,High,PG,4,2019-10-10
278,The Godfather,Paramount Pictures,Francis Ford Coppola,Adventure,1972,175,High,R,5,2015-04-13
1990,The Prestige,Warner Bros.,Christopher Nolan,Drama,2006,130,High,PG-13,4,2021-08-07
81,Schindler's List,Universal Pictures,Steven Spielberg,Crime,1993,195,High,R,3,2015-06-02
2228,Se7en,New Line Cinema,David Fincher,Comedy,1995,127,High,R,5,2017-08-24
2929,The Departed,Warner Bros.,Martin Scorsese,Animation,2006,151,High,R,1,2024-03-14
1291,Fight Club,20th Century Fox,David Fincher,Comedy,1999,139,High,R,5,2015-01-13
706,The Godfather,Paramount Pictures,Francis Ford Coppola,Crime,1972,175,High,R,3,2023-10-19
156,The Shawshank Redemption,Castle Rock Entertainment,Frank Darabont,Romance,1994,142,High,R,5,2020-08-17
2036,American Beauty,DreamWorks,Sam Mendes,Comedy,1999,122,High,R,5,2024-03-19
2019,Blade Runner 2049,Warner Bros.,Denis Villeneuve,Sci-Fi,2017,164,High,R,5,2020-12-07
2418,The Silence of the Lambs,Orion Pictures,Jonathan Demme,Crime,1991,118,Medium,R,2,2020-03-12
2470,Pulp Fiction,Miramax,Quentin Tarantino,Crime,1994,154,High,R,4,2019-04-15
1565,Fight Club,20th Century Fox,David Fincher,Comedy,1999,139,High,R,1,2019-08-10
1175,Blade Runner,Warner Bros.,Ridley Scott,Action,1982,117,Medium,R,2,2020-06-09
1091,Blade Runner,Warner Bros.,Ridley Scott,Fantasy,1982,117,Medium,R,4,2021-05-27
750,The Godfather,Paramount Pictures,Francis Ford Coppola,Action,1972,175,High,R,3,2019-11-25
1185,The Shawshank Redemption,Castle Rock Entertainment,Frank Darabont,Animation,1994,142,High,R,5,2021-09-03
61,The Matrix,Warner Bros.,Lana Wachowski,Crime,1999,136,High,R,5,2020-01-02
1765,The Shawshank Redemption,Castle Rock Entertainment,Frank Darabont,Comedy,1994,142,High,R,2,2024-11-27
1914,The Social Network,Columbia Pictures,David Fincher,Action,2010,120,Medium,PG-13,1,2017-05-27
703,The Shawshank Redemption,Castle Rock Entertainment,Frank Darabont,Fantasy,1994,142,High,R,5,2024-06-20
649,The Shawshank Redemption,Castle Rock Entertainment,Frank Darabont,Sci-Fi,1994,142,High,R,1,2024-06-06
2236,Schindler's List,Universal Pictures,Steven Spielberg,Drama,1993,195,High,R,3,2016-01-25
2804,The King's Speech,The Weinstein Company,Tom Hooper,Crime,2010,118,Medium,R,2,2019-02-21
2440,Interstellar,Paramount Pictures,Christopher Nolan,Romance,2014,169,High,PG-13,5,2020-10-02
601,Forrest Gump,Paramount Pictures,Robert Zemeckis,Romance,1994,142,High,PG-13,4,2025-02-06
92,No Country for Old Men,Mirage Enterprises,Ethan Coen,Crime,2007,122,High,R,4,2025-10-17
2408,Titanic,Paramount Pictures,James Cameron,Animation,1997,195,High,PG-13,5,2022-01-07
290,Up,Pixar,Pete Docter,Animation,2009,96,Medium,PG,1,2024-02-22
2192,WALL·E,Pixar,Andrew Stanton,Sci-Fi,2008,98,Medium,G,3,2018-05-30
1459,The Shawshank Redemption,Castle Rock Entertainment,Frank Darabont,Crime,1994,142,High,R,4,2025-08-14
2077,Inception,Warner Bros.,Christopher Nolan,Thriller,2010,148,High,PG-13,5,2019-12-09
253,The Dark Knight,Warner Bros.,Christopher Nolan,Drama,2008,152,High,PG-13,5,2016-12-07
1716,American Beauty,DreamWorks,Sam Mendes,Comedy,1999,122,High,R,5,2015-07-11
737,Forrest Gump,Paramount Pictures,Robert Zemeckis,Fantasy,1994,142,High,PG-13,1,2024-04-17
1227,Parasite,CJ Entertainment,Bong Joon-ho,Sci-Fi,2019,132,High,R,5,2015-12-15
647,The Matrix,Warner Bros.,Lana Wachowski,Crime,1999,136,High,R,1,2025-06-23
678,Inception,Warner Bros.,Christopher Nolan,Fantasy,2010,148,High,PG-13,5,2018-01-12
2068,The Matrix,Warner Bros.,Lana Wachowski,Sci-Fi,1999,136,High,R,5,2025-02-19
2746,The Shawshank Redemption,Castle Rock Entertainment,Frank Darabont,Sci-Fi,1994,142,High,R,5,2025-07-30
177,"Crouching Tiger, Hidden Dragon",Sony Pictures Classics,Ang Lee,Fantasy,2000,120,Medium,PG-13,1,2017-12-30
363,The Matrix,Warner Bros.,Lana Wachowski,Thriller,1999,136,High,R,1,2017-11-25
1750,The Prestige,Warner Bros.,Christopher Nolan,Sci-Fi,2006,130,High,PG-13,1,2018-12-23
1997,The Shawshank Redemption,Castle Rock Entertainment,Frank Darabont,Animation,1994,142,High,R,2,2016-12-26
1366,The Godfather,Paramount Pictures,Francis Ford Coppola,Animation,1972,175,High,R,5,2017-07-07
1886,Titanic,Paramount Pictures,James Cameron,Adventure,1997,195,High,PG-13,1,2023-09-26
2622,The Matrix,Warner Bros.,Lana Wachowski,Sci-Fi,1999,136,High,R,2,2018-04-14
2621,The Shawshank Redemption,Castle Rock Entertainment,Frank Darabont,Romance,1994,142,High,R,4,2022-11-15
2240,The Godfather,Paramount Pictures,Francis Ford Coppola,Romance,1972,175,High,R,4,2019-04-21
105,The Godfather,Paramount Pictures,Francis Ford Coppola,Comedy,1972,175,High,R,5,2019-10-25
266,The Godfather,Paramount Pictures,Francis Ford Coppola,Animation,1972,175,High,R,3,2016-09-13
419,Pulp Fiction,Miramax,Quentin Tarantino,Action,1994,154,High,R,5,2018-10-16
996,The Dark Knight,Warner Bros.,Christopher Nolan,Action,2008,152,High,PG-13,3,2021-07-03
2240,The Lion King,Walt Disney Pictures,Roger Allers,Sci-Fi,1994,88,Low,G,3,2021-01-31
910,The Shawshank Redemption,Castle Rock Entertainment,Frank Darabont,Animation,1994,142,High,R,5,2025-10-07
2056,The Godfather,Paramount Pictures,Francis Ford Coppola,Sci-Fi,1972,175,High,R,5,2022-10-24
1059,The Godfather,Paramount Pictures,Francis Ford Coppola,Drama,1972,175,High,R,4,2016-07-17
2466,The Dark Knight,Warner Bros.,Christopher Nolan,Action,2008,152,High,PG-13,5,2019-12-29
260,The Matrix,Warner Bros.,Lana Wachowski,Sci-Fi,1999,136,High,R,1,2021-12-27
463,The Shawshank Redemption,Castle Rock Entertainment,Frank Darabont,Crime,1994,142,High,R,2,2024-04-21
2457,The Matrix,Warner Bros.,Lana Wachowski,Thriller,1999,136,High,R,3,2022-06-01
1669,The Silence of the Lambs,Orion Pictures,Jonathan Demme,Action,1991,118,Medium,R,2,2023-01-06
1670,The Shawshank Redemption,Castle Rock Entertainment,Frank Darabont,Thriller,1994,142,High,R,4,2023-01-26
180,No Country for Old Men,Mirage Enterprises,Ethan Coen,Adventure,2007,122,High,R,2,2017-10-15
387,The Truman Show,Paramount Pictures,Peter Weir,Adventure,1998,103,Medium,PG,5,2020-09-24
1141,The Dark Knight,Warner Bros.,Christopher Nolan,Drama,2008,152,High,PG-13,2,2019-01-15
511,Se7en,New Line Cinema,David Fincher,Fantasy,1995,127,High,R,2,2017-12-09
130,The Lord of the Rings: The Return of the King,New Line Cinema,Peter Jackson,Sci-Fi,2003,201,High,PG-13,3,2022-04-17
2324,The Green Mile,Castle Rock Entertainment,Frank Darabont,Comedy,1999,189,High,R,3,2015-04-26
1984,Pulp Fiction,Miramax,Quentin Tarantino,Crime,1994,154,High,R,4,2023-06-22
2868,No Country for Old Men,Mirage Enterprises,Ethan Coen,Crime,2007,122,High,R,5,2016-06-03
2239,The Godfather,Paramount Pictures,Francis Ford Coppola,Animation,1972,175,High,R,5,2023-06-12
2988,The Silence of the Lambs,Orion Pictures,Jonathan Demme,Animation,1991,118,Medium,R,5,2025-09-22
2258,The Shawshank Redemption,Castle Rock Entertainment,Frank Darabont,Sci-Fi,1994,142,High,R,4,2024-05-06
1110,The Shawshank Redemption,Castle Rock Entertainment,Frank Darabont,Comedy,1994,142,High,R,1,2019-12-19
1338,Pulp Fiction,Miramax,Quentin Tarantino,Crime,1994,154,High,R,2,2024-06-01
1086,The Lord of the Rings: The Return of the King,New Line Cinema,Peter Jackson,Sci-Fi,2003,201,High,PG-13,4,2025-08-15
1020,Fight Club,20th Century Fox,David Fincher,Romance,1999,139,High,R,5,2021-12-03
2534,Interstellar,Paramount Pictures,Christopher Nolan,Romance,2014,169,High,PG-13,4,2022-10-23
2324,Fight Club,20th Century Fox,David Fincher,Comedy,1999,139,High,R,5,2019-04-11
2410,The Godfather,Paramount Pictures,Francis Ford Coppola,Crime,1972,175,High,R,3,2018-10-25
509,The Godfather,Paramount Pictures,Francis Ford Coppola,Adventure,1972,175,High,R,1,2016-03-29
2816,The Lord of the Rings: The Return of the King,New Line Cinema,Peter Jackson,Romance,2003,201,High,PG-13,2,2015-08-28
1563,Whiplash,Blumhouse Productions,Damien Chazelle,Adventure,2014,107,Medium,R,2,2022-10-25
289,Moonlight,A24,Barry Jenkins,Drama,2016,111,Medium,R,3,2016-04-09
2442,Forrest Gump,Paramount Pictures,Robert Zemeckis,Sci-Fi,1994,142,High,PG-13,1,2017-07-19
1726,Inception,Warner Bros.,Christopher Nolan,Animation,2010,148,High,PG-13,4,2017-04-28
2109,The Godfather,Paramount Pictures,Francis Ford Coppola,Sci-Fi,1972,175,High,R,2,2016-02-14
229,The Matrix,Warner Bros.,Lana Wachowski,Adventure,1999,136,High,R,3,2021-09-21
2434,The Dark Knight,Warner Bros.,Christopher Nolan,Drama,2008,152,High,PG-13,1,2015-04-12
557,Schindler's List,Universal Pictures,Steven Spielberg,Romance,1993,195,High,R,3,2024-01-19
193,The Godfather,Paramount Pictures,Francis Ford Coppola,Romance,1972,175,High,R,3,2017-01-02
1123,The Godfather,Paramount Pictures,Francis Ford Coppola,Sci-Fi,1972,175,High,R,4,2022-08-27
1767,The Prestige,Warner Bros.,Christopher Nolan,Animation,2006,130,High,PG-13,5,2019-11-17
1786,Forrest Gump,Paramount Pictures,Robert Zemeckis,Drama,1994,142,High,PG-13,3,2023-11-07
1736,The Godfather,Paramount Pictures,Francis Ford Coppola,Drama,1972,175,High,R,3,2018-07-13
2202,Mad Max: Fury Road,Warner Bros.,George Miller,Fantasy,2015,120,Medium,R,4,2018-10-24
1264,No Country for Old Men,Mirage Enterprises,Ethan Coen,Romance,2007,122,High,R,4,2023-10-11
2075,The Departed,Warner Bros.,Martin Scorsese,Thriller,2006,151,High,R,2,2023-10-06
994,Saving Private Ryan,DreamWorks/Amblin,Steven Spielberg,Drama,1998,169,High,R,4,2016-06-19
1657,La La Land,Summit Entertainment,Damien Chazelle,Adventure,2016,128,High,PG-13,3,2023-12-17
1716,The Green Mile,Castle Rock Entertainment,Frank Darabont,Action,1999,189,High,R,2,2023-08-22
1625,The Dark Knight,Warner Bros.,Christopher Nolan,Comedy,2008,152,High,PG-13,1,2016-03-20
938,The Silence of the Lambs,Orion Pictures,Jonathan Demme,Romance,1991,118,Medium,R,5,2018-11-22
765,Blade Runner 2049,Warner Bros.,Denis Villeneuve,Drama,2017,164,High,R,4,2016-10-18
1852,The Shawshank Redemption,Castle Rock Entertainment,Frank Darabont,Action,1994,142,High,R,3,2017-01-11
1644,Pulp Fiction,Miramax,Quentin Tarantino,Fantasy,1994,154,High,R,4,2018-06-26
1599,The Shawshank Redemption,Castle Rock Entertainment,Frank Darabont,Adventure,1994,142,High,R,5,2015-10-03
2905,The Shawshank Redemption,Castle Rock Entertainment,Frank Darabont,Crime,1994,142,High,R,2,2018-02-24
2062,The Usual Suspects,Gramercy Pictures,Bryan Singer,Crime,1995,106,Medium,R,3,2025-03-19
2118,American Beauty,DreamWorks,Sam Mendes,Comedy,1999,122,High,R,5,2023-12-09
2199,The Silence of the Lambs,Orion Pictures,Jonathan Demme,Drama,1991,118,Medium,R,1,2023-07-12
1623,The Shawshank Redemption,Castle Rock Entertainment,Frank Darabont,Fantasy,1994,142,High,R,5,2020-10-15
803,Forrest Gump,Paramount Pictures,Robert Zemeckis,Fantasy,1994,142,High,PG-13,5,2016-06-07
1468,The Green Mile,Castle Rock Entertainment,Frank Darabont,Action,1999,189,High,R,5,2021-09-05
553,Pulp Fiction,Miramax,Quentin Tarantino,Drama,1994,154,High,R,3,2020-01-02
673,Django Unchained,Columbia Pictures,Quentin Tarantino,Sci-Fi,2012,165,High,R,3,2024-07-24
2992,The Silence of the Lambs,Orion Pictures,Jonathan Demme,Sci-Fi,1991,118,Medium,R,1,2016-08-26
2166,The Shawshank Redemption,Castle Rock Entertainment,Frank Darabont,Action,1994,142,High,R,1,2017-04-15
1762,The Godfather,Paramount Pictures,Francis Ford Coppola,Fantasy,1972,175,High,R,3,2017-07-22
2181,The Dark Knight,Warner Bros.,Christopher Nolan,Romance,2008,152,High,PG-13,4,2024-09-18
2604,The Shawshank Redemption,Castle Rock Entertainment,Frank Darabont,Animation,1994,142,High,R,3,2025-12-02
1269,The Shawshank Redemption,Castle Rock Entertainment,Frank Darabont,Comedy,1994,142,High,R,5,2016-12-17
1329,The Shawshank Redemption,Castle Rock Entertainment,Frank Darabont,Animation,1994,142,High,R,2,2020-08-24
129,The Grand Budapest Hotel,Fox Searchlight,Wes Anderson,Adventure,2014,99,Medium,R,3,2015-07-13
2674,The Empire Strikes Back,Lucasfilm,Irvin Kershner,Sci-Fi,1980,124,High,PG,3,2018-06-05
597,The Dark Knight,Warner Bros.,Christopher Nolan,Fantasy,2008,152,High,PG-13,3,2023-04-19
793,The Green Mile,Castle Rock Entertainment,Frank Darabont,Crime,1999,189,High,R,1,2016-07-27
2201,The Shawshank Redemption,Castle Rock Entertainment,Frank Darabont,Fantasy,1994,142,High,R,3,2023-08-19
348,The Lord of the Rings: The Return of the King,New Line Cinema,Peter Jackson,Fantasy,2003,201,High,PG-13,5,2023-03-24
2722,Pulp Fiction,Miramax,Quentin Tarantino,Sci-Fi,1994,154,High,R,2,2017-09-21
126,The Godfather,Paramount Pictures,Francis Ford Coppola,Action,1972,175,High,R,4,2016-11-26
2807,The Shawshank Redemption,Castle Rock Entertainment,Frank Darabont,Animation,1994,142,High,R,5,2019-04-04
2926,The Shawshank Redemption,Castle Rock Entertainment,Frank Darabont,Crime,1994,142,High,R,4,2018-12-19
276,The Shawshank Redemption,Castle Rock Entertainment,Frank Darabont,Animation,1994,142,High,R,1,2023-12-26
171,The Lord of the Rings: The Return of the King,New Line Cinema,Peter Jackson,Sci-Fi,2003,201,High,PG-13,2,2024-04-09
2494,The Godfather,Paramount Pictures,Francis Ford Coppola,Thriller,1972,175,High,R,1,2019-05-03
2234,Django Unchained,Columbia Pictures,Quentin Tarantino,Thriller,2012,165,High,R,3,2023-01-24
940,Forrest Gump,Paramount Pictures,Robert Zemeckis,Action,1994,142,High,PG-13,3,2021-12-31
147,The Godfather,Paramount Pictures,Francis Ford Coppola,Thriller,1972,175,High,R,3,2015-02-18
2930,La La Land,Summit Entertainment,Damien Chazelle,Crime,2016,128,High,PG-13,5,2015-10-11
1174,The Green Mile,Castle Rock Entertainment,Frank Darabont,Fantasy,1999,189,High,R,4,2020-08-31
706,Inception,Warner Bros.,Christopher Nolan,Crime,2010,148,High,PG-13,4,2018-11-15
1073,The Godfather,Paramount Pictures,Francis Ford Coppola,Comedy,1972,175,High,R,3,2017-12-07
2192,Pulp Fiction,Miramax,Quentin Tarantino,Animation,1994,154,High,R,2,2024-03-10
2538,The Grand Budapest Hotel,Fox Searchlight,Wes Anderson,Crime,2014,99,Medium,R,4,2021-10-04
2629,The Shawshank Redemption,Castle Rock Entertainment,Frank Darabont,Animation,1994,142,High,R,1,2015-03-05
2441,The Empire Strikes Back,Lucasfilm,Irvin Kershner,Adventure,1980,124,High,PG,2,2022-03-21
2058,The Shawshank Redemption,Castle Rock Entertainment,Frank Darabont,Animation,1994,142,High,R,4,2025-10-08
1582,Inception,Warner Bros.,Christopher Nolan,Comedy,2010,148,High,PG-13,5,2023-03-31
2402,Saving Private Ryan,DreamWorks/Amblin,Steven Spielberg,Romance,1998,169,High,R,5,2019-10-10
1254,Inception,Warner Bros.,Christopher Nolan,Action,2010,148,High,PG-13,5,2015-09-07
2880,Django Unchained,Columbia Pictures,Quentin Tarantino,Adventure,2012,165,High,R,4,2021-06-28
1841,The Shawshank Redemption,Castle Rock Entertainment,Frank Darabont,Fantasy,1994,142,High,R,1,2018-01-28
150,The Empire Strikes Back,Lucasfilm,Irvin Kershner,Comedy,1980,124,High,PG,4,2017-08-10
1562,American Beauty,DreamWorks,Sam Mendes,Romance,1999,122,High,R,5,2023-05-21
835,Gladiator,DreamWorks Pictures,Ridley Scott,Action,2000,155,High,R,3,2016-06-25
667,Back to the Future,Universal Pictures,Robert Zemeckis,Thriller,1985,116,Medium,PG,5,2020-01-16
423,Inception,Warner Bros.,Christopher Nolan,Thriller,2010,148,High,PG-13,5,2023-11-20
124,The Shawshank Redemption,Castle Rock Entertainment,Frank Darabont,Crime,1994,142,High,R,5,2020-08-09
707,The Dark Knight,Warner Bros.,Christopher Nolan,Action,2008,152,High,PG-13,5,2017-05-10
2368,Inception,Warner Bros.,Christopher Nolan,Animation,2010,148,High,PG-13,1,2022-12-25
497,Fight Club,20th Century Fox,David Fincher,Thriller,1999,139,High,R,2,2016-08-19
943,The Shawshank Redemption,Castle Rock Entertainment,Frank Darabont,Crime,1994,142,High,R,1,2017-01-28
2834,The Shawshank Redemption,Castle Rock Entertainment,Frank Darabont,Drama,1994,142,High,R,1,2015-09-16
470,Inception,Warner Bros.,Christopher Nolan,Fantasy,2010,148,High,PG-13,4,2019-04-04
2587,The Shawshank Redemption,Castle Rock Entertainment,Frank Darabont,Drama,1994,142,High,R,5,2024-06-07
1583,The Matrix,Warner Bros.,Lana Wachowski,Animation,1999,136,High,R,4,2023-01-07
1211,The Shawshank Redemption,Castle Rock Entertainment,Frank Darabont,Animation,1994,142,High,R,1,2024-03-03
253,The Shawshank Redemption,Castle Rock Entertainment,Frank Darabont,Sci-Fi,1994,142,High,R,1,2018-03-28
1308,Joker,Warner Bros.,Todd Phillips,Thriller,2019,122,High,R,5,2018-03-31
195,Schindler's List,Universal Pictures,Steven Spielberg,Crime,1993,195,High,R,5,2020-09-21
2255,The Prestige,Warner Bros.,Christopher Nolan,Comedy,2006,130,High,PG-13,4,2023-10-13
1674,The Silence of the Lambs,Orion Pictures,Jonathan Demme,Thriller,1991,118,Medium,R,3,2018-06-21
2771,Mad Max: Fury Road,Warner Bros.,George Miller,Romance,2015,120,Medium,R,3,2024-05-01
70,The Prestige,Warner Bros.,Christopher Nolan,Drama,2006,130,High,PG-13,1,2017-03-24
1516,Pulp Fiction,Miramax,Quentin Tarantino,Sci-Fi,1994,154,High,R,2,2015-01-15
2410,The Lion King,Walt Disney Pictures,Roger Allers,Comedy,1994,88,Low,G,3,2025-09-06
2823,The Dark Knight,Warner Bros.,Christopher Nolan,Crime,2008,152,High,PG-13,3,2015-03-22
1101,The Shawshank Redemption,Castle Rock Entertainment,Frank Darabont,Sci-Fi,1994,142,High,R,4,2019-09-25
1520,The Shawshank Redemption,Castle Rock Entertainment,Frank Darabont,Drama,1994,142,High,R,4,2025-04-10
921,The Godfather,Paramount Pictures,Francis Ford Coppola,Crime,1972,175,High,R,1,2022-11-23
1327,Heat,Warner Bros.,Michael Mann,Drama,1995,170,High,R,4,2021-01-27
2534,The Shawshank Redemption,Castle Rock Entertainment,Frank Darabont,Romance,1994,142,High,R,5,2018-01-06
1505,Forrest Gump,Paramount Pictures,Robert Zemeckis,Animation,1994,142,High,PG-13,5,2015-03-03
2246,The Departed,Warner Bros.,Martin Scorsese,Thriller,2006,151,High,R,4,2019-09-16
2189,The Shawshank Redemption,Castle Rock Entertainment,Frank Darabont,Animation,1994,142,High,R,2,2019-03-28
653,Titanic,Paramount Pictures,James Cameron,Romance,1997,195,High,PG-13,5,2019-07-18
959,The Dark Knight,Warner Bros.,Christopher Nolan,Fantasy,2008,152,High,PG-13,1,2020-12-02
2603,Inception,Warner Bros.,Christopher Nolan,Animation,2010,148,High,PG-13,5,2020-10-31
2706,Fight Club,20th Century Fox,David Fincher,Fantasy,1999,139,High,R,5,2022-08-25
126,The Silence of the Lambs,Orion Pictures,Jonathan Demme,Romance,1991,118,Medium,R,1,2019-01-31
1487,The Dark Knight,Warner Bros.,Christopher Nolan,Romance,2008,152,High,PG-13,4,2017-01-09
1545,Pulp Fiction,Miramax,Quentin Tarantino,Crime,1994,154,High,R,5,2020-02-05
92,The Shawshank Redemption,Castle Rock Entertainment,Frank Darabont,Romance,1994,142,High,R,2,2016-06-02
2874,The King's Speech,The Weinstein Company,Tom Hooper,Action,2010,118,Medium,R,4,2024-11-18
2585,The Departed,Warner Bros.,Martin Scorsese,Adventure,2006,151,High,R,4,2024-07-10
61,Inception,Warner Bros.,Christopher Nolan,Animation,2010,148,High,PG-13,2,2019-04-07
24,The Godfather,Paramount Pictures,Francis Ford Coppola,Crime,1972,175,High,R,5,2024-08-02
571,Se7en,New Line Cinema,David Fincher,Romance,1995,127,High,R,3,2025-06-24
2091,The Pianist,Focus Features,Roman Polanski,Fantasy,2002,150,High,R,3,2018-10-06
1872,The Godfather,Paramount Pictures,Francis Ford Coppola,Crime,1972,175,High,R,4,2020-06-16
1216,The Godfather,Paramount Pictures,Francis Ford Coppola,Crime,1972,175,High,R,2,2020-06-22
2220,The Dark Knight,Warner Bros.,Christopher Nolan,Action,2008,152,High,PG-13,1,2016-01-31
377,The Empire Strikes Back,Lucasfilm,Irvin Kershner,Animation,1980,124,High,PG,2,2018-02-22
565,The Lord of the Rings: The Return of the King,New Line Cinema,Peter Jackson,Romance,2003,201,High,PG-13,4,2025-07-17
2471,Pulp Fiction,Miramax,Quentin Tarantino,Action,1994,154,High,R,2,2016-07-31
305,The King's Speech,The Weinstein Company,Tom Hooper,Adventure,2010,118,Medium,R,5,2021-08-03
541,Pulp Fiction,Miramax,Quentin Tarantino,Comedy,1994,154,High,R,3,2017-12-27
1203,The Shawshank Redemption,Castle Rock Entertainment,Frank Darabont,Animation,1994,142,High,R,3,2022-08-21
2072,The Dark Knight,Warner Bros.,Christopher Nolan,Drama,2008,152,High,PG-13,3,2019-11-18
1504,The Shawshank Redemption,Castle Rock Entertainment,Frank Darabont,Romance,1994,142,High,R,2,2016-06-01
204,Forrest Gump,Paramount Pictures,Robert Zemeckis,Drama,1994,142,High,PG-13,5,2015-03-15
2885,The Shawshank Redemption,Castle Rock Entertainment,Frank Darabont,Sci-Fi,1994,142,High,R,2,2025-05-18
217,There Will Be Blood,Paramount Vantage,Paul Thomas Anderson,Sci-Fi,2007,158,High,R,3,2025-08-29
1926,Pulp Fiction,Miramax,Quentin Tarantino,Thriller,1994,154,High,R,2,2018-02-14
2294,Django Unchained,Columbia Pictures,Quentin Tarantino,Animation,2012,165,High,R,2,2025-04-24
365,The Lord of the Rings: The Return of the King,New Line Cinema,Peter Jackson,Comedy,2003,201,High,PG-13,1,2015-08-28
2822,Forrest Gump,Paramount Pictures,Robert Zemeckis,Animation,1994,142,High,PG-13,2,2016-10-21
559,The Godfather,Paramount Pictures,Francis Ford Coppola,Fantasy,1972,175,High,R,2,2016-01-05
2222,Django Unchained,Columbia Pictures,Quentin Tarantino,Crime,2012,165,High,R,4,2025-07-23
270,Blade Runner 2049,Warner Bros.,Denis Villeneuve,Adventure,2017,164,High,R,1,2020-05-26
2860,The Shawshank Redemption,Castle Rock Entertainment,Frank Darabont,Adventure,1994,142,High,R,5,2022-03-12
2353,Se7en,New Line Cinema,David Fincher,Drama,1995,127,High,R,1,2016-04-20
1900,The Dark Knight,Warner Bros.,Christopher Nolan,Drama,2008,152,High,PG-13,5,2016-12-30
762,Moonlight,A24,Barry Jenkins,Crime,2016,111,Medium,R,1,2018-07-14
1805,Pulp Fiction,Miramax,Quentin Tarantino,Drama,1994,154,High,R,3,2017-07-20
180,The Shawshank Redemption,Castle Rock Entertainment,Frank Darabont,Romance,1994,142,High,R,2,2017-03-28
1286,The Shawshank Redemption,Castle Rock Entertainment,Frank Darabont,Crime,1994,142,High,R,4,2021-08-28
2870,The Empire Strikes Back,Lucasfilm,Irvin Kershner,Drama,1980,124,High,PG,4,2017-11-16
1280,Back to the Future,Universal Pictures,Robert Zemeckis,Crime,1985,116,Medium,PG,5,2021-06-09
2646,Fight Club,20th Century Fox,David Fincher,Adventure,1999,139,High,R,3,2017-07-18
1693,The Shawshank Redemption,Castle Rock Entertainment,Frank Darabont,Romance,1994,142,High,R,5,2020-04-02
1689,The Matrix,Warner Bros.,Lana Wachowski,Romance,1999,136,High,R,2,2024-09-13
1935,The Dark Knight,Warner Bros.,Christopher Nolan,Romance,2008,152,High,PG-13,3,2018-02-16
2558,The Departed,Warner Bros.,Martin Scorsese,Sci-Fi,2006,151,High,R,1,2025-10-04
1943,The Prestige,Warner Bros.,Christopher Nolan,Animation,2006,130,High,PG-13,2,2025-12-17
874,The Shawshank Redemption,Castle Rock Entertainment,Frank Darabont,Comedy,1994,142,High,R,5,2015-12-05
1362,There Will Be Blood,Paramount Vantage,Paul Thomas Anderson,Crime,2007,158,High,R,1,2017-11-22
2502,The Shawshank Redemption,Castle Rock Entertainment,Frank Darabont,Adventure,1994,142,High,R,5,2022-06-12
1216,The Dark Knight,Warner Bros.,Christopher Nolan,Action,2008,152,High,PG-13,1,2020-04-02
2147,The Shawshank Redemption,Castle Rock Entertainment,Frank Darabont,Adventure,1994,142,High,R,4,2017-11-14
621,The Departed,Warner Bros.,Martin Scorsese,Thriller,2006,151,High,R,3,2024-10-09
1119,Pulp Fiction,Miramax,Quentin Tarantino,Drama,1994,154,High,R,4,2024-08-31
1759,Spirited Away,Studio Ghibli,Hayao Miyazaki,Sci-Fi,2001,125,High,PG,1,2023-05-11
2940,Pulp Fiction,Miramax,Quentin Tarantino,Romance,1994,154,High,R,5,2017-06-16
800,The Avengers,Marvel Studios,Joss Whedon,Comedy,2012,143,High,PG-13,5,2020-08-23
934,Fight Club,20th Century Fox,David Fincher,Action,1999,139,High,R,3,2023-12-22
565,The Dark Knight,Warner Bros.,Christopher Nolan,Comedy,2008,152,High,PG-13,4,2025-04-05
1825,Inception,Warner Bros.,Christopher Nolan,Adventure,2010,148,High,PG-13,3,2015-08-06
1475,American Beauty,DreamWorks,Sam Mendes,Comedy,1999,122,High,R,1,2019-05-31
1492,Pulp Fiction,Miramax,Quentin Tarantino,Adventure,1994,154,High,R,3,2015-11-24
749,Toy Story,Pixar,John Lasseter,Action,1995,81,Low,G,2,2021-05-01
2216,Titanic,Paramount Pictures,James Cameron,Drama,1997,195,High,PG-13,5,2015-05-20
2021,The Pianist,Focus Features,Roman Polanski,Adventure,2002,150,High,R,1,2015-06-24
2458,The Silence of the Lambs,Orion Pictures,Jonathan Demme,Comedy,1991,118,Medium,R,1,2022-06-21
342,The Shawshank Redemption,Castle Rock Entertainment,Frank Darabont,Thriller,1994,142,High,R,1,2025-08-31
1589,The Avengers,Marvel Studios,Joss Whedon,Fantasy,2012,143,High,PG-13,5,2025-07-22
1209,The Shawshank Redemption,Castle Rock Entertainment,Frank Darabont,Drama,1994,142,High,R,2,2018-09-07
2813,Gladiator,DreamWorks Pictures,Ridley Scott,Fantasy,2000,155,High,R,4,2015-08-10
2938,Interstellar,Paramount Pictures,Christopher Nolan,Action,2014,169,High,PG-13,1,2019-07-22
1098,The Lord of the Rings: The Return of the King,New Line Cinema,Peter Jackson,Thriller,2003,201,High,PG-13,3,2024-03-02
339,Interstellar,Paramount Pictures,Christopher Nolan,Crime,2014,169,High,PG-13,2,2015-01-03
1286,Schindler's List,Universal Pictures,Steven Spielberg,Action,1993,195,High,R,4,2025-02-07
244,Whiplash,Blumhouse Productions,Damien Chazelle,Romance,2014,107,Medium,R,3,2024-10-11
1309,The Shawshank Redemption,Castle Rock Entertainment,Frank Darabont,Sci-Fi,1994,142,High,R,1,2015-11-20
1422,The Shawshank Redemption,Castle Rock Entertainment,Frank Darabont,Thriller,1994,142,High,R,2,2025-03-02
2596,Up,Pixar,Pete Docter,Romance,2009,96,Medium,PG,3,2019-12-08
1158,Moonlight,A24,Barry Jenkins,Adventure,2016,111,Medium,R,1,2019-11-30
1815,The Shawshank Redemption,Castle Rock Entertainment,Frank Darabont,Fantasy,1994,142,High,R,1,2023-07-31
2256,Gladiator,DreamWorks Pictures,Ridley Scott,Action,2000,155,High,R,4,2021-09-02
1500,The Shawshank Redemption,Castle Rock Entertainment,Frank Darabont,Adventure,1994,142,High,R,5,2022-07-23
40,The Silence of the Lambs,Orion Pictures,Jonathan Demme,Thriller,1991,118,Medium,R,1,2015-07-17
1246,The Usual Suspects,Gramercy Pictures,Bryan Singer,Comedy,1995,106,Medium,R,5,2017-06-04
2372,The Departed,Warner Bros.,Martin Scorsese,Drama,2006,151,High,R,2,2022-09-27
129,The Shawshank Redemption,Castle Rock Entertainment,Frank Darabont,Comedy,1994,142,High,R,3,2016-05-31
2506,The Grand Budapest Hotel,Fox Searchlight,Wes Anderson,Sci-Fi,2014,99,Medium,R,1,2020-09-05
2224,Interstellar,Paramount Pictures,Christopher Nolan,Comedy,2014,169,High,PG-13,1,2015-10-22
907,The Godfather,Paramount Pictures,Francis Ford Coppola,Romance,1972,175,High,R,1,2025-09-18
714,Heat,Warner Bros.,Michael Mann,Adventure,1995,170,High,R,5,2021-11-30
998,Toy Story,Pixar,John Lasseter,Adventure,1995,81,Low,G,3,2023-07-10
188,Avengers: Endgame,Marvel Studios,Anthony Russo,Romance,2019,181,High,PG-13,3,2016-08-23
1670,The Dark Knight,Warner Bros.,Christopher Nolan,Crime,2008,152,High,PG-13,1,2015-08-31
2639,Up,Pixar,Pete Docter,Romance,2009,96,Medium,PG,5,2015-02-23
2243,The Shawshank Redemption,Castle Rock Entertainment,Frank Darabont,Romance,1994,142,High,R,4,2025-07-29
1800,The Shawshank Redemption,Castle Rock Entertainment,Frank Darabont,Animation,1994,142,High,R,4,2023-01-16
2052,Forrest Gump,Paramount Pictures,Robert Zemeckis,Drama,1994,142,High,PG-13,2,2020-05-15
794,The Godfather,Paramount Pictures,Francis Ford Coppola,Action,1972,175,High,R,2,2022-06-05
2863,Fight Club,20th Century Fox,David Fincher,Comedy,1999,139,High,R,3,2021-07-07
12,Up,Pixar,Pete Docter,Adventure,2009,96,Medium,PG,2,2015-03-26
644,The Dark Knight,Warner Bros.,Christopher Nolan,Fantasy,2008,152,High,PG-13,4,2023-07-05
2593,The Dark Knight,Warner Bros.,Christopher Nolan,Drama,2008,152,High,PG-13,2,2016-10-20
871,The Dark Knight,Warner Bros.,Christopher Nolan,Drama,2008,152,High,PG-13,1,2020-07-13
1603,The Usual Suspects,Gramercy Pictures,Bryan Singer,Adventure,1995,106,Medium,R,3,2016-06-16
1044,The Shawshank Redemption,Castle Rock Entertainment,Frank Darabont,Crime,1994,142,High,R,4,2021-01-09
2346,The Shawshank Redemption,Castle Rock Entertainment,Frank Darabont,Drama,1994,142,High,R,2,2022-06-02
907,Interstellar,Paramount Pictures,Christopher Nolan,Action,2014,169,High,PG-13,2,2023-11-07
131,The Godfather,Paramount Pictures,Francis Ford Coppola,Crime,1972,175,High,R,1,2015-03-04
1001,Fight Club,20th Century Fox,David Fincher,Sci-Fi,1999,139,High,R,1,2018-12-29
1696,The Shawshank Redemption,Castle Rock Entertainment,Frank Darabont,Animation,1994,142,High,R,5,2025-03-30
478,Inception,Warner Bros.,Christopher Nolan,Thriller,2010,148,High,PG-13,1,2016-09-12
558,The Shawshank Redemption,Castle Rock Entertainment,Frank Darabont,Sci-Fi,1994,142,High,R,4,2017-06-19
2779,The Lord of the Rings: The Return of the King,New Line Cinema,Peter Jackson,Drama,2003,201,High,PG-13,3,2025-01-19
2305,The Dark Knight,Warner Bros.,Christopher Nolan,Fantasy,2008,152,High,PG-13,3,2023-06-17
2317,Fight Club,20th Century Fox,David Fincher,Animation,1999,139,High,R,4,2018-08-17
2432,La La Land,Summit Entertainment,Damien Chazelle,Crime,2016,128,High,PG-13,2,2021-08-27
191,The Departed,Warner Bros.,Martin Scorsese,Comedy,2006,151,High,R,2,2019-06-07
734,The Godfather,Paramount Pictures,Francis Ford Coppola,Thriller,1972,175,High,R,4,2022-07-11
1449,Saving Private Ryan,DreamWorks/Amblin,Steven Spielberg,Action,1998,169,High,R,4,2019-02-24
1898,Inception,Warner Bros.,Christopher Nolan,Crime,2010,148,High,PG-13,3,2020-03-07
1823,Moonlight,A24,Barry Jenkins,Romance,2016,111,Medium,R,2,2015-01-05
2924,The Shawshank Redemption,Castle Rock Entertainment,Frank Darabont,Adventure,1994,142,High,R,2,2017-07-13
1768,Se7en,New Line Cinema,David Fincher,Drama,1995,127,High,R,2,2017-02-13
2491,Interstellar,Paramount Pictures,Christopher Nolan,Action,2014,169,High,PG-13,1,2022-04-04
2149,Titanic,Paramount Pictures,James Cameron,Action,1997,195,High,PG-13,1,2018-12-15
2003,The Prestige,Warner Bros.,Christopher Nolan,Animation,2006,130,High,PG-13,5,2025-03-15
1777,Titanic,Paramount Pictures,James Cameron,Adventure,1997,195,High,PG-13,5,2016-01-22
867,The Shawshank Redemption,Castle Rock Entertainment,Frank Darabont,Crime,1994,142,High,R,5,2019-11-24
335,Inception,Warner Bros.,Christopher Nolan,Adventure,2010,148,High,PG-13,5,2021-03-05
1900,Titanic,Paramount Pictures,James Cameron,Adventure,1997,195,High,PG-13,5,2023-05-29
2830,Interstellar,Paramount Pictures,Christopher Nolan,Fantasy,2014,169,High,PG-13,2,2022-11-23
2904,The Shawshank Redemption,Castle Rock Entertainment,Frank Darabont,Animation,1994,142,High,R,5,2015-07-02
2192,The Shawshank Redemption,Castle Rock Entertainment,Frank Darabont,Adventure,1994,142,High,R,2,2020-05-14
2243,The Departed,Warner Bros.,Martin Scorsese,Romance,2006,151,High,R,2,2015-10-03
2384,Spirited Away,Studio Ghibli,Hayao Miyazaki,Romance,2001,125,High,PG,2,2020-09-13
1359,Forrest Gump,Paramount Pictures,Robert Zemeckis,Action,1994,142,High,PG-13,5,2018-02-04
394,Toy Story,Pixar,John Lasseter,Comedy,1995,81,Low,G,1,2022-05-16
1953,Django Unchained,Columbia Pictures,Quentin Tarantino,Action,2012,165,High,R,2,2023-02-06
876,The Shawshank Redemption,Castle Rock Entertainment,Frank Darabont,Drama,1994,142,High,R,2,2021-03-07
937,The Lord of the Rings: The Return of the King,New Line Cinema,Peter Jackson,Animation,2003,201,High,PG-13,2,2022-01-05
364,The Shawshank Redemption,Castle Rock Entertainment,Frank Darabont,Action,1994,142,High,R,1,2017-10-29
866,The Godfather,Paramount Pictures,Francis Ford Coppola,Fantasy,1972,175,High,R,3,2022-05-06
1727,Titanic,Paramount Pictures,James Cameron,Animation,1997,195,High,PG-13,1,2015-09-28
2911,Inside Out,Pixar,Pete Docter,Adventure,2015,95,Medium,PG,5,2021-10-03
2570,The Shawshank Redemption,Castle Rock Entertainment,Frank Darabont,Drama,1994,142,High,R,2,2023-04-02
852,Goodfellas,Warner Bros.,Martin Scorsese,Action,1990,146,High,R,1,2022-02-10
538,Spirited Away,Studio Ghibli,Hayao Miyazaki,Comedy,2001,125,High,PG,2,2017-06-16
521,The Shawshank Redemption,Castle Rock Entertainment,Frank Darabont,Fantasy,1994,142,High,R,4,2019-01-11
2941,Interstellar,Paramount Pictures,Christopher Nolan,Crime,2014,169,High,PG-13,2,2019-03-08
1712,The Shawshank Redemption,Castle Rock Entertainment,Frank Darabont,Action,1994,142,High,R,5,2016-01-19
1622,The Dark Knight,Warner Bros.,Christopher Nolan,Drama,2008,152,High,PG-13,4,2017-11-04
2437,The Shawshank Redemption,Castle Rock Entertainment,Frank Darabont,Drama,1994,142,High,R,3,2023-01-08
1458,The Godfather,Paramount Pictures,Francis Ford Coppola,Fantasy,1972,175,High,R,4,2020-02-26
2201,The Dark Knight,Warner Bros.,Christopher Nolan,Romance,2008,152,High,PG-13,1,2021-11-08
664,The Godfather,Paramount Pictures,Francis Ford Coppola,Crime,1972,175,High,R,1,2022-04-23
2809,Heat,Warner Bros.,Michael Mann,Crime,1995,170,High,R,4,2022-08-28
1549,Spirited Away,Studio Ghibli,Hayao Miyazaki,Crime,2001,125,High,PG,4,2018-05-07
2175,Mad Max: Fury Road,Warner Bros.,George Miller,Drama,2015,120,Medium,R,2,2021-07-12
2217,The Shawshank Redemption,Castle Rock Entertainment,Frank Darabont,Drama,1994,142,High,R,3,2017-10-12
1606,The Lion King,Walt Disney Pictures,Roger Allers,Crime,1994,88,Low,G,5,2019-05-05
832,The Shawshank Redemption,Castle Rock Entertainment,Frank Darabont,Romance,1994,142,High,R,1,2023-12-27
2053,The Pianist,Focus Features,Roman Polanski,Sci-Fi,2002,150,High,R,4,2015-02-27
1510,The Shawshank Redemption,Castle Rock Entertainment,Frank Darabont,Sci-Fi,1994,142,High,R,5,2024-12-03
167,WALL·E,Pixar,Andrew Stanton,Sci-Fi,2008,98,Medium,G,4,2020-03-01
2337,The Dark Knight,Warner Bros.,Christopher Nolan,Sci-Fi,2008,152,High,PG-13,2,2015-12-11
248,Inception,Warner Bros.,Christopher Nolan,Sci-Fi,2010,148,High,PG-13,3,2019-01-21
2688,The Godfather,Paramount Pictures,Francis Ford Coppola,Comedy,1972,175,High,R,3,2018-05-15
805,The Shawshank Redemption,Castle Rock Entertainment,Frank Darabont,Sci-Fi,1994,142,High,R,4,2025-12-26
921,The Empire Strikes Back,Lucasfilm,Irvin Kershner,Romance,1980,124,High,PG,2,2023-01-16
2652,Fight Club,20th Century Fox,David Fincher,Adventure,1999,139,High,R,1,2018-05-23
531,The Lord of the Rings: The Return of the King,New Line Cinema,Peter Jackson,Action,2003,201,High,PG-13,4,2017-02-16
482,The Social Network,Columbia Pictures,David Fincher,Sci-Fi,2010,120,Medium,PG-13,2,2019-11-13
1684,The Shawshank Redemption,Castle Rock Entertainment,Frank Darabont,Action,1994,142,High,R,3,2017-06-05
1314,Schindler's List,Universal Pictures,Steven Spielberg,Adventure,1993,195,High,R,5,2022-10-19
2109,The Godfather,Paramount Pictures,Francis Ford Coppola,Action,1972,175,High,R,1,2022-08-13
2020,The Social Network,Columbia Pictures,David Fincher,Drama,2010,120,Medium,PG-13,5,2023-03-30
2551,Alien,20th Century Fox,Ridley Scott,Romance,1979,117,Medium,R,5,2016-02-06
1275,"Crouching Tiger, Hidden Dragon",Sony Pictures Classics,Ang Lee,Action,2000,120,Medium,PG-13,2,2023-02-14
2797,Avengers: Endgame,Marvel Studios,Anthony Russo,Crime,2019,181,High,PG-13,5,2021-05-27
1388,The Dark Knight,Warner Bros.,Christopher Nolan,Thriller,2008,152,High,PG-13,2,2021-04-11
1888,Saving Private Ryan,DreamWorks/Amblin,Steven Spielberg,Action,1998,169,High,R,3,2025-08-15
236,Inside Out,Pixar,Pete Docter,Action,2015,95,Medium,PG,3,2022-06-23
1068,The Dark Knight,Warner Bros.,Christopher Nolan,Thriller,2008,152,High,PG-13,2,2017-10-02
323,Alien,20th Century Fox,Ridley Scott,Drama,1979,117,Medium,R,2,2015-11-14
1662,Gladiator,DreamWorks Pictures,Ridley Scott,Adventure,2000,155,High,R,5,2020-08-07
1913,The Shawshank Redemption,Castle Rock Entertainment,Frank Darabont,Comedy,1994,142,High,R,3,2024-09-07
1101,Whiplash,Blumhouse Productions,Damien Chazelle,Sci-Fi,2014,107,Medium,R,5,2022-07-28
2917,Forrest Gump,Paramount Pictures,Robert Zemeckis,Fantasy,1994,142,High,PG-13,4,2021-07-31
817,No Country for Old Men,Mirage Enterprises,Ethan Coen,Comedy,2007,122,High,R,3,2025-08-14
2312,The Dark Knight,Warner Bros.,Christopher Nolan,Thriller,2008,152,High,PG-13,4,2019-02-27
2983,Forrest Gump,Paramount Pictures,Robert Zemeckis,Comedy,1994,142,High,PG-13,4,2019-05-03
261,The Matrix,Warner Bros.,Lana Wachowski,Animation,1999,136,High,R,4,2025-10-16
726,Pulp Fiction,Miramax,Quentin Tarantino,Comedy,1994,154,High,R,2,2015-11-20
2858,The Dark Knight,Warner Bros.,Christopher Nolan,Adventure,2008,152,High,PG-13,1,2021-01-02
2533,Avengers: Endgame,Marvel Studios,Anthony Russo,Romance,2019,181,High,PG-13,3,2025-05-18
1400,Joker,Warner Bros.,Todd Phillips,Comedy,2019,122,High,R,5,2015-12-25
1324,The Shawshank Redemption,Castle Rock Entertainment,Frank Darabont,Sci-Fi,1994,142,High,R,5,2016-08-07
1627,The Prestige,Warner Bros.,Christopher Nolan,Adventure,2006,130,High,PG-13,5,2019-04-11
982,The Godfather,Paramount Pictures,Francis Ford Coppola,Fantasy,1972,175,High,R,2,2016-04-07
1508,The Shawshank Redemption,Castle Rock Entertainment,Frank Darabont,Comedy,1994,142,High,R,2,2017-09-08
744,Whiplash,Blumhouse Productions,Damien Chazelle,Romance,2014,107,Medium,R,1,2017-12-24
1085,The Dark Knight,Warner Bros.,Christopher Nolan,Comedy,2008,152,High,PG-13,1,2022-06-27
645,Schindler's List,Universal Pictures,Steven Spielberg,Romance,1993,195,High,R,2,2017-10-12
1298,The Pianist,Focus Features,Roman Polanski,Crime,2002,150,High,R,3,2023-09-17
2321,Moonlight,A24,Barry Jenkins,Thriller,2016,111,Medium,R,1,2020-01-29
2789,Pulp Fiction,Miramax,Quentin Tarantino,Fantasy,1994,154,High,R,2,2016-03-03
2811,There Will Be Blood,Paramount Vantage,Paul Thomas Anderson,Drama,2007,158,High,R,5,2022-03-29
1460,Titanic,Paramount Pictures,James Cameron,Fantasy,1997,195,High,PG-13,5,2024-03-20
1509,The Truman Show,Paramount Pictures,Peter Weir,Action,1998,103,Medium,PG,1,2015-11-22
2282,Titanic,Paramount Pictures,James Cameron,Fantasy,1997,195,High,PG-13,1,2025-04-10
2695,The Godfather,Paramount Pictures,Francis Ford Coppola,Action,1972,175,High,R,2,2019-01-25
2071,The Godfather,Paramount Pictures,Francis Ford Coppola,Action,1972,175,High,R,4,2024-12-21
2787,Saving Private Ryan,DreamWorks/Amblin,Steven Spielberg,Comedy,1998,169,High,R,3,2024-06-19
2037,Schindler's List,Universal Pictures,Steven Spielberg,Fantasy,1993,195,High,R,1,2016-04-05
2167,The Shawshank Redemption,Castle Rock Entertainment,Frank Darabont,Action,1994,142,High,R,1,2022-10-03
1822,Pulp Fiction,Miramax,Quentin Tarantino,Adventure,1994,154,High,R,2,2017-06-30
1640,Forrest Gump,Paramount Pictures,Robert Zemeckis,Action,1994,142,High,PG-13,5,2019-10-28
1918,The Empire Strikes Back,Lucasfilm,Irvin Kershner,Sci-Fi,1980,124,High,PG,2,2017-03-09
192,The Shawshank Redemption,Castle Rock Entertainment,Frank Darabont,Comedy,1994,142,High,R,1,2022-03-29
1800,Blade Runner 2049,Warner Bros.,Denis Villeneuve,Adventure,2017,164,High,R,2,2024-02-15
1506,"Crouching Tiger, Hidden Dragon",Sony Pictures Classics,Ang Lee,Crime,2000,120,Medium,PG-13,1,2025-05-27
104,The Godfather,Paramount Pictures,Francis Ford Coppola,Animation,1972,175,High,R,1,2015-05-29
525,The Truman Show,Paramount Pictures,Peter Weir,Fantasy,1998,103,Medium,PG,2,2023-03-07
2714,The Shawshank Redemption,Castle Rock Entertainment,Frank Darabont,Action,1994,142,High,R,3,2020-03-11
109,The Social Network,Columbia Pictures,David Fincher,Thriller,2010,120,Medium,PG-13,1,2019-10-09
506,The Lord of the Rings: The Return of the King,New Line Cinema,Peter Jackson,Thriller,2003,201,High,PG-13,5,2022-10-06
2571,The Departed,Warner Bros.,Martin Scorsese,Thriller,2006,151,High,R,4,2020-12-07
144,Interstellar,Paramount Pictures,Christopher Nolan,Fantasy,2014,169,High,PG-13,2,2025-03-09
1417,The Shawshank Redemption,Castle Rock Entertainment,Frank Darabont,Thriller,1994,142,High,R,4,2021-12-24
1601,The Dark Knight,Warner Bros.,Christopher Nolan,Action,2008,152,High,PG-13,5,2023-09-12
764,The Shawshank Redemption,Castle Rock Entertainment,Frank Darabont,Drama,1994,142,High,R,5,2022-03-26
524,The Matrix,Warner Bros.,Lana Wachowski,Fantasy,1999,136,High,R,2,2018-11-09
2701,Gladiator,DreamWorks Pictures,Ridley Scott,Romance,2000,155,High,R,3,2024-04-11
618,The Empire Strikes Back,Lucasfilm,Irvin Kershner,Thriller,1980,124,High,PG,2,2016-11-23
2523,The Silence of the Lambs,Orion Pictures,Jonathan Demme,Fantasy,1991,118,Medium,R,2,2022-11-04
714,The Shawshank Redemption,Castle Rock Entertainment,Frank Darabont,Animation,1994,142,High,R,5,2021-10-26
2841,The Shawshank Redemption,Castle Rock Entertainment,Frank Darabont,Adventure,1994,142,High,R,4,2022-10-02
530,Back to the Future,Universal Pictures,Robert Zemeckis,Thriller,1985,116,Medium,PG,3,2017-07-12
1434,The Godfather,Paramount Pictures,Francis Ford Coppola,Sci-Fi,1972,175,High,R,1,2020-09-08
201,WALL·E,Pixar,Andrew Stanton,Fantasy,2008,98,Medium,G,4,2016-01-11
768,Fight Club,20th Century Fox,David Fincher,Fantasy,1999,139,High,R,1,2020-09-25
2072,The Dark Knight,Warner Bros.,Christopher Nolan,Fantasy,2008,152,High,PG-13,1,2023-07-29
405,American Beauty,DreamWorks,Sam Mendes,Thriller,1999,122,High,R,4,2015-06-08
409,The Shawshank Redemption,Castle Rock Entertainment,Frank Darabont,Crime,1994,142,High,R,2,2019-06-12
2287,The Dark Knight,Warner Bros.,Christopher Nolan,Animation,2008,152,High,PG-13,2,2025-01-05
2020,The Empire Strikes Back,Lucasfilm,Irvin Kershner,Action,1980,124,High,PG,1,2025-10-22
1058,Schindler's List,Universal Pictures,Steven Spielberg,Sci-Fi,1993,195,High,R,3,2020-12-27
1813,Whiplash,Blumhouse Productions,Damien Chazelle,Fantasy,2014,107,Medium,R,2,2018-08-21
888,Se7en,New Line Cinema,David Fincher,Action,1995,127,High,R,2,2017-05-09
662,The Usual Suspects,Gramercy Pictures,Bryan Singer,Action,1995,106,Medium,R,2,2025-09-05
435,The Truman Show,Paramount Pictures,Peter Weir,Animation,1998,103,Medium,PG,1,2022-02-12
1418,Se7en,New Line Cinema,David Fincher,Comedy,1995,127,High,R,3,2016-09-22
2724,Fight Club,20th Century Fox,David Fincher,Romance,1999,139,High,R,2,2023-01-17
1449,Heat,Warner Bros.,Michael Mann,Action,1995,170,High,R,2,2023-03-27
2532,The Dark Knight,Warner Bros.,Christopher Nolan,Sci-Fi,2008,152,High,PG-13,2,2024-03-17
2688,Django Unchained,Columbia Pictures,Quentin Tarantino,Adventure,2012,165,High,R,2,2019-03-03
2603,The Shawshank Redemption,Castle Rock Entertainment,Frank Darabont,Sci-Fi,1994,142,High,R,2,2024-05-05
2654,The Prestige,Warner Bros.,Christopher Nolan,Fantasy,2006,130,High,PG-13,2,2015-10-01
2801,The Shawshank Redemption,Castle Rock Entertainment,Frank Darabont,Drama,1994,142,High,R,3,2019-06-14
968,The Prestige,Warner Bros.,Christopher Nolan,Comedy,2006,130,High,PG-13,1,2024-04-13
2290,The Shawshank Redemption,Castle Rock Entertainment,Frank Darabont,Adventure,1994,142,High,R,2,2024-08-10
609,Alien,20th Century Fox,Ridley Scott,Crime,1979,117,Medium,R,5,2018-08-19
1579,The Shawshank Redemption,Castle Rock Entertainment,Frank Darabont,Crime,1994,142,High,R,2,2023-09-09
1175,The Shawshank Redemption,Castle Rock Entertainment,Frank Darabont,Drama,1994,142,High,R,5,2023-10-19
2950,Schindler's List,Universal Pictures,Steven Spielberg,Thriller,1993,195,High,R,5,2024-04-15
1286,Forrest Gump,Paramount Pictures,Robert Zemeckis,Adventure,1994,142,High,PG-13,4,2015-09-17
1305,Titanic,Paramount Pictures,James Cameron,Fantasy,1997,195,High,PG-13,1,2019-01-20
2565,The Godfather,Paramount Pictures,Francis Ford Coppola,Crime,1972,175,High,R,2,2025-07-04
2951,Schindler's List,Universal Pictures,Steven Spielberg,Adventure,1993,195,High,R,1,2019-10-20
2758,The Godfather,Paramount Pictures,Francis Ford Coppola,Crime,1972,175,High,R,5,2023-08-06
2333,The Dark Knight,Warner Bros.,Christopher Nolan,Sci-Fi,2008,152,High,PG-13,3,2015-03-11
1540,"Crouching Tiger, Hidden Dragon",Sony Pictures Classics,Ang Lee,Crime,2000,120,Medium,PG-13,5,2023-01-31
1847,The Matrix,Warner Bros.,Lana Wachowski,Thriller,1999,136,High,R,5,2018-08-07
1955,Fight Club,20th Century Fox,David Fincher,Adventure,1999,139,High,R,2,2015-09-04
692,Saving Private Ryan,DreamWorks/Amblin,Steven Spielberg,Action,1998,169,High,R,1,2017-11-04
2551,Pulp Fiction,Miramax,Quentin Tarantino,Action,1994,154,High,R,1,2015-10-19
2986,Mad Max: Fury Road,Warner Bros.,George Miller,Fantasy,2015,120,Medium,R,1,2016-07-10
827,Schindler's List,Universal Pictures,Steven Spielberg,Action,1993,195,High,R,3,2015-10-28
1896,Fight Club,20th Century Fox,David Fincher,Sci-Fi,1999,139,High,R,5,2019-07-11
2320,Inception,Warner Bros.,Christopher Nolan,Fantasy,2010,148,High,PG-13,4,2015-05-29
676,Blade Runner,Warner Bros.,Ridley Scott,Fantasy,1982,117,Medium,R,2,2015-10-31
2466,Pulp Fiction,Miramax,Quentin Tarantino,Fantasy,1994,154,High,R,2,2015-11-24
2671,The Usual Suspects,Gramercy Pictures,Bryan Singer,Action,1995,106,Medium,R,2,2019-11-29
1390,The Dark Knight,Warner Bros.,Christopher Nolan,Drama,2008,152,High,PG-13,4,2025-10-03
1947,Interstellar,Paramount Pictures,Christopher Nolan,Animation,2014,169,High,PG-13,5,2021-12-21
2611,Schindler's List,Universal Pictures,Steven Spielberg,Sci-Fi,1993,195,High,R,3,2017-08-29
473,The Pianist,Focus Features,Roman Polanski,Romance,2002,150,High,R,3,2017-04-11
772,The Lord of the Rings: The Return of the King,New Line Cinema,Peter Jackson,Sci-Fi,2003,201,High,PG-13,3,2018-06-18
1372,The Shawshank Redemption,Castle Rock Entertainment,Frank Darabont,Animation,1994,142,High,R,5,2022-02-21
650,The Shawshank Redemption,Castle Rock Entertainment,Frank Darabont,Crime,1994,142,High,R,2,2015-07-07
97,The Shawshank Redemption,Castle Rock Entertainment,Frank Darabont,Crime,1994,142,High,R,3,2024-06-11
1159,Whiplash,Blumhouse Productions,Damien Chazelle,Fantasy,2014,107,Medium,R,4,2018-01-20
29,Fight Club,20th Century Fox,David Fincher,Fantasy,1999,139,High,R,3,2020-05-19
2299,Gladiator,DreamWorks Pictures,Ridley Scott,Drama,2000,155,High,R,2,2019-09-20
2726,Forrest Gump,Paramount Pictures,Robert Zemeckis,Comedy,1994,142,High,PG-13,3,2021-02-09
2345,The Departed,Warner Bros.,Martin Scorsese,Fantasy,2006,151,High,R,4,2018-05-04
365,Pulp Fiction,Miramax,Quentin Tarantino,Fantasy,1994,154,High,R,3,2024-12-03
1424,Pulp Fiction,Miramax,Quentin Tarantino,Thriller,1994,154,High,R,4,2024-12-26
1355,Pulp Fiction,Miramax,Quentin Tarantino,Drama,1994,154,High,R,3,2024-08-14
1290,The Shawshank Redemption,Castle Rock Entertainment,Frank Darabont,Sci-Fi,1994,142,High,R,2,2018-12-16
2412,Interstellar,Paramount Pictures,Christopher Nolan,Fantasy,2014,169,High,PG-13,2,2015-06-04
2526,Goodfellas,Warner Bros.,Martin Scorsese,Comedy,1990,146,High,R,5,2019-10-14
451,The Shawshank Redemption,Castle Rock Entertainment,Frank Darabont,Fantasy,1994,142,High,R,4,2015-11-20
2332,The Grand Budapest Hotel,Fox Searchlight,Wes Anderson,Romance,2014,99,Medium,R,3,2016-07-16
203,Interstellar,Paramount Pictures,Christopher Nolan,Thriller,2014,169,High,PG-13,3,2017-04-23
33,Interstellar,Paramount Pictures,Christopher Nolan,Romance,2014,169,High,PG-13,4,2023-01-24
2167,The Shawshank Redemption,Castle Rock Entertainment,Frank Darabont,Adventure,1994,142,High,R,1,2016-10-23
1228,The Shawshank Redemption,Castle Rock Entertainment,Frank Darabont,Sci-Fi,1994,142,High,R,2,2019-10-14
1188,The Godfather,Paramount Pictures,Francis Ford Coppola,Crime,1972,175,High,R,3,2021-11-20
2335,Joker,Warner Bros.,Todd Phillips,Romance,2019,122,High,R,5,2024-06-04
1154,The Departed,Warner Bros.,Martin Scorsese,Romance,2006,151,High,R,4,2018-11-29
1354,Pulp Fiction,Miramax,Quentin Tarantino,Sci-Fi,1994,154,High,R,2,2018-05-07
2905,Se7en,New Line Cinema,David Fincher,Comedy,1995,127,High,R,2,2018-06-13
497,The Godfather,Paramount Pictures,Francis Ford Coppola,Crime,1972,175,High,R,3,2021-11-11
2489,The Dark Knight,Warner Bros.,Christopher Nolan,Romance,2008,152,High,PG-13,5,2017-09-28
1847,The Godfather,Paramount Pictures,Francis Ford Coppola,Comedy,1972,175,High,R,3,2021-06-26
1680,The Godfather,Paramount Pictures,Francis Ford Coppola,Romance,1972,175,High,R,3,2024-11-01
599,The Godfather,Paramount Pictures,Francis Ford Coppola,Animation,1972,175,High,R,5,2016-12-02
1721,The Godfather,Paramount Pictures,Francis Ford Coppola,Romance,1972,175,High,R,3,2020-08-12
2741,The Shawshank Redemption,Castle Rock Entertainment,Frank Darabont,Fantasy,1994,142,High,R,2,2021-06-15
1105,The Lion King,Walt Disney Pictures,Roger Allers,Animation,1994,88,Low,G,5,2024-08-15
33,The Shawshank Redemption,Castle Rock Entertainment,Frank Darabont,Action,1994,142,High,R,1,2025-11-06
251,The Avengers,Marvel Studios,Joss Whedon,Romance,2012,143,High,PG-13,4,2016-06-12
178,Interstellar,Paramount Pictures,Christopher Nolan,Crime,2014,169,High,PG-13,4,2023-07-17
790,Forrest Gump,Paramount Pictures,Robert Zemeckis,Comedy,1994,142,High,PG-13,5,2018-11-25
1936,The Godfather,Paramount Pictures,Francis Ford Coppola,Sci-Fi,1972,175,High,R,3,2018-10-11
1002,Saving Private Ryan,DreamWorks/Amblin,Steven Spielberg,Action,1998,169,High,R,2,2015-06-02
1773,The Shawshank Redemption,Castle Rock Entertainment,Frank Darabont,Comedy,1994,142,High,R,3,2021-05-10
2964,The Social Network,Columbia Pictures,David Fincher,Sci-Fi,2010,120,Medium,PG-13,1,2016-08-30
113,The Lord of the Rings: The Return of the King,New Line Cinema,Peter Jackson,Romance,2003,201,High,PG-13,1,2024-03-24
471,The Shawshank Redemption,Castle Rock Entertainment,Frank Darabont,Adventure,1994,142,High,R,1,2016-07-12
1612,The Shawshank Redemption,Castle Rock Entertainment,Frank Darabont,Fantasy,1994,142,High,R,3,2024-08-17
780,Mad Max: Fury Road,Warner Bros.,George Miller,Animation,2015,120,Medium,R,5,2019-05-24
10,The Godfather,Paramount Pictures,Francis Ford Coppola,Adventure,1972,175,High,R,4,2025-10-22
2350,Fight Club,20th Century Fox,David Fincher,Sci-Fi,1999,139,High,R,1,2025-05-07
1477,The Lord of the Rings: The Return of the King,New Line Cinema,Peter Jackson,Crime,2003,201,High,PG-13,3,2022-12-01
1341,Fight Club,20th Century Fox,David Fincher,Thriller,1999,139,High,R,3,2022-10-20
913,The Dark Knight,Warner Bros.,Christopher Nolan,Thriller,2008,152,High,PG-13,1,2015-10-24
839,"Crouching Tiger, Hidden Dragon",Sony Pictures Classics,Ang Lee,Animation,2000,120,Medium,PG-13,3,2015-07-16
1669,The Godfather,Paramount Pictures,Francis Ford Coppola,Action,1972,175,High,R,2,2024-04-17
1019,The Shawshank Redemption,Castle Rock Entertainment,Frank Darabont,Action,1994,142,High,R,1,2024-08-15
1086,The Shawshank Redemption,Castle Rock Entertainment,Frank Darabont,Fantasy,1994,142,High,R,3,2017-01-20
951,Pulp Fiction,Miramax,Quentin Tarantino,Crime,1994,154,High,R,1,2018-05-18
2840,Schindler's List,Universal Pictures,Steven Spielberg,Romance,1993,195,High,R,4,2020-08-28
115,The Empire Strikes Back,Lucasfilm,Irvin Kershner,Sci-Fi,1980,124,High,PG,5,2024-04-27
1150,The Shawshank Redemption,Castle Rock Entertainment,Frank Darabont,Adventure,1994,142,High,R,2,2021-05-19
2679,The Dark Knight,Warner Bros.,Christopher Nolan,Romance,2008,152,High,PG-13,1,2016-09-18
1172,The Shawshank Redemption,Castle Rock Entertainment,Frank Darabont,Fantasy,1994,142,High,R,4,2024-12-21
1238,The Shawshank Redemption,Castle Rock Entertainment,Frank Darabont,Comedy,1994,142,High,R,2,2015-06-03
936,The Shawshank Redemption,Castle Rock Entertainment,Frank Darabont,Adventure,1994,142,High,R,1,2016-09-27
664,Inception,Warner Bros.,Christopher Nolan,Adventure,2010,148,High,PG-13,1,2016-10-31
1601,American Beauty,DreamWorks,Sam Mendes,Romance,1999,122,High,R,3,2019-09-26
654,The Dark Knight,Warner Bros.,Christopher Nolan,Fantasy,2008,152,High,PG-13,3,2023-03-09
2555,The Shawshank Redemption,Castle Rock Entertainment,Frank Darabont,Action,1994,142,High,R,5,2016-09-19
551,The Prestige,Warner Bros.,Christopher Nolan,Drama,2006,130,High,PG-13,2,2015-03-08
838,The Godfather,Paramount Pictures,Francis Ford Coppola,Romance,1972,175,High,R,1,2017-06-01
809,The Grand Budapest Hotel,Fox Searchlight,Wes Anderson,Thriller,2014,99,Medium,R,1,2017-06-17
2836,The Godfather,Paramount Pictures,Francis Ford Coppola,Fantasy,1972,175,High,R,4,2015-10-05
44,The Shawshank Redemption,Castle Rock Entertainment,Frank Darabont,Sci-Fi,1994,142,High,R,4,2019-02-04
1960,Pulp Fiction,Miramax,Quentin Tarantino,Sci-Fi,1994,154,High,R,2,2023-09-14
233,The Lord of the Rings: The Return of the King,New Line Cinema,Peter Jackson,Adventure,2003,201,High,PG-13,3,2017-10-17
321,The Shawshank Redemption,Castle Rock Entertainment,Frank Darabont,Adventure,1994,142,High,R,2,2015-08-18
2383,The King's Speech,The Weinstein Company,Tom Hooper,Action,2010,118,Medium,R,2,2023-03-29
963,Fight Club,20th Century Fox,David Fincher,Comedy,1999,139,High,R,4,2016-11-29
521,The Shawshank Redemption,Castle Rock Entertainment,Frank Darabont,Comedy,1994,142,High,R,2,2015-07-11
2382,Inception,Warner Bros.,Christopher Nolan,Fantasy,2010,148,High,PG-13,1,2025-08-13
2940,American Beauty,DreamWorks,Sam Mendes,Drama,1999,122,High,R,1,2020-02-04
214,The Shawshank Redemption,Castle Rock Entertainment,Frank Darabont,Action,1994,142,High,R,2,2018-04-13
2959,The Grand Budapest Hotel,Fox Searchlight,Wes Anderson,Drama,2014,99,Medium,R,4,2024-02-18
2989,Pulp Fiction,Miramax,Quentin Tarantino,Comedy,1994,154,High,R,5,2020-03-09
2606,Whiplash,Blumhouse Productions,Damien Chazelle,Crime,2014,107,Medium,R,4,2022-03-15
434,Interstellar,Paramount Pictures,Christopher Nolan,Adventure,2014,169,High,PG-13,3,2019-08-23
1081,The Lord of the Rings: The Return of the King,New Line Cinema,Peter Jackson,Romance,2003,201,High,PG-13,2,2025-05-19
2199,The Shawshank Redemption,Castle Rock Entertainment,Frank Darabont,Adventure,1994,142,High,R,5,2017-07-20
2776,The Green Mile,Castle Rock Entertainment,Frank Darabont,Fantasy,1999,189,High,R,2,2023-11-05
263,Forrest Gump,Paramount Pictures,Robert Zemeckis,Action,1994,142,High,PG-13,3,2020-09-02
2396,The Shawshank Redemption,Castle Rock Entertainment,Frank Darabont,Adventure,1994,142,High,R,5,2015-06-14
2187,Whiplash,Blumhouse Productions,Damien Chazelle,Adventure,2014,107,Medium,R,4,2019-06-03
604,The Godfather,Paramount Pictures,Francis Ford Coppola,Comedy,1972,175,High,R,5,2023-02-16
769,Alien,20th Century Fox,Ridley Scott,Fantasy,1979,117,Medium,R,2,2022-01-13
533,Pulp Fiction,Miramax,Quentin Tarantino,Crime,1994,154,High,R,2,2016-02-13
1876,The Shawshank Redemption,Castle Rock Entertainment,Frank Darabont,Drama,1994,142,High,R,1,2020-12-14
1420,Up,Pixar,Pete Docter,Drama,2009,96,Medium,PG,2,2022-10-25
2516,The Usual Suspects,Gramercy Pictures,Bryan Singer,Animation,1995,106,Medium,R,4,2024-01-20
203,The Shawshank Redemption,Castle Rock Entertainment,Frank Darabont,Crime,1994,142,High,R,4,2024-08-03
148,Mad Max: Fury Road,Warner Bros.,George Miller,Fantasy,2015,120,Medium,R,3,2022-10-11
1444,Saving Private Ryan,DreamWorks/Amblin,Steven Spielberg,Thriller,1998,169,High,R,5,2016-09-10
2845,The Shawshank Redemption,Castle Rock Entertainment,Frank Darabont,Romance,1994,142,High,R,5,2017-10-28
449,The Dark Knight,Warner Bros.,Christopher Nolan,Romance,2008,152,High,PG-13,3,2023-03-31
2017,Forrest Gump,Paramount Pictures,Robert Zemeckis,Action,1994,142,High,PG-13,2,2016-08-05
2284,The King's Speech,The Weinstein Company,Tom Hooper,Comedy,2010,118,Medium,R,2,2017-06-21
1185,Pulp Fiction,Miramax,Quentin Tarantino,Action,1994,154,High,R,1,2019-01-17
1544,The Shawshank Redemption,Castle Rock Entertainment,Frank Darabont,Crime,1994,142,High,R,4,2016-12-22
2647,The Empire Strikes Back,Lucasfilm,Irvin Kershner,Comedy,1980,124,High,PG,5,2024-11-09
7,The Dark Knight,Warner Bros.,Christopher Nolan,Thriller,2008,152,High,PG-13,2,2023-04-20
1188,Interstellar,Paramount Pictures,Christopher Nolan,Thriller,2014,169,High,PG-13,2,2025-12-12
2058,The Godfather,Paramount Pictures,Francis Ford Coppola,Fantasy,1972,175,High,R,1,2018-06-02
2377,Parasite,CJ Entertainment,Bong Joon-ho,Fantasy,2019,132,High,R,5,2021-09-20
86,The Truman Show,Paramount Pictures,Peter Weir,Drama,1998,103,Medium,PG,3,2020-03-18
2799,Saving Private Ryan,DreamWorks/Amblin,Steven Spielberg,Drama,1998,169,High,R,3,2021-11-19
2508,The Dark Knight,Warner Bros.,Christopher Nolan,Animation,2008,152,High,PG-13,3,2015-10-20
2793,The Departed,Warner Bros.,Martin Scorsese,Adventure,2006,151,High,R,2,2023-11-02
745,Pulp Fiction,Miramax,Quentin Tarantino,Comedy,1994,154,High,R,5,2022-11-15
2449,The Dark Knight,Warner Bros.,Christopher Nolan,Thriller,2008,152,High,PG-13,2,2025-08-17
758,Goodfellas,Warner Bros.,Martin Scorsese,Sci-Fi,1990,146,High,R,2,2018-01-02
699,Pulp Fiction,Miramax,Quentin Tarantino,Fantasy,1994,154,High,R,4,2018-07-30
72,The Shawshank Redemption,Castle Rock Entertainment,Frank Darabont,Adventure,1994,142,High,R,5,2016-09-21
343,Pulp Fiction,Miramax,Quentin Tarantino,Sci-Fi,1994,154,High,R,3,2021-02-01
2680,The Shawshank Redemption,Castle Rock Entertainment,Frank Darabont,Romance,1994,142,High,R,2,2015-04-24
1171,The Dark Knight,Warner Bros.,Christopher Nolan,Action,2008,152,High,PG-13,2,2021-08-23
173,The Shawshank Redemption,Castle Rock Entertainment,Frank Darabont,Adventure,1994,142,High,R,4,2017-06-13
2724,The Shawshank Redemption,Castle Rock Entertainment,Frank Darabont,Adventure,1994,142,High,R,3,2023-06-30
1001,Interstellar,Paramount Pictures,Christopher Nolan,Sci-Fi,2014,169,High,PG-13,2,2019-11-21
2550,Forrest Gump,Paramount Pictures,Robert Zemeckis,Action,1994,142,High,PG-13,4,2016-12-06
1545,Titanic,Paramount Pictures,James Cameron,Action,1997,195,High,PG-13,1,2019-11-03
111,The Shawshank Redemption,Castle Rock Entertainment,Frank Darabont,Comedy,1994,142,High,R,5,2020-10-07
797,The Silence of the Lambs,Orion Pictures,Jonathan Demme,Animation,1991,118,Medium,R,3,2016-02-02
2205,The Shawshank Redemption,Castle Rock Entertainment,Frank Darabont,Crime,1994,142,High,R,2,2022-05-05
2351,Se7en,New Line Cinema,David Fincher,Drama,1995,127,High,R,1,2018-01-21
2632,Inception,Warner Bros.,Christopher Nolan,Thriller,2010,148,High,PG-13,2,2015-09-21
709,The Shawshank Redemption,Castle Rock Entertainment,Frank Darabont,Action,1994,142,High,R,1,2025-08-26
2715,Whiplash,Blumhouse Productions,Damien Chazelle,Adventure,2014,107,Medium,R,3,2020-09-25
630,Joker,Warner Bros.,Todd Phillips,Crime,2019,122,High,R,3,2021-01-13
2046,The Green Mile,Castle Rock Entertainment,Frank Darabont,Animation,1999,189,High,R,4,2021-01-03
2388,Django Unchained,Columbia Pictures,Quentin Tarantino,Comedy,2012,165,High,R,1,2016-03-01
2201,The Shawshank Redemption,Castle Rock Entertainment,Frank Darabont,Adventure,1994,142,High,R,3,2021-03-28
548,The Shawshank Redemption,Castle Rock Entertainment,Frank Darabont,Comedy,1994,142,High,R,3,2023-05-31
1591,Parasite,CJ Entertainment,Bong Joon-ho,Drama,2019,132,High,R,1,2023-11-29
2615,The Shawshank Redemption,Castle Rock Entertainment,Frank Darabont,Animation,1994,142,High,R,4,2019-12-17
1341,Inception,Warner Bros.,Christopher Nolan,Thriller,2010,148,High,PG-13,3,2020-11-03
1636,Whiplash,Blumhouse Productions,Damien Chazelle,Sci-Fi,2014,107,Medium,R,4,2018-02-28
2967,Se7en,New Line Cinema,David Fincher,Crime,1995,127,High,R,5,2019-11-19
2501,The Shawshank Redemption,Castle Rock Entertainment,Frank Darabont,Comedy,1994,142,High,R,2,2016-04-02
308,The Shawshank Redemption,Castle Rock Entertainment,Frank Darabont,Sci-Fi,1994,142,High,R,2,2017-01-03
262,The Shawshank Redemption,Castle Rock Entertainment,Frank Darabont,Drama,1994,142,High,R,3,2022-09-27
2179,The Shawshank Redemption,Castle Rock Entertainment,Frank Darabont,Action,1994,142,High,R,5,2017-11-02
1990,The Shawshank Redemption,Castle Rock Entertainment,Frank Darabont,Crime,1994,142,High,R,3,2023-03-21
1930,The Pianist,Focus Features,Roman Polanski,Romance,2002,150,High,R,1,2016-01-04
1665,Mad Max: Fury Road,Warner Bros.,George Miller,Fantasy,2015,120,Medium,R,2,2024-04-03
2357,The Matrix,Warner Bros.,Lana Wachowski,Romance,1999,136,High,R,5,2018-02-11
2861,Interstellar,Paramount Pictures,Christopher Nolan,Crime,2014,169,High,PG-13,2,2020-10-05
899,The Shawshank Redemption,Castle Rock Entertainment,Frank Darabont,Animation,1994,142,High,R,1,2015-08-22
2819,The Green Mile,Castle Rock Entertainment,Frank Darabont,Sci-Fi,1999,189,High,R,4,2015-03-27
1425,Goodfellas,Warner Bros.,Martin Scorsese,Drama,1990,146,High,R,1,2015-01-23
793,The Pianist,Focus Features,Roman Polanski,Action,2002,150,High,R,5,2018-10-10
1318,Fight Club,20th Century Fox,David Fincher,Thriller,1999,139,High,R,1,2015-01-16
1001,The Silence of the Lambs,Orion Pictures,Jonathan Demme,Adventure,1991,118,Medium,R,2,2018-01-11
8,Moonlight,A24,Barry Jenkins,Thriller,2016,111,Medium,R,5,2022-12-17
1712,"Crouching Tiger, Hidden Dragon",Sony Pictures Classics,Ang Lee,Animation,2000,120,Medium,PG-13,2,2025-05-16
2313,Parasite,CJ Entertainment,Bong Joon-ho,Romance,2019,132,High,R,2,2022-05-27
1631,The Departed,Warner Bros.,Martin Scorsese,Drama,2006,151,High,R,1,2020-01-22
1874,Inception,Warner Bros.,Christopher Nolan,Sci-Fi,2010,148,High,PG-13,2,2024-03-23
2277,Se7en,New Line Cinema,David Fincher,Thriller,1995,127,High,R,2,2016-12-27
1579,Django Unchained,Columbia Pictures,Quentin Tarantino,Thriller,2012,165,High,R,5,2021-11-01
1982,The Empire Strikes Back,Lucasfilm,Irvin Kershner,Thriller,1980,124,High,PG,2,2024-02-19
2601,Pulp Fiction,Miramax,Quentin Tarantino,Crime,1994,154,High,R,5,2018-10-09
1629,The Shawshank Redemption,Castle Rock Entertainment,Frank Darabont,Animation,1994,142,High,R,4,2016-12-26
1249,Pulp Fiction,Miramax,Quentin Tarantino,Thriller,1994,154,High,R,4,2021-03-11
305,Up,Pixar,Pete Docter,Crime,2009,96,Medium,PG,1,2025-11-30
925,The Shawshank Redemption,Castle Rock Entertainment,Frank Darabont,Animation,1994,142,High,R,2,2017-04-03
2215,Gladiator,DreamWorks Pictures,Ridley Scott,Action,2000,155,High,R,1,2022-07-19
766,The Social Network,Columbia Pictures,David Fincher,Thriller,2010,120,Medium,PG-13,3,2025-01-25
1954,Forrest Gump,Paramount Pictures,Robert Zemeckis,Romance,1994,142,High,PG-13,1,2020-12-04
1976,The Godfather,Paramount Pictures,Francis Ford Coppola,Drama,1972,175,High,R,4,2025-09-07
2577,Forrest Gump,Paramount Pictures,Robert Zemeckis,Crime,1994,142,High,PG-13,1,2019-09-27
2601,Titanic,Paramount Pictures,James Cameron,Romance,1997,195,High,PG-13,2,2015-01-26
2680,There Will Be Blood,Paramount Vantage,Paul Thomas Anderson,Animation,2007,158,High,R,5,2016-02-16
522,American Beauty,DreamWorks,Sam Mendes,Thriller,1999,122,High,R,1,2021-12-19
1887,Forrest Gump,Paramount Pictures,Robert Zemeckis,Fantasy,1994,142,High,PG-13,4,2016-04-23
2431,The Truman Show,Paramount Pictures,Peter Weir,Crime,1998,103,Medium,PG,3,2025-11-16
2838,Pulp Fiction,Miramax,Quentin Tarantino,Animation,1994,154,High,R,2,2021-01-25
2768,The Godfather,Paramount Pictures,Francis Ford Coppola,Fantasy,1972,175,High,R,2,2023-03-28
1510,The Shawshank Redemption,Castle Rock Entertainment,Frank Darabont,Action,1994,142,High,R,4,2019-03-24
700,Interstellar,Paramount Pictures,Christopher Nolan,Sci-Fi,2014,169,High,PG-13,5,2019-04-24
386,The Lord of the Rings: The Return of the King,New Line Cinema,Peter Jackson,Adventure,2003,201,High,PG-13,5,2024-04-20
2527,The Shawshank Redemption,Castle Rock Entertainment,Frank Darabont,Fantasy,1994,142,High,R,2,2018-06-15
1336,Inception,Warner Bros.,Christopher Nolan,Romance,2010,148,High,PG-13,2,2018-11-07
2607,The Godfather,Paramount Pictures,Francis Ford Coppola,Comedy,1972,175,High,R,4,2022-01-17
560,The Shawshank Redemption,Castle Rock Entertainment,Frank Darabont,Fantasy,1994,142,High,R,3,2024-12-10
1099,The Matrix,Warner Bros.,Lana Wachowski,Romance,1999,136,High,R,1,2019-12-28
1733,The Silence of the Lambs,Orion Pictures,Jonathan Demme,Action,1991,118,Medium,R,5,2019-08-15
1794,The Matrix,Warner Bros.,Lana Wachowski,Comedy,1999,136,High,R,1,2023-07-29
2304,The Matrix,Warner Bros.,Lana Wachowski,Sci-Fi,1999,136,High,R,4,2015-03-30
2810,The Shawshank Redemption,Castle Rock Entertainment,Frank Darabont,Romance,1994,142,High,R,4,2018-06-11
2809,The Empire Strikes Back,Lucasfilm,Irvin Kershner,Comedy,1980,124,High,PG,5,2018-12-12
1130,The Lord of the Rings: The Return of the King,New Line Cinema,Peter Jackson,Romance,2003,201,High,PG-13,3,2019-07-20
2492,The Shawshank Redemption,Castle Rock Entertainment,Frank Darabont,Animation,1994,142,High,R,2,2024-01-01
1893,Saving Private Ryan,DreamWorks/Amblin,Steven Spielberg,Comedy,1998,169,High,R,1,2019-08-11
2581,The Godfather,Paramount Pictures,Francis Ford Coppola,Fantasy,1972,175,High,R,5,2025-08-01
2185,The Dark Knight,Warner Bros.,Christopher Nolan,Sci-Fi,2008,152,High,PG-13,5,2021-01-06
2394,The Shawshank Redemption,Castle Rock Entertainment,Frank Darabont,Sci-Fi,1994,142,High,R,3,2023-09-16
41,Inception,Warner Bros.,Christopher Nolan,Comedy,2010,148,High,PG-13,3,2018-07-18
1616,The Prestige,Warner Bros.,Christopher Nolan,Action,2006,130,High,PG-13,5,2024-01-16
129,The Green Mile,Castle Rock Entertainment,Frank Darabont,Adventure,1999,189,High,R,2,2016-04-29
1625,The Shawshank Redemption,Castle Rock Entertainment,Frank Darabont,Action,1994,142,High,R,4,2015-06-10
251,The Dark Knight,Warner Bros.,Christopher Nolan,Animation,2008,152,High,PG-13,5,2025-02-10
2190,The Shawshank Redemption,Castle Rock Entertainment,Frank Darabont,Animation,1994,142,High,R,2,2018-01-13
908,Back to the Future,Universal Pictures,Robert Zemeckis,Adventure,1985,116,Medium,PG,5,2016-03-03
779,The Shawshank Redemption,Castle Rock Entertainment,Frank Darabont,Animation,1994,142,High,R,5,2021-03-25
1250,The Green Mile,Castle Rock Entertainment,Frank Darabont,Drama,1999,189,High,R,3,2020-05-30
2535,Schindler's List,Universal Pictures,Steven Spielberg,Animation,1993,195,High,R,5,2017-08-28
435,The Matrix,Warner Bros.,Lana Wachowski,Fantasy,1999,136,High,R,3,2024-05-06
612,Fight Club,20th Century Fox,David Fincher,Sci-Fi,1999,139,High,R,2,2015-03-01
53,Blade Runner 2049,Warner Bros.,Denis Villeneuve,Fantasy,2017,164,High,R,3,2025-04-06
1413,The Shawshank Redemption,Castle Rock Entertainment,Frank Darabont,Thriller,1994,142,High,R,1,2022-08-15
2444,Titanic,Paramount Pictures,James Cameron,Sci-Fi,1997,195,High,PG-13,1,2021-08-22
1465,The Dark Knight,Warner Bros.,Christopher Nolan,Thriller,2008,152,High,PG-13,1,2025-03-21
2316,The Dark Knight,Warner Bros.,Christopher Nolan,Crime,2008,152,High,PG-13,5,2017-12-05
1206,The Shawshank Redemption,Castle Rock Entertainment,Frank Darabont,Fantasy,1994,142,High,R,5,2022-06-16
1966,Pulp Fiction,Miramax,Quentin Tarantino,Romance,1994,154,High,R,1,2020-08-20
1934,Joker,Warner Bros.,Todd Phillips,Drama,2019,122,High,R,1,2020-12-14
2585,The Shawshank Redemption,Castle Rock Entertainment,Frank Darabont,Drama,1994,142,High,R,1,2016-04-07
2818,Se7en,New Line Cinema,David Fincher,Sci-Fi,1995,127,High,R,3,2024-12-18
1211,The Shawshank Redemption,Castle Rock Entertainment,Frank Darabont,Thriller,1994,142,High,R,3,2025-04-21
2439,The Godfather,Paramount Pictures,Francis Ford Coppola,Comedy,1972,175,High,R,2,2021-09-29
2725,The Pianist,Focus Features,Roman Polanski,Sci-Fi,2002,150,High,R,4,2018-01-28
1642,The Dark Knight,Warner Bros.,Christopher Nolan,Sci-Fi,2008,152,High,PG-13,5,2025-02-13
159,The Lion King,Walt Disney Pictures,Roger Allers,Adventure,1994,88,Low,G,2,2018-05-17
1410,The Dark Knight,Warner Bros.,Christopher Nolan,Action,2008,152,High,PG-13,1,2018-08-18
1292,The Lord of the Rings: The Return of the King,New Line Cinema,Peter Jackson,Sci-Fi,2003,201,High,PG-13,4,2016-07-14
741,"Crouching Tiger, Hidden Dragon",Sony Pictures Classics,Ang Lee,Action,2000,120,Medium,PG-13,2,2025-07-12
883,The Shawshank Redemption,Castle Rock Entertainment,Frank Darabont,Drama,1994,142,High,R,3,2017-08-24
121,"Crouching Tiger, Hidden Dragon",Sony Pictures Classics,Ang Lee,Comedy,2000,120,Medium,PG-13,4,2023-11-23
1593,The Godfather,Paramount Pictures,Francis Ford Coppola,Comedy,1972,175,High,R,4,2025-02-06
2447,The Godfather,Paramount Pictures,Francis Ford Coppola,Comedy,1972,175,High,R,3,2019-03-06
395,The Godfather,Paramount Pictures,Francis Ford Coppola,Sci-Fi,1972,175,High,R,3,2016-11-30
1281,The Social Network,Columbia Pictures,David Fincher,Thriller,2010,120,Medium,PG-13,5,2017-07-11
1365,The Shawshank Redemption,Castle Rock Entertainment,Frank Darabont,Crime,1994,142,High,R,2,2018-03-23
2874,Titanic,Paramount Pictures,James Cameron,Thriller,1997,195,High,PG-13,1,2016-11-11
1021,Back to the Future,Universal Pictures,Robert Zemeckis,Romance,1985,116,Medium,PG,1,2015-01-14
279,The Dark Knight,Warner Bros.,Christopher Nolan,Action,2008,152,High,PG-13,1,2025-06-08
2622,Blade Runner 2049,Warner Bros.,Denis Villeneuve,Fantasy,2017,164,High,R,2,2025-05-09
1744,The Shawshank Redemption,Castle Rock Entertainment,Frank Darabont,Fantasy,1994,142,High,R,4,2016-10-05
1010,The Departed,Warner Bros.,Martin Scorsese,Animation,2006,151,High,R,5,2023-03-16
2766,The Lord of the Rings: The Return of the King,New Line Cinema,Peter Jackson,Animation,2003,201,High,PG-13,3,2022-12-27
2394,The Godfather,Paramount Pictures,Francis Ford Coppola,Adventure,1972,175,High,R,2,2017-01-11
2920,The Empire Strikes Back,Lucasfilm,Irvin Kershner,Action,1980,124,High,PG,3,2016-07-27
2058,La La Land,Summit Entertainment,Damien Chazelle,Crime,2016,128,High,PG-13,4,2016-04-18
1838,The Godfather,Paramount Pictures,Francis Ford Coppola,Adventure,1972,175,High,R,5,2015-12-11
2609,The Shawshank Redemption,Castle Rock Entertainment,Frank Darabont,Adventure,1994,142,High,R,1,2020-12-07
1059,The Shawshank Redemption,Castle Rock Entertainment,Frank Darabont,Comedy,1994,142,High,R,5,2016-01-15
944,Pulp Fiction,Miramax,Quentin Tarantino,Comedy,1994,154,High,R,3,2020-04-15
579,The Departed,Warner Bros.,Martin Scorsese,Thriller,2006,151,High,R,3,2023-08-30
1890,The Godfather,Paramount Pictures,Francis Ford Coppola,Animation,1972,175,High,R,3,2016-04-04
2340,The Shawshank Redemption,Castle Rock Entertainment,Frank Darabont,Romance,1994,142,High,R,3,2022-11-16
2471,Pulp Fiction,Miramax,Quentin Tarantino,Comedy,1994,154,High,R,3,2024-07-02
2092,The Shawshank Redemption,Castle Rock Entertainment,Frank Darabont,Adventure,1994,142,High,R,2,2020-06-23
2171,Inception,Warner Bros.,Christopher Nolan,Thriller,2010,148,High,PG-13,2,2016-05-26
824,The Shawshank Redemption,Castle Rock Entertainment,Frank Darabont,Crime,1994,142,High,R,1,2022-09-20
747,The Godfather,Paramount Pictures,Francis Ford Coppola,Animation,1972,175,High,R,5,2025-12-29
2073,Pulp Fiction,Miramax,Quentin Tarantino,Drama,1994,154,High,R,5,2020-04-27
1445,Inception,Warner Bros.,Christopher Nolan,Action,2010,148,High,PG-13,5,2015-10-07
805,The Prestige,Warner Bros.,Christopher Nolan,Fantasy,2006,130,High,PG-13,5,2020-04-30
1295,The Shawshank Redemption,Castle Rock Entertainment,Frank Darabont,Animation,1994,142,High,R,4,2017-01-23
1824,The Empire Strikes Back,Lucasfilm,Irvin Kershner,Adventure,1980,124,High,PG,2,2016-05-15
2708,Interstellar,Paramount Pictures,Christopher Nolan,Sci-Fi,2014,169,High,PG-13,3,2024-04-29
2097,The Shawshank Redemption,Castle Rock Entertainment,Frank Darabont,Adventure,1994,142,High,R,2,2020-05-30
440,The Shawshank Redemption,Castle Rock Entertainment,Frank Darabont,Animation,1994,142,High,R,5,2024-09-06
1144,The Dark Knight,Warner Bros.,Christopher Nolan,Fantasy,2008,152,High,PG-13,2,2018-04-13
1963,The Green Mile,Castle Rock Entertainment,Frank Darabont,Fantasy,1999,189,High,R,1,2023-03-31
1629,Pulp Fiction,Miramax,Quentin Tarantino,Sci-Fi,1994,154,High,R,2,2021-08-23
860,The Matrix,Warner Bros.,Lana Wachowski,Crime,1999,136,High,R,3,2017-07-08
2358,American Beauty,DreamWorks,Sam Mendes,Action,1999,122,High,R,5,2021-10-12
1399,The Godfather,Paramount Pictures,Francis Ford Coppola,Sci-Fi,1972,175,High,R,4,2017-12-09
119,The Shawshank Redemption,Castle Rock Entertainment,Frank Darabont,Romance,1994,142,High,R,5,2021-07-27
2440,Interstellar,Paramount Pictures,Christopher Nolan,Crime,2014,169,High,PG-13,1,2020-12-20
70,Fight Club,20th Century Fox,David Fincher,Fantasy,1999,139,High,R,2,2021-06-23
390,Inception,Warner Bros.,Christopher Nolan,Thriller,2010,148,High,PG-13,3,2016-11-01
2718,Gladiator,DreamWorks Pictures,Ridley Scott,Animation,2000,155,High,R,5,2019-08-05
1208,Inception,Warner Bros.,Christopher Nolan,Comedy,2010,148,High,PG-13,2,2022-04-18
2537,The Dark Knight,Warner Bros.,Christopher Nolan,Animation,2008,152,High,PG-13,5,2018-05-03
1519,Se7en,New Line Cinema,David Fincher,Romance,1995,127,High,R,4,2021-07-15
2009,Pulp Fiction,Miramax,Quentin Tarantino,Animation,1994,154,High,R,3,2024-03-28
2130,The Godfather,Paramount Pictures,Francis Ford Coppola,Romance,1972,175,High,R,3,2023-06-17
2427,The Shawshank Redemption,Castle Rock Entertainment,Frank Darabont,Animation,1994,142,High,R,1,2024-06-13
2392,The Shawshank Redemption,Castle Rock Entertainment,Frank Darabont,Action,1994,142,High,R,1,2019-12-12
2714,Forrest Gump,Paramount Pictures,Robert Zemeckis,Animation,1994,142,High,PG-13,5,2022-05-28
2167,The Social Network,Columbia Pictures,David Fincher,Crime,2010,120,Medium,PG-13,2,2018-05-10
336,Inception,Warner Bros.,Christopher Nolan,Romance,2010,148,High,PG-13,4,2025-01-29
1226,Forrest Gump,Paramount Pictures,Robert Zemeckis,Adventure,1994,142,High,PG-13,5,2020-12-07
406,Joker,Warner Bros.,Todd Phillips,Comedy,2019,122,High,R,3,2024-02-04
655,The Prestige,Warner Bros.,Christopher Nolan,Thriller,2006,130,High,PG-13,4,2020-07-26
340,Inception,Warner Bros.,Christopher Nolan,Sci-Fi,2010,148,High,PG-13,5,2016-03-05
2164,The Shawshank Redemption,Castle Rock Entertainment,Frank Darabont,Thriller,1994,142,High,R,1,2017-05-09
336,Forrest Gump,Paramount Pictures,Robert Zemeckis,Sci-Fi,1994,142,High,PG-13,5,2016-04-12
2207,The Matrix,Warner Bros.,Lana Wachowski,Romance,1999,136,High,R,4,2024-05-10
93,The Shawshank Redemption,Castle Rock Entertainment,Frank Darabont,Adventure,1994,142,High,R,5,2015-02-16
684,Goodfellas,Warner Bros.,Martin Scorsese,Romance,1990,146,High,R,5,2022-01-25
193,Back to the Future,Universal Pictures,Robert Zemeckis,Fantasy,1985,116,Medium,PG,4,2021-06-21
1742,The Dark Knight,Warner Bros.,Christopher Nolan,Action,2008,152,High,PG-13,5,2024-08-29
1531,Blade Runner 2049,Warner Bros.,Denis Villeneuve,Romance,2017,164,High,R,2,2017-06-24
85,The Shawshank Redemption,Castle Rock Entertainment,Frank Darabont,Adventure,1994,142,High,R,5,2021-01-14
2740,Se7en,New Line Cinema,David Fincher,Fantasy,1995,127,High,R,1,2023-08-16
498,The Godfather,Paramount Pictures,Francis Ford Coppola,Action,1972,175,High,R,4,2015-03-23
43,The Shawshank Redemption,Castle Rock Entertainment,Frank Darabont,Thriller,1994,142,High,R,5,2015-11-23
2350,The Godfather,Paramount Pictures,Francis Ford Coppola,Animation,1972,175,High,R,2,2024-07-25
1291,The Usual Suspects,Gramercy Pictures,Bryan Singer,Comedy,1995,106,Medium,R,2,2022-04-01
2351,The Dark Knight,Warner Bros.,Christopher Nolan,Thriller,2008,152,High,PG-13,4,2015-06-23
2192,The Shawshank Redemption,Castle Rock Entertainment,Frank Darabont,Animation,1994,142,High,R,3,2024-04-07
1161,Saving Private Ryan,DreamWorks/Amblin,Steven Spielberg,Animation,1998,169,High,R,1,2015-06-24
2928,The Godfather,Paramount Pictures,Francis Ford Coppola,Action,1972,175,High,R,3,2017-05-19
1406,Forrest Gump,Paramount Pictures,Robert Zemeckis,Sci-Fi,1994,142,High,PG-13,1,2025-02-27
1553,"Crouching Tiger, Hidden Dragon",Sony Pictures Classics,Ang Lee,Animation,2000,120,Medium,PG-13,4,2017-04-22
889,Se7en,New Line Cinema,David Fincher,Action,1995,127,High,R,4,2015-11-20
2328,Interstellar,Paramount Pictures,Christopher Nolan,Animation,2014,169,High,PG-13,5,2019-07-01
2535,The Godfather,Paramount Pictures,Francis Ford Coppola,Adventure,1972,175,High,R,2,2023-12-15
1318,The Shawshank Redemption,Castle Rock Entertainment,Frank Darabont,Drama,1994,142,High,R,3,2021-02-08
2593,Inside Out,Pixar,Pete Docter,Sci-Fi,2015,95,Medium,PG,1,2019-02-11
2666,Blade Runner,Warner Bros.,Ridley Scott,Fantasy,1982,117,Medium,R,2,2015-12-19
2396,The Dark Knight,Warner Bros.,Christopher Nolan,Sci-Fi,2008,152,High,PG-13,4,2017-09-07
474,Forrest Gump,Paramount Pictures,Robert Zemeckis,Action,1994,142,High,PG-13,3,2018-11-21
2781,The Shawshank Redemption,Castle Rock Entertainment,Frank Darabont,Comedy,1994,142,High,R,2,2019-05-29
983,The Lord of the Rings: The Return of the King,New Line Cinema,Peter Jackson,Action,2003,201,High,PG-13,5,2025-03-20
649,Forrest Gump,Paramount Pictures,Robert Zemeckis,Action,1994,142,High,PG-13,4,2015-04-26
20,Fight Club,20th Century Fox,David Fincher,Sci-Fi,1999,139,High,R,4,2019-08-06
2135,The Dark Knight,Warner Bros.,Christopher Nolan,Thriller,2008,152,High,PG-13,3,2016-12-26
2887,The Shawshank Redemption,Castle Rock Entertainment,Frank Darabont,Comedy,1994,142,High,R,3,2015-10-09
430,The Empire Strikes Back,Lucasfilm,Irvin Kershner,Crime,1980,124,High,PG,1,2025-01-06
839,The Lord of the Rings: The Return of the King,New Line Cinema,Peter Jackson,Fantasy,2003,201,High,PG-13,3,2022-02-12
1088,The Dark Knight,Warner Bros.,Christopher Nolan,Comedy,2008,152,High,PG-13,4,2024-04-15
774,The Shawshank Redemption,Castle Rock Entertainment,Frank Darabont,Adventure,1994,142,High,R,1,2015-06-03
2009,The Empire Strikes Back,Lucasfilm,Irvin Kershner,Animation,1980,124,High,PG,1,2016-07-08
1994,Spirited Away,Studio Ghibli,Hayao Miyazaki,Drama,2001,125,High,PG,3,2016-08-07
2086,Pulp Fiction,Miramax,Quentin Tarantino,Sci-Fi,1994,154,High,R,2,2025-06-21
1109,The Green Mile,Castle Rock Entertainment,Frank Darabont,Comedy,1999,189,High,R,3,2022-08-02
2425,Pulp Fiction,Miramax,Quentin Tarantino,Animation,1994,154,High,R,5,2017-07-30
1687,The Godfather,Paramount Pictures,Francis Ford Coppola,Thriller,1972,175,High,R,1,2021-06-14
1648,The Matrix,Warner Bros.,Lana Wachowski,Drama,1999,136,High,R,4,2020-07-21
712,The Godfather,Paramount Pictures,Francis Ford Coppola,Romance,1972,175,High,R,1,2021-05-22
2514,The Shawshank Redemption,Castle Rock Entertainment,Frank Darabont,Animation,1994,142,High,R,3,2025-07-11
1437,Inception,Warner Bros.,Christopher Nolan,Comedy,2010,148,High,PG-13,3,2023-06-18
1859,The Shawshank Redemption,Castle Rock Entertainment,Frank Darabont,Thriller,1994,142,High,R,3,2021-01-11
1090,The Shawshank Redemption,Castle Rock Entertainment,Frank Darabont,Fantasy,1994,142,High,R,1,2020-02-01
2265,Moonlight,A24,Barry Jenkins,Drama,2016,111,Medium,R,4,2024-01-15
1572,Toy Story,Pixar,John Lasseter,Crime,1995,81,Low,G,1,2023-06-30
1250,Parasite,CJ Entertainment,Bong Joon-ho,Comedy,2019,132,High,R,1,2017-04-11
2142,Alien,20th Century Fox,Ridley Scott,Romance,1979,117,Medium,R,5,2023-07-10
2247,There Will Be Blood,Paramount Vantage,Paul Thomas Anderson,Animation,2007,158,High,R,4,2017-04-21
3000,Forrest Gump,Paramount Pictures,Robert Zemeckis,Adventure,1994,142,High,PG-13,5,2017-06-30
1946,The Godfather,Paramount Pictures,Francis Ford Coppola,Sci-Fi,1972,175,High,R,3,2023-07-14
2939,Pulp Fiction,Miramax,Quentin Tarantino,Comedy,1994,154,High,R,1,2017-08-10
462,The Shawshank Redemption,Castle Rock Entertainment,Frank Darabont,Drama,1994,142,High,R,5,2025-03-29
2609,The King's Speech,The Weinstein Company,Tom Hooper,Adventure,2010,118,Medium,R,2,2020-09-30
524,The Green Mile,Castle Rock Entertainment,Frank Darabont,Drama,1999,189,High,R,2,2021-02-10
684,The Dark Knight,Warner Bros.,Christopher Nolan,Adventure,2008,152,High,PG-13,3,2023-10-31
698,WALL·E,Pixar,Andrew Stanton,Comedy,2008,98,Medium,G,1,2022-05-07
143,Mad Max: Fury Road,Warner Bros.,George Miller,Thriller,2015,120,Medium,R,1,2021-11-08
549,Titanic,Paramount Pictures,James Cameron,Adventure,1997,195,High,PG-13,4,2020-03-06
232,The Shawshank Redemption,Castle Rock Entertainment,Frank Darabont,Comedy,1994,142,High,R,1,2015-03-22
2885,Gladiator,DreamWorks Pictures,Ridley Scott,Fantasy,2000,155,High,R,5,2024-05-28
1109,The Godfather,Paramount Pictures,Francis Ford Coppola,Romance,1972,175,High,R,2,2016-10-15
309,The Dark Knight,Warner Bros.,Christopher Nolan,Thriller,2008,152,High,PG-13,5,2022-03-19
405,The Shawshank Redemption,Castle Rock Entertainment,Frank Darabont,Fantasy,1994,142,High,R,5,2018-06-21
1135,Blade Runner,Warner Bros.,Ridley Scott,Action,1982,117,Medium,R,2,2023-06-02
2991,Fight Club,20th Century Fox,David Fincher,Fantasy,1999,139,High,R,1,2021-08-02
1597,Goodfellas,Warner Bros.,Martin Scorsese,Fantasy,1990,146,High,R,2,2023-05-08
751,The Usual Suspects,Gramercy Pictures,Bryan Singer,Romance,1995,106,Medium,R,4,2017-04-18
1223,The Shawshank Redemption,Castle Rock Entertainment,Frank Darabont,Crime,1994,142,High,R,4,2024-06-10
1086,The Prestige,Warner Bros.,Christopher Nolan,Action,2006,130,High,PG-13,3,2015-02-27
409,Back to the Future,Universal Pictures,Robert Zemeckis,Thriller,1985,116,Medium,PG,2,2019-09-14
789,The Shawshank Redemption,Castle Rock Entertainment,Frank Darabont,Romance,1994,142,High,R,1,2015-05-26
2817,The Godfather,Paramount Pictures,Francis Ford Coppola,Animation,1972,175,High,R,4,2016-02-11
612,The Dark Knight,Warner Bros.,Christopher Nolan,Drama,2008,152,High,PG-13,4,2015-02-19
621,Fight Club,20th Century Fox,David Fincher,Fantasy,1999,139,High,R,2,2015-08-18
969,Whiplash,Blumhouse Productions,Damien Chazelle,Drama,2014,107,Medium,R,5,2018-10-05
2340,The Dark Knight,Warner Bros.,Christopher Nolan,Sci-Fi,2008,152,High,PG-13,2,2015-10-15
128,The Dark Knight,Warner Bros.,Christopher Nolan,Sci-Fi,2008,152,High,PG-13,5,2021-07-17
1283,The Shawshank Redemption,Castle Rock Entertainment,Frank Darabont,Fantasy,1994,142,High,R,4,2021-10-13
560,The Shawshank Redemption,Castle Rock Entertainment,Frank Darabont,Crime,1994,142,High,R,4,2017-09-23
1890,The Dark Knight,Warner Bros.,Christopher Nolan,Romance,2008,152,High,PG-13,1,2015-04-17
142,The Shawshank Redemption,Castle Rock Entertainment,Frank Darabont,Fantasy,1994,142,High,R,1,2017-02-15
448,Schindler's List,Universal Pictures,Steven Spielberg,Action,1993,195,High,R,2,2016-01-19
2087,The Shawshank Redemption,Castle Rock Entertainment,Frank Darabont,Sci-Fi,1994,142,High,R,5,2015-06-18
584,Forrest Gump,Paramount Pictures,Robert Zemeckis,Crime,1994,142,High,PG-13,4,2020-07-23
2908,The Shawshank Redemption,Castle Rock Entertainment,Frank Darabont,Drama,1994,142,High,R,3,2018-07-19
455,Whiplash,Blumhouse Productions,Damien Chazelle,Sci-Fi,2014,107,Medium,R,1,2020-07-24
26,Fight Club,20th Century Fox,David Fincher,Animation,1999,139,High,R,1,2020-04-25
221,Pulp Fiction,Miramax,Quentin Tarantino,Comedy,1994,154,High,R,2,2019-07-26
1236,The Usual Suspects,Gramercy Pictures,Bryan Singer,Action,1995,106,Medium,R,2,2023-07-09
591,The Godfather,Paramount Pictures,Francis Ford Coppola,Action,1972,175,High,R,2,2019-01-16
1403,The Shawshank Redemption,Castle Rock Entertainment,Frank Darabont,Sci-Fi,1994,142,High,R,1,2016-08-13
338,The Shawshank Redemption,Castle Rock Entertainment,Frank Darabont,Romance,1994,142,High,R,3,2023-06-21
1250,The Shawshank Redemption,Castle Rock Entertainment,Frank Darabont,Drama,1994,142,High,R,5,2018-01-17
739,Goodfellas,Warner Bros.,Martin Scorsese,Fantasy,1990,146,High,R,4,2024-11-27
749,The Dark Knight,Warner Bros.,Christopher Nolan,Drama,2008,152,High,PG-13,2,2022-07-25
921,Pulp Fiction,Miramax,Quentin Tarantino,Adventure,1994,154,High,R,3,2016-01-22
2669,The Truman Show,Paramount Pictures,Peter Weir,Fantasy,1998,103,Medium,PG,4,2015-11-20
2774,Forrest Gump,Paramount Pictures,Robert Zemeckis,Comedy,1994,142,High,PG-13,5,2015-04-09
2213,The Shawshank Redemption,Castle Rock Entertainment,Frank Darabont,Adventure,1994,142,High,R,3,2021-07-21
434,The Dark Knight,Warner Bros.,Christopher Nolan,Sci-Fi,2008,152,High,PG-13,1,2016-06-22
2200,The Shawshank Redemption,Castle Rock Entertainment,Frank Darabont,Crime,1994,142,High,R,3,2025-09-17
1761,The Matrix,Warner Bros.,Lana Wachowski,Crime,1999,136,High,R,2,2024-01-13
2485,Inception,Warner Bros.,Christopher Nolan,Sci-Fi,2010,148,High,PG-13,3,2023-03-20
2278,Saving Private Ryan,DreamWorks/Amblin,Steven Spielberg,Sci-Fi,1998,169,High,R,3,2020-05-15
877,Pulp Fiction,Miramax,Quentin Tarantino,Animation,1994,154,High,R,4,2016-06-03
2153,Forrest Gump,Paramount Pictures,Robert Zemeckis,Drama,1994,142,High,PG-13,1,2020-08-10
2094,The Godfather,Paramount Pictures,Francis Ford Coppola,Fantasy,1972,175,High,R,3,2015-04-07
363,Se7en,New Line Cinema,David Fincher,Fantasy,1995,127,High,R,5,2025-12-13
2010,Inside Out,Pixar,Pete Docter,Crime,2015,95,Medium,PG,5,2015-05-14
1791,The Godfather,Paramount Pictures,Francis Ford Coppola,Romance,1972,175,High,R,2,2015-12-18
2975,The Godfather,Paramount Pictures,Francis Ford Coppola,Drama,1972,175,High,R,4,2021-05-28
2992,The Departed,Warner Bros.,Martin Scorsese,Thriller,2006,151,High,R,4,2021-10-26
944,The Lord of the Rings: The Return of the King,New Line Cinema,Peter Jackson,Thriller,2003,201,High,PG-13,3,2025-12-26
1108,The Godfather,Paramount Pictures,Francis Ford Coppola,Comedy,1972,175,High,R,5,2019-11-26
481,Pulp Fiction,Miramax,Quentin Tarantino,Drama,1994,154,High,R,5,2016-10-08
1124,The Godfather,Paramount Pictures,Francis Ford Coppola,Animation,1972,175,High,R,4,2018-07-28
271,Pulp Fiction,Miramax,Quentin Tarantino,Action,1994,154,High,R,1,2016-11-19
608,The Avengers,Marvel Studios,Joss Whedon,Thriller,2012,143,High,PG-13,4,2022-09-12
853,Mad Max: Fury Road,Warner Bros.,George Miller,Adventure,2015,120,Medium,R,3,2015-01-07
75,The Departed,Warner Bros.,Martin Scorsese,Drama,2006,151,High,R,1,2015-03-26
1195,Fight Club,20th Century Fox,David Fincher,Sci-Fi,1999,139,High,R,2,2023-11-24
2432,Goodfellas,Warner Bros.,Martin Scorsese,Sci-Fi,1990,146,High,R,4,2017-09-07
2135,The Shawshank Redemption,Castle Rock Entertainment,Frank Darabont,Drama,1994,142,High,R,1,2020-10-15
1033,Fight Club,20th Century Fox,David Fincher,Romance,1999,139,High,R,1,2016-05-11
379,The Shawshank Redemption,Castle Rock Entertainment,Frank Darabont,Drama,1994,142,High,R,1,2021-07-02
2808,The Dark Knight,Warner Bros.,Christopher Nolan,Action,2008,152,High,PG-13,2,2016-07-22
2179,Forrest Gump,Paramount Pictures,Robert Zemeckis,Fantasy,1994,142,High,PG-13,5,2022-07-20
2935,The King's Speech,The Weinstein Company,Tom Hooper,Romance,2010,118,Medium,R,4,2023-04-20
1380,The Lord of the Rings: The Return of the King,New Line Cinema,Peter Jackson,Sci-Fi,2003,201,High,PG-13,1,2021-01-28
1967,The Godfather,Paramount Pictures,Francis Ford Coppola,Crime,1972,175,High,R,5,2019-10-08
208,The Avengers,Marvel Studios,Joss Whedon,Sci-Fi,2012,143,High,PG-13,2,2015-06-16
1136,The Shawshank Redemption,Castle Rock Entertainment,Frank Darabont,Romance,1994,142,High,R,5,2020-10-10
397,The Empire Strikes Back,Lucasfilm,Irvin Kershner,Thriller,1980,124,High,PG,4,2016-05-01
394,Titanic,Paramount Pictures,James Cameron,Thriller,1997,195,High,PG-13,4,2015-12-04
2713,Inception,Warner Bros.,Christopher Nolan,Crime,2010,148,High,PG-13,3,2016-01-14
2054,The Lord of the Rings: The Return of the King,New Line Cinema,Peter Jackson,Adventure,2003,201,High,PG-13,3,2018-09-12
75,The Shawshank Redemption,Castle Rock Entertainment,Frank Darabont,Romance,1994,142,High,R,3,2016-09-06
1487,The Shawshank Redemption,Castle Rock Entertainment,Frank Darabont,Comedy,1994,142,High,R,1,2015-10-08
1684,The Shawshank Redemption,Castle Rock Entertainment,Frank Darabont,Thriller,1994,142,High,R,3,2019-08-19
2355,The Shawshank Redemption,Castle Rock Entertainment,Frank Darabont,Adventure,1994,142,High,R,4,2025-07-31
2884,The Lord of the Rings: The Return of the King,New Line Cinema,Peter Jackson,Comedy,2003,201,High,PG-13,3,2021-07-11
608,The Godfather,Paramount Pictures,Francis Ford Coppola,Sci-Fi,1972,175,High,R,4,2019-12-14
566,Gladiator,DreamWorks Pictures,Ridley Scott,Crime,2000,155,High,R,1,2021-03-04
2209,The Godfather,Paramount Pictures,Francis Ford Coppola,Drama,1972,175,High,R,2,2022-12-03
565,Avengers: Endgame,Marvel Studios,Anthony Russo,Animation,2019,181,High,PG-13,2,2025-04-28
1184,Schindler's List,Universal Pictures,Steven Spielberg,Animation,1993,195,High,R,4,2021-09-09
138,WALL·E,Pixar,Andrew Stanton,Action,2008,98,Medium,G,4,2016-07-30
1074,Inception,Warner Bros.,Christopher Nolan,Animation,2010,148,High,PG-13,1,2020-07-28
1469,Interstellar,Paramount Pictures,Christopher Nolan,Action,2014,169,High,PG-13,4,2017-07-20
655,The Silence of the Lambs,Orion Pictures,Jonathan Demme,Thriller,1991,118,Medium,R,4,2018-06-30
72,Alien,20th Century Fox,Ridley Scott,Thriller,1979,117,Medium,R,3,2020-02-05
388,The Shawshank Redemption,Castle Rock Entertainment,Frank Darabont,Crime,1994,142,High,R,2,2021-12-13
2873,Django Unchained,Columbia Pictures,Quentin Tarantino,Animation,2012,165,High,R,2,2021-03-09
1715,The Dark Knight,Warner Bros.,Christopher Nolan,Animation,2008,152,High,PG-13,1,2022-09-13
2313,The Pianist,Focus Features,Roman Polanski,Action,2002,150,High,R,3,2018-11-18
130,The Shawshank Redemption,Castle Rock Entertainment,Frank Darabont,Sci-Fi,1994,142,High,R,1,2024-11-27
227,The Shawshank Redemption,Castle Rock Entertainment,Frank Darabont,Romance,1994,142,High,R,2,2017-06-16
350,The Godfather,Paramount Pictures,Francis Ford Coppola,Sci-Fi,1972,175,High,R,1,2015-08-09
1878,The Shawshank Redemption,Castle Rock Entertainment,Frank Darabont,Thriller,1994,142,High,R,5,2016-08-10
521,The Shawshank Redemption,Castle Rock Entertainment,Frank Darabont,Crime,1994,142,High,R,2,2017-04-01
367,Fight Club,20th Century Fox,David Fincher,Sci-Fi,1999,139,High,R,1,2018-12-08
1533,The Shawshank Redemption,Castle Rock Entertainment,Frank Darabont,Comedy,1994,142,High,R,5,2023-01-08
1332,The Shawshank Redemption,Castle Rock Entertainment,Frank Darabont,Sci-Fi,1994,142,High,R,4,2023-06-05
2972,The Godfather,Paramount Pictures,Francis Ford Coppola,Comedy,1972,175,High,R,3,2019-04-13
592,The Shawshank Redemption,Castle Rock Entertainment,Frank Darabont,Comedy,1994,142,High,R,2,2025-01-09
2597,Spirited Away,Studio Ghibli,Hayao Miyazaki,Sci-Fi,2001,125,High,PG,2,2024-07-22
361,The Godfather,Paramount Pictures,Francis Ford Coppola,Drama,1972,175,High,R,1,2021-12-22
2946,The Dark Knight,Warner Bros.,Christopher Nolan,Drama,2008,152,High,PG-13,3,2020-08-06
610,Goodfellas,Warner Bros.,Martin Scorsese,Thriller,1990,146,High,R,3,2020-07-07
1728,The Godfather,Paramount Pictures,Francis Ford Coppola,Adventure,1972,175,High,R,5,2025-10-11
669,The Shawshank Redemption,Castle Rock Entertainment,Frank Darabont,Sci-Fi,1994,142,High,R,5,2016-11-23
1880,The Pianist,Focus Features,Roman Polanski,Crime,2002,150,High,R,2,2024-04-06
16,Schindler's List,Universal Pictures,Steven Spielberg,Action,1993,195,High,R,4,2020-01-30
1439,Inception,Warner Bros.,Christopher Nolan,Sci-Fi,2010,148,High,PG-13,4,2025-06-26
533,"Crouching Tiger, Hidden Dragon",Sony Pictures Classics,Ang Lee,Sci-Fi,2000,120,Medium,PG-13,2,2024-08-06
1811,The Godfather,Paramount Pictures,Francis Ford Coppola,Crime,1972,175,High,R,5,2024-11-10
2092,The Grand Budapest Hotel,Fox Searchlight,Wes Anderson,Sci-Fi,2014,99,Medium,R,5,2019-12-16
1939,La La Land,Summit Entertainment,Damien Chazelle,Comedy,2016,128,High,PG-13,5,2018-04-16
247,Forrest Gump,Paramount Pictures,Robert Zemeckis,Crime,1994,142,High,PG-13,2,2021-06-26
1691,The Silence of the Lambs,Orion Pictures,Jonathan Demme,Adventure,1991,118,Medium,R,1,2015-05-30
2051,Inside Out,Pixar,Pete Docter,Crime,2015,95,Medium,PG,5,2018-05-27
964,Fight Club,20th Century Fox,David Fincher,Comedy,1999,139,High,R,2,2016-05-29
220,The Godfather,Paramount Pictures,Francis Ford Coppola,Comedy,1972,175,High,R,2,2018-06-13
625,The Godfather,Paramount Pictures,Francis Ford Coppola,Sci-Fi,1972,175,High,R,4,2021-02-21
2610,Alien,20th Century Fox,Ridley Scott,Action,1979,117,Medium,R,1,2018-10-09
1460,Pulp Fiction,Miramax,Quentin Tarantino,Comedy,1994,154,High,R,5,2023-04-12
705,The Shawshank Redemption,Castle Rock Entertainment,Frank Darabont,Comedy,1994,142,High,R,5,2023-10-24
1160,The Shawshank Redemption,Castle Rock Entertainment,Frank Darabont,Sci-Fi,1994,142,High,R,3,2023-12-26
2747,The Silence of the Lambs,Orion Pictures,Jonathan Demme,Crime,1991,118,Medium,R,1,2016-02-19
2255,Gladiator,DreamWorks Pictures,Ridley Scott,Fantasy,2000,155,High,R,2,2021-02-17
11,The Shawshank Redemption,Castle Rock Entertainment,Frank Darabont,Action,1994,142,High,R,4,2017-10-17
924,La La Land,Summit Entertainment,Damien Chazelle,Sci-Fi,2016,128,High,PG-13,2,2018-06-10
2060,The Dark Knight,Warner Bros.,Christopher Nolan,Romance,2008,152,High,PG-13,3,2020-08-11
1136,Saving Private Ryan,DreamWorks/Amblin,Steven Spielberg,Crime,1998,169,High,R,5,2020-10-17
1660,The Matrix,Warner Bros.,Lana Wachowski,Sci-Fi,1999,136,High,R,5,2015-04-06
403,The Dark Knight,Warner Bros.,Christopher Nolan,Drama,2008,152,High,PG-13,3,2024-06-30
660,American Beauty,DreamWorks,Sam Mendes,Drama,1999,122,High,R,2,2016-01-09
2690,American Beauty,DreamWorks,Sam Mendes,Adventure,1999,122,High,R,3,2017-03-14
121,Se7en,New Line Cinema,David Fincher,Crime,1995,127,High,R,2,2017-10-09
2504,The Shawshank Redemption,Castle Rock Entertainment,Frank Darabont,Sci-Fi,1994,142,High,R,1,2018-06-27
982,Goodfellas,Warner Bros.,Martin Scorsese,Animation,1990,146,High,R,4,2015-01-18
217,Forrest Gump,Paramount Pictures,Robert Zemeckis,Crime,1994,142,High,PG-13,5,2019-04-27
2863,Heat,Warner Bros.,Michael Mann,Thriller,1995,170,High,R,2,2015-09-13
2426,The Shawshank Redemption,Castle Rock Entertainment,Frank Darabont,Romance,1994,142,High,R,4,2021-03-05
1131,The Lord of the Rings: The Return of the King,New Line Cinema,Peter Jackson,Drama,2003,201,High,PG-13,1,2016-01-02
1945,The Shawshank Redemption,Castle Rock Entertainment,Frank Darabont,Drama,1994,142,High,R,2,2018-05-04
2826,American Beauty,DreamWorks,Sam Mendes,Thriller,1999,122,High,R,1,2023-05-31
1912,Forrest Gump,Paramount Pictures,Robert Zemeckis,Crime,1994,142,High,PG-13,5,2024-03-23
430,The Departed,Warner Bros.,Martin Scorsese,Animation,2006,151,High,R,4,2015-07-06
1454,Moonlight,A24,Barry Jenkins,Sci-Fi,2016,111,Medium,R,2,2023-07-13
2079,The Empire Strikes Back,Lucasfilm,Irvin Kershner,Romance,1980,124,High,PG,1,2023-02-04
2606,The Godfather,Paramount Pictures,Francis Ford Coppola,Romance,1972,175,High,R,3,2024-06-24
1494,Forrest Gump,Paramount Pictures,Robert Zemeckis,Animation,1994,142,High,PG-13,3,2024-09-22
1793,The Truman Show,Paramount Pictures,Peter Weir,Crime,1998,103,Medium,PG,1,2017-04-23
2893,The Dark Knight,Warner Bros.,Christopher Nolan,Adventure,2008,152,High,PG-13,5,2016-11-09
2165,The Shawshank Redemption,Castle Rock Entertainment,Frank Darabont,Fantasy,1994,142,High,R,2,2021-04-05
15,The Empire Strikes Back,Lucasfilm,Irvin Kershner,Fantasy,1980,124,High,PG,5,2023-05-09
231,Forrest Gump,Paramount Pictures,Robert Zemeckis,Fantasy,1994,142,High,PG-13,5,2023-07-12
1702,Gladiator,DreamWorks Pictures,Ridley Scott,Fantasy,2000,155,High,R,1,2025-08-08
2098,The Shawshank Redemption,Castle Rock Entertainment,Frank Darabont,Drama,1994,142,High,R,5,2022-09-28
634,The Shawshank Redemption,Castle Rock Entertainment,Frank Darabont,Romance,1994,142,High,R,4,2025-12-11
2409,The Shawshank Redemption,Castle Rock Entertainment,Frank Darabont,Thriller,1994,142,High,R,5,2024-11-09
2009,The Silence of the Lambs,Orion Pictures,Jonathan Demme,Sci-Fi,1991,118,Medium,R,3,2020-05-24
1388,Whiplash,Blumhouse Productions,Damien Chazelle,Animation,2014,107,Medium,R,2,2020-06-10
1718,Parasite,CJ Entertainment,Bong Joon-ho,Drama,2019,132,High,R,4,2024-11-06
1175,Fight Club,20th Century Fox,David Fincher,Crime,1999,139,High,R,1,2017-01-15
1442,Fight Club,20th Century Fox,David Fincher,Animation,1999,139,High,R,3,2023-10-18
696,Forrest Gump,Paramount Pictures,Robert Zemeckis,Animation,1994,142,High,PG-13,1,2015-03-02
553,Schindler's List,Universal Pictures,Steven Spielberg,Comedy,1993,195,High,R,2,2023-12-15
498,The Shawshank Redemption,Castle Rock Entertainment,Frank Darabont,Sci-Fi,1994,142,High,R,2,2016-10-26
2740,The Dark Knight,Warner Bros.,Christopher Nolan,Drama,2008,152,High,PG-13,4,2021-10-03
1868,The Departed,Warner Bros.,Martin Scorsese,Animation,2006,151,High,R,3,2024-06-30
1813,The Godfather,Paramount Pictures,Francis Ford Coppola,Fantasy,1972,175,High,R,1,2019-05-13
2539,The Empire Strikes Back,Lucasfilm,Irvin Kershner,Adventure,1980,124,High,PG,1,2019-11-25
1494,Interstellar,Paramount Pictures,Christopher Nolan,Thriller,2014,169,High,PG-13,5,2024-07-12
225,Interstellar,Paramount Pictures,Christopher Nolan,Action,2014,169,High,PG-13,1,2018-08-11
595,Goodfellas,Warner Bros.,Martin Scorsese,Sci-Fi,1990,146,High,R,3,2024-03-26
40,The Dark Knight,Warner Bros.,Christopher Nolan,Drama,2008,152,High,PG-13,4,2025-05-28
2658,The Shawshank Redemption,Castle Rock Entertainment,Frank Darabont,Adventure,1994,142,High,R,1,2025-12-24
868,Inception,Warner Bros.,Christopher Nolan,Comedy,2010,148,High,PG-13,2,2018-03-01
910,Interstellar,Paramount Pictures,Christopher Nolan,Crime,2014,169,High,PG-13,5,2021-01-13
1200,The Matrix,Warner Bros.,Lana Wachowski,Comedy,1999,136,High,R,5,2024-08-04
1235,Forrest Gump,Paramount Pictures,Robert Zemeckis,Thriller,1994,142,High,PG-13,1,2015-02-11
306,Joker,Warner Bros.,Todd Phillips,Sci-Fi,2019,122,High,R,5,2024-01-29
604,American Beauty,DreamWorks,Sam Mendes,Adventure,1999,122,High,R,2,2015-07-11
2948,The Shawshank Redemption,Castle Rock Entertainment,Frank Darabont,Crime,1994,142,High,R,4,2020-05-04
1192,The Dark Knight,Warner Bros.,Christopher Nolan,Animation,2008,152,High,PG-13,4,2022-10-31
2517,The Dark Knight,Warner Bros.,Christopher Nolan,Thriller,2008,152,High,PG-13,2,2022-06-28
372,Mad Max: Fury Road,Warner Bros.,George Miller,Thriller,2015,120,Medium,R,3,2021-03-02
486,The Shawshank Redemption,Castle Rock Entertainment,Frank Darabont,Adventure,1994,142,High,R,1,2024-03-13
1064,The Grand Budapest Hotel,Fox Searchlight,Wes Anderson,Comedy,2014,99,Medium,R,4,2019-09-19
2398,The Departed,Warner Bros.,Martin Scorsese,Action,2006,151,High,R,4,2020-09-01
1011,The Prestige,Warner Bros.,Christopher Nolan,Crime,2006,130,High,PG-13,3,2020-04-19
2237,Fight Club,20th Century Fox,David Fincher,Adventure,1999,139,High,R,1,2016-07-14
404,The Departed,Warner Bros.,Martin Scorsese,Fantasy,2006,151,High,R,4,2018-09-11
2306,The Shawshank Redemption,Castle Rock Entertainment,Frank Darabont,Romance,1994,142,High,R,3,2023-07-31
1064,Forrest Gump,Paramount Pictures,Robert Zemeckis,Crime,1994,142,High,PG-13,3,2019-01-23
659,The Shawshank Redemption,Castle Rock Entertainment,Frank Darabont,Drama,1994,142,High,R,5,2020-03-06
1211,The Godfather,Paramount Pictures,Francis Ford Coppola,Sci-Fi,1972,175,High,R,1,2016-09-20
1148,The Prestige,Warner Bros.,Christopher Nolan,Sci-Fi,2006,130,High,PG-13,3,2023-08-27
151,Pulp Fiction,Miramax,Quentin Tarantino,Fantasy,1994,154,High,R,4,2016-08-01
1887,The Dark Knight,Warner Bros.,Christopher Nolan,Fantasy,2008,152,High,PG-13,1,2015-04-22
1482,The Shawshank Redemption,Castle Rock Entertainment,Frank Darabont,Animation,1994,142,High,R,4,2016-05-16
2627,The Dark Knight,Warner Bros.,Christopher Nolan,Comedy,2008,152,High,PG-13,4,2020-12-17
401,Se7en,New Line Cinema,David Fincher,Fantasy,1995,127,High,R,1,2017-06-05
66,Forrest Gump,Paramount Pictures,Robert Zemeckis,Comedy,1994,142,High,PG-13,2,2020-12-11
299,Whiplash,Blumhouse Productions,Damien Chazelle,Fantasy,2014,107,Medium,R,3,2024-03-18
1881,Parasite,CJ Entertainment,Bong Joon-ho,Animation,2019,132,High,R,3,2022-11-30
2305,The Empire Strikes Back,Lucasfilm,Irvin Kershner,Sci-Fi,1980,124,High,PG,1,2016-10-25
2164,The Shawshank Redemption,Castle Rock Entertainment,Frank Darabont,Comedy,1994,142,High,R,4,2022-09-07
2274,The Dark Knight,Warner Bros.,Christopher Nolan,Action,2008,152,High,PG-13,4,2017-01-31
1707,Inception,Warner Bros.,Christopher Nolan,Comedy,2010,148,High,PG-13,1,2020-01-12
2674,Pulp Fiction,Miramax,Quentin Tarantino,Action,1994,154,High,R,1,2019-12-30
277,No Country for Old Men,Mirage Enterprises,Ethan Coen,Thriller,2007,122,High,R,2,2020-05-12
2977,La La Land,Summit Entertainment,Damien Chazelle,Thriller,2016,128,High,PG-13,3,2017-05-02
2833,Fight Club,20th Century Fox,David Fincher,Sci-Fi,1999,139,High,R,4,2019-09-07
2167,The Shawshank Redemption,Castle Rock Entertainment,Frank Darabont,Romance,1994,142,High,R,2,2017-06-11
214,Pulp Fiction,Miramax,Quentin Tarantino,Animation,1994,154,High,R,4,2021-10-23
2144,Pulp Fiction,Miramax,Quentin Tarantino,Drama,1994,154,High,R,3,2020-10-18
236,Django Unchained,Columbia Pictures,Quentin Tarantino,Romance,2012,165,High,R,2,2016-12-23
25,Interstellar,Paramount Pictures,Christopher Nolan,Adventure,2014,169,High,PG-13,2,2017-11-29
2474,The Dark Knight,Warner Bros.,Christopher Nolan,Drama,2008,152,High,PG-13,5,2025-07-31
1713,The Departed,Warner Bros.,Martin Scorsese,Fantasy,2006,151,High,R,2,2021-06-24
1841,Goodfellas,Warner Bros.,Martin Scorsese,Adventure,1990,146,High,R,5,2024-07-28
786,Pulp Fiction,Miramax,Quentin Tarantino,Comedy,1994,154,High,R,1,2018-07-11
237,The Empire Strikes Back,Lucasfilm,Irvin Kershner,Adventure,1980,124,High,PG,4,2020-01-19
1898,Goodfellas,Warner Bros.,Martin Scorsese,Animation,1990,146,High,R,5,2024-11-20
651,Forrest Gump,Paramount Pictures,Robert Zemeckis,Adventure,1994,142,High,PG-13,3,2017-11-09
114,Pulp Fiction,Miramax,Quentin Tarantino,Crime,1994,154,High,R,5,2022-11-25
742,The Godfather,Paramount Pictures,Francis Ford Coppola,Animation,1972,175,High,R,3,2016-08-25
2985,Forrest Gump,Paramount Pictures,Robert Zemeckis,Sci-Fi,1994,142,High,PG-13,2,2020-02-09
2636,The Shawshank Redemption,Castle Rock Entertainment,Frank Darabont,Drama,1994,142,High,R,2,2016-12-19
308,The Shawshank Redemption,Castle Rock Entertainment,Frank Darabont,Crime,1994,142,High,R,1,2023-07-17
2486,Parasite,CJ Entertainment,Bong Joon-ho,Adventure,2019,132,High,R,4,2019-10-11
674,The Shawshank Redemption,Castle Rock Entertainment,Frank Darabont,Fantasy,1994,142,High,R,1,2019-09-29
2225,The Shawshank Redemption,Castle Rock Entertainment,Frank Darabont,Comedy,1994,142,High,R,2,2021-12-01
2263,The Dark Knight,Warner Bros.,Christopher Nolan,Comedy,2008,152,High,PG-13,3,2024-05-21
1536,The Dark Knight,Warner Bros.,Christopher Nolan,Animation,2008,152,High,PG-13,2,2015-05-13
2370,The Shawshank Redemption,Castle Rock Entertainment,Frank Darabont,Crime,1994,142,High,R,4,2025-09-18
122,The Shawshank Redemption,Castle Rock Entertainment,Frank Darabont,Romance,1994,142,High,R,2,2017-02-05
2252,There Will Be Blood,Paramount Vantage,Paul Thomas Anderson,Sci-Fi,2007,158,High,R,5,2023-11-30
1629,The Shawshank Redemption,Castle Rock Entertainment,Frank Darabont,Comedy,1994,142,High,R,2,2022-08-11
2238,The Godfather,Paramount Pictures,Francis Ford Coppola,Crime,1972,175,High,R,1,2019-09-26
80,The Shawshank Redemption,Castle Rock Entertainment,Frank Darabont,Crime,1994,142,High,R,4,2020-03-17
795,The Truman Show,Paramount Pictures,Peter Weir,Crime,1998,103,Medium,PG,4,2025-05-12
45,Pulp Fiction,Miramax,Quentin Tarantino,Drama,1994,154,High,R,3,2022-09-07
855,The King's Speech,The Weinstein Company,Tom Hooper,Comedy,2010,118,Medium,R,5,2017-03-23
1146,The Shawshank Redemption,Castle Rock Entertainment,Frank Darabont,Fantasy,1994,142,High,R,2,2017-11-05
1805,The Dark Knight,Warner Bros.,Christopher Nolan,Thriller,2008,152,High,PG-13,1,2024-09-04
990,The Shawshank Redemption,Castle Rock Entertainment,Frank Darabont,Comedy,1994,142,High,R,4,2019-11-10
2306,Joker,Warner Bros.,Todd Phillips,Drama,2019,122,High,R,5,2017-06-29
250,The Shawshank Redemption,Castle Rock Entertainment,Frank Darabont,Sci-Fi,1994,142,High,R,3,2017-12-01
2510,The Shawshank Redemption,Castle Rock Entertainment,Frank Darabont,Adventure,1994,142,High,R,5,2023-03-04
2863,The Lion King,Walt Disney Pictures,Roger Allers,Animation,1994,88,Low,G,3,2016-03-21
1893,The Lord of the Rings: The Return of the King,New Line Cinema,Peter Jackson,Romance,2003,201,High,PG-13,2,2016-06-05
357,Interstellar,Paramount Pictures,Christopher Nolan,Fantasy,2014,169,High,PG-13,2,2021-01-24
1588,The Shawshank Redemption,Castle Rock Entertainment,Frank Darabont,Romance,1994,142,High,R,1,2024-03-21
2307,The Godfather,Paramount Pictures,Francis Ford Coppola,Drama,1972,175,High,R,3,2025-12-07
1764,The Lion King,Walt Disney Pictures,Roger Allers,Drama,1994,88,Low,G,2,2024-04-24
1357,Gladiator,DreamWorks Pictures,Ridley Scott,Fantasy,2000,155,High,R,4,2022-03-30
2640,The Lion King,Walt Disney Pictures,Roger Allers,Fantasy,1994,88,Low,G,2,2021-03-14
1085,The Godfather,Paramount Pictures,Francis Ford Coppola,Thriller,1972,175,High,R,5,2020-06-26
1855,The Lord of the Rings: The Return of the King,New Line Cinema,Peter Jackson,Romance,2003,201,High,PG-13,3,2015-04-06
1235,Titanic,Paramount Pictures,James Cameron,Animation,1997,195,High,PG-13,5,2019-11-17
1691,American Beauty,DreamWorks,Sam Mendes,Sci-Fi,1999,122,High,R,4,2019-01-28
2235,The Social Network,Columbia Pictures,David Fincher,Drama,2010,120,Medium,PG-13,2,2015-07-02
704,The Shawshank Redemption,Castle Rock Entertainment,Frank Darabont,Crime,1994,142,High,R,5,2025-10-06
319,The Matrix,Warner Bros.,Lana Wachowski,Action,1999,136,High,R,2,2023-08-27
134,There Will Be Blood,Paramount Vantage,Paul Thomas Anderson,Comedy,2007,158,High,R,2,2021-12-13
142,The Godfather,Paramount Pictures,Francis Ford Coppola,Animation,1972,175,High,R,5,2025-04-01
789,The Matrix,Warner Bros.,Lana Wachowski,Action,1999,136,High,R,2,2018-11-28
688,The Godfather,Paramount Pictures,Francis Ford Coppola,Action,1972,175,High,R,1,2025-09-26
1533,The Godfather,Paramount Pictures,Francis Ford Coppola,Crime,1972,175,High,R,1,2016-09-22
244,Avengers: Endgame,Marvel Studios,Anthony Russo,Adventure,2019,181,High,PG-13,3,2024-07-27
1346,The Shawshank Redemption,Castle Rock Entertainment,Frank Darabont,Thriller,1994,142,High,R,3,2018-03-07
1659,Saving Private Ryan,DreamWorks/Amblin,Steven Spielberg,Drama,1998,169,High,R,2,2024-08-04
2848,The Matrix,Warner Bros.,Lana Wachowski,Animation,1999,136,High,R,5,2018-03-12
1006,Whiplash,Blumhouse Productions,Damien Chazelle,Romance,2014,107,Medium,R,2,2023-06-20
1009,The Shawshank Redemption,Castle Rock Entertainment,Frank Darabont,Action,1994,142,High,R,3,2024-07-12
542,The Dark Knight,Warner Bros.,Christopher Nolan,Action,2008,152,High,PG-13,5,2019-10-14
2312,The Shawshank Redemption,Castle Rock Entertainment,Frank Darabont,Animation,1994,142,High,R,1,2018-11-21
518,Goodfellas,Warner Bros.,Martin Scorsese,Animation,1990,146,High,R,2,2016-05-16
663,Back to the Future,Universal Pictures,Robert Zemeckis,Comedy,1985,116,Medium,PG,3,2016-01-06
1366,The Grand Budapest Hotel,Fox Searchlight,Wes Anderson,Drama,2014,99,Medium,R,4,2023-10-01
2506,Se7en,New Line Cinema,David Fincher,Sci-Fi,1995,127,High,R,3,2025-03-06
585,The Matrix,Warner Bros.,Lana Wachowski,Action,1999,136,High,R,1,2016-04-27
309,The Godfather,Paramount Pictures,Francis Ford Coppola,Fantasy,1972,175,High,R,4,2017-03-22
1139,Forrest Gump,Paramount Pictures,Robert Zemeckis,Comedy,1994,142,High,PG-13,5,2019-03-03
2439,The Shawshank Redemption,Castle Rock Entertainment,Frank Darabont,Drama,1994,142,High,R,4,2017-01-16
833,Whiplash,Blumhouse Productions,Damien Chazelle,Comedy,2014,107,Medium,R,1,2021-05-08
401,There Will Be Blood,Paramount Vantage,Paul Thomas Anderson,Adventure,2007,158,High,R,5,2023-12-08
312,The Matrix,Warner Bros.,Lana Wachowski,Action,1999,136,High,R,4,2020-01-03
951,Interstellar,Paramount Pictures,Christopher Nolan,Crime,2014,169,High,PG-13,4,2019-03-06
1123,Titanic,Paramount Pictures,James Cameron,Action,1997,195,High,PG-13,4,2024-08-02
1633,Forrest Gump,Paramount Pictures,Robert Zemeckis,Action,1994,142,High,PG-13,5,2022-01-22
105,The Godfather,Paramount Pictures,Francis Ford Coppola,Crime,1972,175,High,R,2,2022-11-12
937,Moonlight,A24,Barry Jenkins,Sci-Fi,2016,111,Medium,R,1,2020-01-12
2703,The Shawshank Redemption,Castle Rock Entertainment,Frank Darabont,Romance,1994,142,High,R,5,2016-10-10
563,Goodfellas,Warner Bros.,Martin Scorsese,Animation,1990,146,High,R,3,2018-07-15
434,The Godfather,Paramount Pictures,Francis Ford Coppola,Thriller,1972,175,High,R,2,2022-11-28
41,The Shawshank Redemption,Castle Rock Entertainment,Frank Darabont,Thriller,1994,142,High,R,3,2018-12-23
572,The Godfather,Paramount Pictures,Francis Ford Coppola,Comedy,1972,175,High,R,2,2023-01-27
2729,The Shawshank Redemption,Castle Rock Entertainment,Frank Darabont,Crime,1994,142,High,R,3,2017-08-31
2422,Parasite,CJ Entertainment,Bong Joon-ho,Animation,2019,132,High,R,4,2020-06-10
2480,Pulp Fiction,Miramax,Quentin Tarantino,Action,1994,154,High,R,3,2020-03-24
538,Inside Out,Pixar,Pete Docter,Adventure,2015,95,Medium,PG,3,2024-08-23
968,The Shawshank Redemption,Castle Rock Entertainment,Frank Darabont,Crime,1994,142,High,R,5,2021-02-11
2211,Gladiator,DreamWorks Pictures,Ridley Scott,Comedy,2000,155,High,R,3,2022-11-08
31,The Prestige,Warner Bros.,Christopher Nolan,Romance,2006,130,High,PG-13,2,2023-04-03
170,The Godfather,Paramount Pictures,Francis Ford Coppola,Animation,1972,175,High,R,4,2020-07-10
856,Pulp Fiction,Miramax,Quentin Tarantino,Sci-Fi,1994,154,High,R,5,2017-03-23
2287,The Grand Budapest Hotel,Fox Searchlight,Wes Anderson,Action,2014,99,Medium,R,5,2021-08-11
2530,Pulp Fiction,Miramax,Quentin Tarantino,Crime,1994,154,High,R,3,2024-10-14
2935,The King's Speech,The Weinstein Company,Tom Hooper,Action,2010,118,Medium,R,3,2020-03-28
235,Fight Club,20th Century Fox,David Fincher,Comedy,1999,139,High,R,4,2018-01-31
1472,The Grand Budapest Hotel,Fox Searchlight,Wes Anderson,Adventure,2014,99,Medium,R,5,2023-10-23
2218,Goodfellas,Warner Bros.,Martin Scorsese,Animation,1990,146,High,R,2,2024-04-20
1958,The Shawshank Redemption,Castle Rock Entertainment,Frank Darabont,Adventure,1994,142,High,R,4,2022-12-20
2081,The Shawshank Redemption,Castle Rock Entertainment,Frank Darabont,Action,1994,142,High,R,1,2023-04-18
2395,The Godfather,Paramount Pictures,Francis Ford Coppola,Fantasy,1972,175,High,R,2,2022-05-21
888,Whiplash,Blumhouse Productions,Damien Chazelle,Adventure,2014,107,Medium,R,3,2025-05-12
2399,Mad Max: Fury Road,Warner Bros.,George Miller,Adventure,2015,120,Medium,R,3,2015-11-25
752,The Dark Knight,Warner Bros.,Christopher Nolan,Animation,2008,152,High,PG-13,2,2016-12-08
752,The Green Mile,Castle Rock Entertainment,Frank Darabont,Drama,1999,189,High,R,1,2020-12-24
1229,The Dark Knight,Warner Bros.,Christopher Nolan,Sci-Fi,2008,152,High,PG-13,2,2023-06-28
2413,Pulp Fiction,Miramax,Quentin Tarantino,Animation,1994,154,High,R,4,2017-02-11
695,Se7en,New Line Cinema,David Fincher,Action,1995,127,High,R,1,2016-01-07
1178,The Prestige,Warner Bros.,Christopher Nolan,Thriller,2006,130,High,PG-13,3,2015-12-24
56,Fight Club,20th Century Fox,David Fincher,Action,1999,139,High,R,5,2015-02-16
2842,The Lord of the Rings: The Return of the King,New Line Cinema,Peter Jackson,Sci-Fi,2003,201,High,PG-13,4,2016-11-28
2,Pulp Fiction,Miramax,Quentin Tarantino,Action,1994,154,High,R,4,2019-06-21
2379,The Godfather,Paramount Pictures,Francis Ford Coppola,Adventure,1972,175,High,R,1,2025-10-18
1955,The Dark Knight,Warner Bros.,Christopher Nolan,Thriller,2008,152,High,PG-13,2,2015-10-01
949,Parasite,CJ Entertainment,Bong Joon-ho,Drama,2019,132,High,R,1,2023-01-16
900,The Lord of the Rings: The Return of the King,New Line Cinema,Peter Jackson,Drama,2003,201,High,PG-13,1,2021-06-12
728,The Godfather,Paramount Pictures,Francis Ford Coppola,Thriller,1972,175,High,R,5,2021-12-11
356,The Shawshank Redemption,Castle Rock Entertainment,Frank Darabont,Comedy,1994,142,High,R,4,2016-01-19
24,Alien,20th Century Fox,Ridley Scott,Thriller,1979,117,Medium,R,4,2024-07-22
2167,Interstellar,Paramount Pictures,Christopher Nolan,Sci-Fi,2014,169,High,PG-13,1,2025-06-13
1639,The Shawshank Redemption,Castle Rock Entertainment,Frank Darabont,Fantasy,1994,142,High,R,1,2018-08-05
225,The Godfather,Paramount Pictures,Francis Ford Coppola,Crime,1972,175,High,R,4,2024-04-26
1153,Forrest Gump,Paramount Pictures,Robert Zemeckis,Sci-Fi,1994,142,High,PG-13,2,2019-05-21
61,The Shawshank Redemption,Castle Rock Entertainment,Frank Darabont,Animation,1994,142,High,R,3,2015-02-12
819,Fight Club,20th Century Fox,David Fincher,Thriller,1999,139,High,R,4,2016-12-11
1744,The Godfather,Paramount Pictures,Francis Ford Coppola,Crime,1972,175,High,R,4,2024-04-06
812,Schindler's List,Universal Pictures,Steven Spielberg,Thriller,1993,195,High,R,1,2017-04-22
2529,The Prestige,Warner Bros.,Christopher Nolan,Crime,2006,130,High,PG-13,1,2022-03-18
563,The Godfather,Paramount Pictures,Francis Ford Coppola,Crime,1972,175,High,R,4,2018-05-12
1131,The Pianist,Focus Features,Roman Polanski,Crime,2002,150,High,R,4,2018-11-30
806,There Will Be Blood,Paramount Vantage,Paul Thomas Anderson,Comedy,2007,158,High,R,1,2025-04-07
1591,Pulp Fiction,Miramax,Quentin Tarantino,Fantasy,1994,154,High,R,4,2022-05-21
130,Inception,Warner Bros.,Christopher Nolan,Fantasy,2010,148,High,PG-13,4,2025-01-11
1198,Pulp Fiction,Miramax,Quentin Tarantino,Thriller,1994,154,High,R,3,2021-10-11
1756,The Shawshank Redemption,Castle Rock Entertainment,Frank Darabont,Drama,1994,142,High,R,3,2024-11-13
1394,American Beauty,DreamWorks,Sam Mendes,Fantasy,1999,122,High,R,3,2024-08-16
355,The Shawshank Redemption,Castle Rock Entertainment,Frank Darabont,Animation,1994,142,High,R,4,2015-03-22
2313,Parasite,CJ Entertainment,Bong Joon-ho,Fantasy,2019,132,High,R,5,2021-11-26
691,The Shawshank Redemption,Castle Rock Entertainment,Frank Darabont,Comedy,1994,142,High,R,2,2015-06-18
1093,The Godfather,Paramount Pictures,Francis Ford Coppola,Thriller,1972,175,High,R,4,2018-06-14
898,The Departed,Warner Bros.,Martin Scorsese,Crime,2006,151,High,R,4,2016-11-20
805,The Godfather,Paramount Pictures,Francis Ford Coppola,Sci-Fi,1972,175,High,R,3,2023-12-05
1838,Forrest Gump,Paramount Pictures,Robert Zemeckis,Sci-Fi,1994,142,High,PG-13,5,2017-11-12
1202,Fight Club,20th Century Fox,David Fincher,Drama,1999,139,High,R,2,2019-01-10
561,The Departed,Warner Bros.,Martin Scorsese,Adventure,2006,151,High,R,2,2019-03-31
2819,Pulp Fiction,Miramax,Quentin Tarantino,Romance,1994,154,High,R,1,2018-02-24
2893,Forrest Gump,Paramount Pictures,Robert Zemeckis,Thriller,1994,142,High,PG-13,5,2019-11-13
1389,The Godfather,Paramount Pictures,Francis Ford Coppola,Drama,1972,175,High,R,1,2021-09-05
1098,The Godfather,Paramount Pictures,Francis Ford Coppola,Adventure,1972,175,High,R,3,2020-05-27
1316,The Shawshank Redemption,Castle Rock Entertainment,Frank Darabont,Sci-Fi,1994,142,High,R,3,2017-08-18
134,Whiplash,Blumhouse Productions,Damien Chazelle,Romance,2014,107,Medium,R,1,2024-05-14
319,The Matrix,Warner Bros.,Lana Wachowski,Thriller,1999,136,High,R,4,2020-12-25
2002,The Godfather,Paramount Pictures,Francis Ford Coppola,Sci-Fi,1972,175,High,R,1,2018-06-02
910,The Social Network,Columbia Pictures,David Fincher,Sci-Fi,2010,120,Medium,PG-13,1,2018-04-17
870,Pulp Fiction,Miramax,Quentin Tarantino,Animation,1994,154,High,R,3,2018-02-03
2221,Pulp Fiction,Miramax,Quentin Tarantino,Sci-Fi,1994,154,High,R,4,2015-12-04
1697,Se7en,New Line Cinema,David Fincher,Adventure,1995,127,High,R,4,2017-11-16
958,The Social Network,Columbia Pictures,David Fincher,Action,2010,120,Medium,PG-13,4,2023-06-20
1217,The Dark Knight,Warner Bros.,Christopher Nolan,Crime,2008,152,High,PG-13,3,2022-05-23
2120,The Grand Budapest Hotel,Fox Searchlight,Wes Anderson,Crime,2014,99,Medium,R,5,2019-03-07
245,Goodfellas,Warner Bros.,Martin Scorsese,Romance,1990,146,High,R,1,2025-07-10
451,The Shawshank Redemption,Castle Rock Entertainment,Frank Darabont,Fantasy,1994,142,High,R,2,2021-06-20
168,The Shawshank Redemption,Castle Rock Entertainment,Frank Darabont,Animation,1994,142,High,R,3,2018-10-02
1189,Interstellar,Paramount Pictures,Christopher Nolan,Animation,2014,169,High,PG-13,4,2015-03-25
1755,Inside Out,Pixar,Pete Docter,Adventure,2015,95,Medium,PG,4,2023-06-11
1016,The Shawshank Redemption,Castle Rock Entertainment,Frank Darabont,Drama,1994,142,High,R,2,2022-12-01
1007,Pulp Fiction,Miramax,Quentin Tarantino,Sci-Fi,1994,154,High,R,5,2020-09-16
1803,The Shawshank Redemption,Castle Rock Entertainment,Frank Darabont,Sci-Fi,1994,142,High,R,4,2022-03-25
2871,Schindler's List,Universal Pictures,Steven Spielberg,Drama,1993,195,High,R,4,2020-04-13
556,The Prestige,Warner Bros.,Christopher Nolan,Crime,2006,130,High,PG-13,5,2025-06-18
1948,The Shawshank Redemption,Castle Rock Entertainment,Frank Darabont,Action,1994,142,High,R,4,2019-08-08
67,Avengers: Endgame,Marvel Studios,Anthony Russo,Comedy,2019,181,High,PG-13,1,2021-11-21
2077,The Departed,Warner Bros.,Martin Scorsese,Fantasy,2006,151,High,R,5,2022-04-04
1350,Pulp Fiction,Miramax,Quentin Tarantino,Thriller,1994,154,High,R,5,2023-07-10
841,The Empire Strikes Back,Lucasfilm,Irvin Kershner,Drama,1980,124,High,PG,4,2020-04-12
693,Fight Club,20th Century Fox,David Fincher,Thriller,1999,139,High,R,3,2022-08-16
1973,Interstellar,Paramount Pictures,Christopher Nolan,Romance,2014,169,High,PG-13,5,2023-06-24
2612,Heat,Warner Bros.,Michael Mann,Drama,1995,170,High,R,3,2023-12-16
566,The Godfather,Paramount Pictures,Francis Ford Coppola,Drama,1972,175,High,R,3,2021-05-27
1075,The Shawshank Redemption,Castle Rock Entertainment,Frank Darabont,Crime,1994,142,High,R,4,2015-08-29
2868,The Silence of the Lambs,Orion Pictures,Jonathan Demme,Animation,1991,118,Medium,R,4,2023-07-31
2963,The Departed,Warner Bros.,Martin Scorsese,Animation,2006,151,High,R,4,2022-08-28
766,Pulp Fiction,Miramax,Quentin Tarantino,Sci-Fi,1994,154,High,R,4,2017-04-23
668,Parasite,CJ Entertainment,Bong Joon-ho,Crime,2019,132,High,R,4,2023-07-23
2377,The Matrix,Warner Bros.,Lana Wachowski,Drama,1999,136,High,R,4,2017-02-24
2757,The Matrix,Warner Bros.,Lana Wachowski,Animation,1999,136,High,R,5,2015-11-25
492,Django Unchained,Columbia Pictures,Quentin Tarantino,Animation,2012,165,High,R,2,2020-07-02
836,Fight Club,20th Century Fox,David Fincher,Sci-Fi,1999,139,High,R,3,2025-10-30
1875,The Departed,Warner Bros.,Martin Scorsese,Thriller,2006,151,High,R,4,2016-01-06
1262,Goodfellas,Warner Bros.,Martin Scorsese,Drama,1990,146,High,R,5,2019-09-29
1196,The Lord of the Rings: The Return of the King,New Line Cinema,Peter Jackson,Action,2003,201,High,PG-13,4,2021-08-02
2814,The Shawshank Redemption,Castle Rock Entertainment,Frank Darabont,Thriller,1994,142,High,R,5,2021-01-02
973,Blade Runner,Warner Bros.,Ridley Scott,Thriller,1982,117,Medium,R,1,2022-07-26
79,Toy Story,Pixar,John Lasseter,Comedy,1995,81,Low,G,5,2022-10-06
1715,The Shawshank Redemption,Castle Rock Entertainment,Frank Darabont,Adventure,1994,142,High,R,5,2021-11-05
261,Pulp Fiction,Miramax,Quentin Tarantino,Sci-Fi,1994,154,High,R,5,2017-01-05
9,The Lord of the Rings: The Return of the King,New Line Cinema,Peter Jackson,Animation,2003,201,High,PG-13,4,2017-02-16
1113,The Dark Knight,Warner Bros.,Christopher Nolan,Romance,2008,152,High,PG-13,5,2016-10-27
1005,The Godfather,Paramount Pictures,Francis Ford Coppola,Animation,1972,175,High,R,3,2022-05-21
2969,American Beauty,DreamWorks,Sam Mendes,Action,1999,122,High,R,1,2020-03-23
23,Inception,Warner Bros.,Christopher Nolan,Sci-Fi,2010,148,High,PG-13,4,2020-08-18
909,The Dark Knight,Warner Bros.,Christopher Nolan,Sci-Fi,2008,152,High,PG-13,3,2022-06-09
213,The Empire Strikes Back,Lucasfilm,Irvin Kershner,Adventure,1980,124,High,PG,5,2021-07-03
2961,The Shawshank Redemption,Castle Rock Entertainment,Frank Darabont,Comedy,1994,142,High,R,5,2025-04-30
7,Schindler's List,Universal Pictures,Steven Spielberg,Animation,1993,195,High,R,1,2018-09-07
1950,The Shawshank Redemption,Castle Rock Entertainment,Frank Darabont,Fantasy,1994,142,High,R,1,2016-04-13
2584,The Shawshank Redemption,Castle Rock Entertainment,Frank Darabont,Romance,1994,142,High,R,2,2019-08-16
128,The Godfather,Paramount Pictures,Francis Ford Coppola,Fantasy,1972,175,High,R,1,2017-04-13
2624,Inception,Warner Bros.,Christopher Nolan,Animation,2010,148,High,PG-13,1,2020-10-21
1648,There Will Be Blood,Paramount Vantage,Paul Thomas Anderson,Crime,2007,158,High,R,4,2016-10-14
1699,The Shawshank Redemption,Castle Rock Entertainment,Frank Darabont,Action,1994,142,High,R,5,2025-08-10
2157,Fight Club,20th Century Fox,David Fincher,Comedy,1999,139,High,R,3,2024-06-12
604,The Godfather,Paramount Pictures,Francis Ford Coppola,Drama,1972,175,High,R,1,2020-02-18
2315,Inception,Warner Bros.,Christopher Nolan,Romance,2010,148,High,PG-13,3,2025-09-01
309,The Shawshank Redemption,Castle Rock Entertainment,Frank Darabont,Fantasy,1994,142,High,R,3,2015-12-30
2427,Pulp Fiction,Miramax,Quentin Tarantino,Drama,1994,154,High,R,4,2025-07-05
452,The Empire Strikes Back,Lucasfilm,Irvin Kershner,Romance,1980,124,High,PG,4,2024-08-17
543,The Shawshank Redemption,Castle Rock Entertainment,Frank Darabont,Fantasy,1994,142,High,R,4,2019-05-25
69,The Shawshank Redemption,Castle Rock Entertainment,Frank Darabont,Drama,1994,142,High,R,5,2016-06-30
2604,The Godfather,Paramount Pictures,Francis Ford Coppola,Crime,1972,175,High,R,4,2015-08-21
2755,Se7en,New Line Cinema,David Fincher,Action,1995,127,High,R,4,2017-03-08
895,There Will Be Blood,Paramount Vantage,Paul Thomas Anderson,Comedy,2007,158,High,R,3,2018-01-08
2667,The Godfather,Paramount Pictures,Francis Ford Coppola,Romance,1972,175,High,R,4,2022-01-25
2788,The Shawshank Redemption,Castle Rock Entertainment,Frank Darabont,Comedy,1994,142,High,R,3,2020-11-07
732,The Lion King,Walt Disney Pictures,Roger Allers,Fantasy,1994,88,Low,G,1,2015-11-29
665,The Shawshank Redemption,Castle Rock Entertainment,Frank Darabont,Comedy,1994,142,High,R,2,2018-05-06
2444,Schindler's List,Universal Pictures,Steven Spielberg,Adventure,1993,195,High,R,2,2019-07-29
913,The Shawshank Redemption,Castle Rock Entertainment,Frank Darabont,Crime,1994,142,High,R,2,2025-09-24
2259,Pulp Fiction,Miramax,Quentin Tarantino,Thriller,1994,154,High,R,1,2017-01-18
2885,Avengers: Endgame,Marvel Studios,Anthony Russo,Romance,2019,181,High,PG-13,4,2019-07-18
1839,The Shawshank Redemption,Castle Rock Entertainment,Frank Darabont,Romance,1994,142,High,R,4,2022-04-12
1304,The Shawshank Redemption,Castle Rock Entertainment,Frank Darabont,Comedy,1994,142,High,R,2,2019-03-18
1454,The Shawshank Redemption,Castle Rock Entertainment,Frank Darabont,Comedy,1994,142,High,R,1,2018-12-12
325,The Godfather,Paramount Pictures,Francis Ford Coppola,Sci-Fi,1972,175,High,R,3,2020-08-15
1141,Interstellar,Paramount Pictures,Christopher Nolan,Fantasy,2014,169,High,PG-13,3,2023-09-26
2875,The Empire Strikes Back,Lucasfilm,Irvin Kershner,Thriller,1980,124,High,PG,4,2024-04-10
487,The Godfather,Paramount Pictures,Francis Ford Coppola,Animation,1972,175,High,R,5,2016-08-24
1019,The Dark Knight,Warner Bros.,Christopher Nolan,Romance,2008,152,High,PG-13,4,2020-08-03
624,Inception,Warner Bros.,Christopher Nolan,Comedy,2010,148,High,PG-13,4,2019-08-11
158,The Avengers,Marvel Studios,Joss Whedon,Action,2012,143,High,PG-13,2,2019-10-19
2560,The Dark Knight,Warner Bros.,Christopher Nolan,Fantasy,2008,152,High,PG-13,5,2023-09-12
302,WALL·E,Pixar,Andrew Stanton,Sci-Fi,2008,98,Medium,G,3,2021-07-25
1985,The Shawshank Redemption,Castle Rock Entertainment,Frank Darabont,Romance,1994,142,High,R,3,2021-05-11
207,WALL·E,Pixar,Andrew Stanton,Action,2008,98,Medium,G,2,2023-05-24
1585,Alien,20th Century Fox,Ridley Scott,Action,1979,117,Medium,R,5,2020-11-18
528,The Shawshank Redemption,Castle Rock Entertainment,Frank Darabont,Sci-Fi,1994,142,High,R,5,2021-12-14
1859,The Shawshank Redemption,Castle Rock Entertainment,Frank Darabont,Sci-Fi,1994,142,High,R,4,2015-10-25
725,Alien,20th Century Fox,Ridley Scott,Romance,1979,117,Medium,R,5,2019-07-30
2417,The Shawshank Redemption,Castle Rock Entertainment,Frank Darabont,Adventure,1994,142,High,R,4,2021-11-04
2471,Avengers: Endgame,Marvel Studios,Anthony Russo,Romance,2019,181,High,PG-13,2,2021-08-05
1314,The Prestige,Warner Bros.,Christopher Nolan,Animation,2006,130,High,PG-13,2,2017-06-01
2109,Se7en,New Line Cinema,David Fincher,Fantasy,1995,127,High,R,4,2021-03-27
768,Forrest Gump,Paramount Pictures,Robert Zemeckis,Fantasy,1994,142,High,PG-13,4,2021-11-07
498,The Dark Knight,Warner Bros.,Christopher Nolan,Sci-Fi,2008,152,High,PG-13,1,2018-05-18
2144,The Godfather,Paramount Pictures,Francis Ford Coppola,Animation,1972,175,High,R,2,2015-07-20
1012,Alien,20th Century Fox,Ridley Scott,Comedy,1979,117,Medium,R,5,2024-02-13
777,The Shawshank Redemption,Castle Rock Entertainment,Frank Darabont,Thriller,1994,142,High,R,5,2020-12-02
517,Inside Out,Pixar,Pete Docter,Romance,2015,95,Medium,PG,1,2016-09-25
273,The Dark Knight,Warner Bros.,Christopher Nolan,Drama,2008,152,High,PG-13,1,2025-01-21
1634,The Godfather,Paramount Pictures,Francis Ford Coppola,Drama,1972,175,High,R,4,2025-06-06
1250,The Shawshank Redemption,Castle Rock Entertainment,Frank Darabont,Romance,1994,142,High,R,1,2025-09-23
1165,Goodfellas,Warner Bros.,Martin Scorsese,Thriller,1990,146,High,R,1,2024-10-06
1231,Titanic,Paramount Pictures,James Cameron,Romance,1997,195,High,PG-13,1,2017-06-10
2355,The Shawshank Redemption,Castle Rock Entertainment,Frank Darabont,Thriller,1994,142,High,R,5,2024-02-07
543,Forrest Gump,Paramount Pictures,Robert Zemeckis,Action,1994,142,High,PG-13,5,2020-04-09
2640,The Shawshank Redemption,Castle Rock Entertainment,Frank Darabont,Romance,1994,142,High,R,5,2019-11-16
2733,The Godfather,Paramount Pictures,Francis Ford Coppola,Sci-Fi,1972,175,High,R,3,2016-10-16
47,The Pianist,Focus Features,Roman Polanski,Action,2002,150,High,R,3,2025-03-10
749,The Godfather,Paramount Pictures,Francis Ford Coppola,Action,1972,175,High,R,1,2020-10-25
1985,The Godfather,Paramount Pictures,Francis Ford Coppola,Thriller,1972,175,High,R,1,2021-05-24
420,Django Unchained,Columbia Pictures,Quentin Tarantino,Sci-Fi,2012,165,High,R,5,2025-07-27
2542,The Lord of the Rings: The Return of the King,New Line Cinema,Peter Jackson,Comedy,2003,201,High,PG-13,5,2025-02-26
140,The Dark Knight,Warner Bros.,Christopher Nolan,Romance,2008,152,High,PG-13,5,2025-05-01
540,Schindler's List,Universal Pictures,Steven Spielberg,Adventure,1993,195,High,R,4,2020-12-27
1493,The Grand Budapest Hotel,Fox Searchlight,Wes Anderson,Crime,2014,99,Medium,R,4,2022-05-22
1674,The Godfather,Paramount Pictures,Francis Ford Coppola,Drama,1972,175,High,R,4,2021-11-26
1365,Pulp Fiction,Miramax,Quentin Tarantino,Animation,1994,154,High,R,4,2021-05-31
28,Spirited Away,Studio Ghibli,Hayao Miyazaki,Action,2001,125,High,PG,3,2024-07-11
494,The Godfather,Paramount Pictures,Francis Ford Coppola,Comedy,1972,175,High,R,4,2017-11-21
298,Gladiator,DreamWorks Pictures,Ridley Scott,Adventure,2000,155,High,R,2,2025-10-25
1658,Schindler's List,Universal Pictures,Steven Spielberg,Fantasy,1993,195,High,R,5,2018-07-17
2032,The Shawshank Redemption,Castle Rock Entertainment,Frank Darabont,Drama,1994,142,High,R,4,2020-06-30
1433,The Shawshank Redemption,Castle Rock Entertainment,Frank Darabont,Action,1994,142,High,R,1,2020-07-25
2358,The Shawshank Redemption,Castle Rock Entertainment,Frank Darabont,Sci-Fi,1994,142,High,R,1,2023-07-01
2847,The Departed,Warner Bros.,Martin Scorsese,Action,2006,151,High,R,1,2016-08-23
2959,The Dark Knight,Warner Bros.,Christopher Nolan,Romance,2008,152,High,PG-13,5,2021-09-13
793,The Shawshank Redemption,Castle Rock Entertainment,Frank Darabont,Thriller,1994,142,High,R,5,2020-06-06
2998,The Shawshank Redemption,Castle Rock Entertainment,Frank Darabont,Drama,1994,142,High,R,2,2018-05-06
1838,The Shawshank Redemption,Castle Rock Entertainment,Frank Darabont,Comedy,1994,142,High,R,3,2018-01-31
1110,The Godfather,Paramount Pictures,Francis Ford Coppola,Romance,1972,175,High,R,1,2023-09-29
2190,Forrest Gump,Paramount Pictures,Robert Zemeckis,Drama,1994,142,High,PG-13,4,2023-05-30
270,Pulp Fiction,Miramax,Quentin Tarantino,Action,1994,154,High,R,2,2018-07-15
1317,The Truman Show,Paramount Pictures,Peter Weir,Drama,1998,103,Medium,PG,4,2019-08-21
1931,The Shawshank Redemption,Castle Rock Entertainment,Frank Darabont,Romance,1994,142,High,R,1,2023-10-27
1980,The Silence of the Lambs,Orion Pictures,Jonathan Demme,Animation,1991,118,Medium,R,3,2016-01-03
1422,Interstellar,Paramount Pictures,Christopher Nolan,Action,2014,169,High,PG-13,5,2021-08-26
1048,The Shawshank Redemption,Castle Rock Entertainment,Frank Darabont,Adventure,1994,142,High,R,4,2017-02-27
1451,The Shawshank Redemption,Castle Rock Entertainment,Frank Darabont,Crime,1994,142,High,R,5,2023-11-30
324,Inception,Warner Bros.,Christopher Nolan,Adventure,2010,148,High,PG-13,3,2021-02-08
1851,Titanic,Paramount Pictures,James Cameron,Crime,1997,195,High,PG-13,3,2025-01-14
1499,The Godfather,Paramount Pictures,Francis Ford Coppola,Romance,1972,175,High,R,4,2022-07-03
2649,The Godfather,Paramount Pictures,Francis Ford Coppola,Crime,1972,175,High,R,4,2015-07-12
1168,Forrest Gump,Paramount Pictures,Robert Zemeckis,Fantasy,1994,142,High,PG-13,1,2015-07-27
1276,The Shawshank Redemption,Castle Rock Entertainment,Frank Darabont,Thriller,1994,142,High,R,1,2023-01-15
1132,The Godfather,Paramount Pictures,Francis Ford Coppola,Comedy,1972,175,High,R,1,2021-01-19
2916,The Usual Suspects,Gramercy Pictures,Bryan Singer,Thriller,1995,106,Medium,R,5,2025-05-09
2211,Fight Club,20th Century Fox,David Fincher,Action,1999,139,High,R,1,2024-01-08
1613,The Shawshank Redemption,Castle Rock Entertainment,Frank Darabont,Thriller,1994,142,High,R,5,2019-04-17
1523,The Departed,Warner Bros.,Martin Scorsese,Drama,2006,151,High,R,2,2020-10-05
2804,Joker,Warner Bros.,Todd Phillips,Animation,2019,122,High,R,5,2019-06-24
2214,Alien,20th Century Fox,Ridley Scott,Drama,1979,117,Medium,R,4,2020-12-27
2491,The Shawshank Redemption,Castle Rock Entertainment,Frank Darabont,Sci-Fi,1994,142,High,R,3,2016-10-06
2835,Interstellar,Paramount Pictures,Christopher Nolan,Crime,2014,169,High,PG-13,4,2018-03-03
835,Pulp Fiction,Miramax,Quentin Tarantino,Romance,1994,154,High,R,2,2024-09-21
820,Titanic,Paramount Pictures,James Cameron,Adventure,1997,195,High,PG-13,4,2016-06-25
1229,The Shawshank Redemption,Castle Rock Entertainment,Frank Darabont,Thriller,1994,142,High,R,5,2020-04-02
2078,The Godfather,Paramount Pictures,Francis Ford Coppola,Drama,1972,175,High,R,5,2025-03-07
2071,There Will Be Blood,Paramount Vantage,Paul Thomas Anderson,Sci-Fi,2007,158,High,R,4,2015-06-24
175,Titanic,Paramount Pictures,James Cameron,Romance,1997,195,High,PG-13,5,2020-06-01
2865,The Matrix,Warner Bros.,Lana Wachowski,Drama,1999,136,High,R,1,2021-09-21
911,The Lord of the Rings: The Return of the King,New Line Cinema,Peter Jackson,Animation,2003,201,High,PG-13,3,2024-09-15
1597,The Shawshank Redemption,Castle Rock Entertainment,Frank Darabont,Thriller,1994,142,High,R,2,2024-02-03
1130,The Dark Knight,Warner Bros.,Christopher Nolan,Crime,2008,152,High,PG-13,3,2021-01-09
668,Fight Club,20th Century Fox,David Fincher,Animation,1999,139,High,R,1,2018-11-05
489,Saving Private Ryan,DreamWorks/Amblin,Steven Spielberg,Thriller,1998,169,High,R,2,2022-05-19
1863,The Shawshank Redemption,Castle Rock Entertainment,Frank Darabont,Sci-Fi,1994,142,High,R,1,2018-04-24
1285,Saving Private Ryan,DreamWorks/Amblin,Steven Spielberg,Action,1998,169,High,R,2,2015-03-16
1956,The Godfather,Paramount Pictures,Francis Ford Coppola,Fantasy,1972,175,High,R,1,2020-05-03
1968,Alien,20th Century Fox,Ridley Scott,Adventure,1979,117,Medium,R,3,2018-04-28
2781,Titanic,Paramount Pictures,James Cameron,Drama,1997,195,High,PG-13,5,2022-08-12
261,The Departed,Warner Bros.,Martin Scorsese,Thriller,2006,151,High,R,1,2019-12-23
1389,The Godfather,Paramount Pictures,Francis Ford Coppola,Crime,1972,175,High,R,5,2021-06-02
1991,Titanic,Paramount Pictures,James Cameron,Romance,1997,195,High,PG-13,3,2019-09-22
1669,Saving Private Ryan,DreamWorks/Amblin,Steven Spielberg,Sci-Fi,1998,169,High,R,2,2024-10-14
12,The Shawshank Redemption,Castle Rock Entertainment,Frank Darabont,Adventure,1994,142,High,R,5,2019-03-20
1575,The Dark Knight,Warner Bros.,Christopher Nolan,Drama,2008,152,High,PG-13,2,2023-05-27
532,The Shawshank Redemption,Castle Rock Entertainment,Frank Darabont,Animation,1994,142,High,R,3,2015-03-09
886,The Dark Knight,Warner Bros.,Christopher Nolan,Animation,2008,152,High,PG-13,4,2015-01-25
1355,Avengers: Endgame,Marvel Studios,Anthony Russo,Animation,2019,181,High,PG-13,4,2015-07-18
171,Blade Runner 2049,Warner Bros.,Denis Villeneuve,Drama,2017,164,High,R,4,2017-08-26
35,The Dark Knight,Warner Bros.,Christopher Nolan,Thriller,2008,152,High,PG-13,4,2024-04-19
2626,The Dark Knight,Warner Bros.,Christopher Nolan,Action,2008,152,High,PG-13,5,2024-12-12
33,The Shawshank Redemption,Castle Rock Entertainment,Frank Darabont,Sci-Fi,1994,142,High,R,3,2024-05-23
887,The Lord of the Rings: The Return of the King,New Line Cinema,Peter Jackson,Romance,2003,201,High,PG-13,1,2015-02-14
241,The Matrix,Warner Bros.,Lana Wachowski,Romance,1999,136,High,R,1,2016-11-06
1495,Saving Private Ryan,DreamWorks/Amblin,Steven Spielberg,Thriller,1998,169,High,R,1,2016-08-09
648,The Shawshank Redemption,Castle Rock Entertainment,Frank Darabont,Romance,1994,142,High,R,3,2018-10-20
1915,Interstellar,Paramount Pictures,Christopher Nolan,Fantasy,2014,169,High,PG-13,3,2021-05-17
460,Interstellar,Paramount Pictures,Christopher Nolan,Adventure,2014,169,High,PG-13,2,2024-08-13
203,The Matrix,Warner Bros.,Lana Wachowski,Action,1999,136,High,R,4,2015-06-20
545,The Lord of the Rings: The Return of the King,New Line Cinema,Peter Jackson,Animation,2003,201,High,PG-13,4,2015-06-26
2020,Mad Max: Fury Road,Warner Bros.,George Miller,Fantasy,2015,120,Medium,R,3,2025-04-14
1120,"Crouching Tiger, Hidden Dragon",Sony Pictures Classics,Ang Lee,Adventure,2000,120,Medium,PG-13,3,2024-02-06
1307,Spirited Away,Studio Ghibli,Hayao Miyazaki,Romance,2001,125,High,PG,2,2015-06-29
2841,The Godfather,Paramount Pictures,Francis Ford Coppola,Animation,1972,175,High,R,5,2018-02-27
371,The Godfather,Paramount Pictures,Francis Ford Coppola,Adventure,1972,175,High,R,2,2020-10-05
2943,The Shawshank Redemption,Castle Rock Entertainment,Frank Darabont,Drama,1994,142,High,R,5,2016-05-09
1436,Fight Club,20th Century Fox,David Fincher,Sci-Fi,1999,139,High,R,3,2022-01-21
1353,Inception,Warner Bros.,Christopher Nolan,Comedy,2010,148,High,PG-13,3,2023-07-19
688,The Dark Knight,Warner Bros.,Christopher Nolan,Sci-Fi,2008,152,High,PG-13,2,2024-09-21
2021,The Matrix,Warner Bros.,Lana Wachowski,Adventure,1999,136,High,R,2,2016-05-20
1669,The Lord of the Rings: The Return of the King,New Line Cinema,Peter Jackson,Drama,2003,201,High,PG-13,3,2022-11-04
1721,The Dark Knight,Warner Bros.,Christopher Nolan,Thriller,2008,152,High,PG-13,4,2016-02-25
125,Parasite,CJ Entertainment,Bong Joon-ho,Comedy,2019,132,High,R,5,2019-09-29
2623,Pulp Fiction,Miramax,Quentin Tarantino,Comedy,1994,154,High,R,4,2024-09-07
537,The Shawshank Redemption,Castle Rock Entertainment,Frank Darabont,Sci-Fi,1994,142,High,R,4,2015-03-07
1496,The Shawshank Redemption,Castle Rock Entertainment,Frank Darabont,Crime,1994,142,High,R,3,2020-08-26
18,The Shawshank Redemption,Castle Rock Entertainment,Frank Darabont,Adventure,1994,142,High,R,2,2022-08-20
2036,The Shawshank Redemption,Castle Rock Entertainment,Frank Darabont,Thriller,1994,142,High,R,1,2019-09-30
1421,American Beauty,DreamWorks,Sam Mendes,Adventure,1999,122,High,R,4,2015-08-10
529,Inception,Warner Bros.,Christopher Nolan,Romance,2010,148,High,PG-13,1,2019-03-10
1005,The Shawshank Redemption,Castle Rock Entertainment,Frank Darabont,Comedy,1994,142,High,R,1,2017-05-06
1087,The Matrix,Warner Bros.,Lana Wachowski,Comedy,1999,136,High,R,4,2021-05-12
1497,The Shawshank Redemption,Castle Rock Entertainment,Frank Darabont,Sci-Fi,1994,142,High,R,3,2023-03-17
223,The Shawshank Redemption,Castle Rock Entertainment,Frank Darabont,Adventure,1994,142,High,R,4,2021-07-18
328,The Godfather,Paramount Pictures,Francis Ford Coppola,Fantasy,1972,175,High,R,1,2021-06-03
1630,Se7en,New Line Cinema,David Fincher,Animation,1995,127,High,R,5,2020-12-17
880,Pulp Fiction,Miramax,Quentin Tarantino,Comedy,1994,154,High,R,4,2021-07-06
963,Pulp Fiction,Miramax,Quentin Tarantino,Sci-Fi,1994,154,High,R,1,2021-03-18
1081,The Shawshank Redemption,Castle Rock Entertainment,Frank Darabont,Adventure,1994,142,High,R,5,2020-07-20
2241,The Silence of the Lambs,Orion Pictures,Jonathan Demme,Animation,1991,118,Medium,R,4,2019-06-10
761,Blade Runner,Warner Bros.,Ridley Scott,Adventure,1982,117,Medium,R,4,2015-07-21
2995,WALL·E,Pixar,Andrew Stanton,Fantasy,2008,98,Medium,G,4,2023-12-27
25,The Shawshank Redemption,Castle Rock Entertainment,Frank Darabont,Comedy,1994,142,High,R,2,2024-08-05
672,Saving Private Ryan,DreamWorks/Amblin,Steven Spielberg,Crime,1998,169,High,R,5,2017-01-30
991,The Shawshank Redemption,Castle Rock Entertainment,Frank Darabont,Adventure,1994,142,High,R,4,2020-06-25
1963,The Shawshank Redemption,Castle Rock Entertainment,Frank Darabont,Action,1994,142,High,R,5,2022-11-01
1659,The Shawshank Redemption,Castle Rock Entertainment,Frank Darabont,Action,1994,142,High,R,2,2021-05-05
2297,The Godfather,Paramount Pictures,Francis Ford Coppola,Drama,1972,175,High,R,2,2024-09-27
672,The Truman Show,Paramount Pictures,Peter Weir,Adventure,1998,103,Medium,PG,2,2023-07-23
2432,American Beauty,DreamWorks,Sam Mendes,Fantasy,1999,122,High,R,4,2021-12-03
1940,Schindler's List,Universal Pictures,Steven Spielberg,Comedy,1993,195,High,R,2,2019-12-05
2953,The Truman Show,Paramount Pictures,Peter Weir,Romance,1998,103,Medium,PG,2,2017-07-05
560,Inception,Warner Bros.,Christopher Nolan,Adventure,2010,148,High,PG-13,2,2015-07-11
385,The Godfather,Paramount Pictures,Francis Ford Coppola,Action,1972,175,High,R,1,2021-06-14
2527,The Godfather,Paramount Pictures,Francis Ford Coppola,Drama,1972,175,High,R,1,2019-09-30
1202,The Shawshank Redemption,Castle Rock Entertainment,Frank Darabont,Action,1994,142,High,R,5,2018-02-16
290,The Shawshank Redemption,Castle Rock Entertainment,Frank Darabont,Comedy,1994,142,High,R,4,2022-05-26
2491,The Lord of the Rings: The Return of the King,New Line Cinema,Peter Jackson,Animation,2003,201,High,PG-13,2,2024-12-22
1316,The Shawshank Redemption,Castle Rock Entertainment,Frank Darabont,Fantasy,1994,142,High,R,3,2024-03-12
1402,Mad Max: Fury Road,Warner Bros.,George Miller,Adventure,2015,120,Medium,R,3,2022-09-27
1813,The Shawshank Redemption,Castle Rock Entertainment,Frank Darabont,Sci-Fi,1994,142,High,R,1,2025-04-05
285,The Godfather,Paramount Pictures,Francis Ford Coppola,Romance,1972,175,High,R,5,2021-12-24
16,The Shawshank Redemption,Castle Rock Entertainment,Frank Darabont,Thriller,1994,142,High,R,1,2015-05-01
875,Gladiator,DreamWorks Pictures,Ridley Scott,Sci-Fi,2000,155,High,R,3,2017-10-04
2969,The Empire Strikes Back,Lucasfilm,Irvin Kershner,Action,1980,124,High,PG,4,2022-01-05
1915,Whiplash,Blumhouse Productions,Damien Chazelle,Action,2014,107,Medium,R,4,2020-01-15
2974,Forrest Gump,Paramount Pictures,Robert Zemeckis,Thriller,1994,142,High,PG-13,1,2019-08-24
1224,Inception,Warner Bros.,Christopher Nolan,Drama,2010,148,High,PG-13,4,2019-07-04
850,Titanic,Paramount Pictures,James Cameron,Drama,1997,195,High,PG-13,4,2015-01-15
142,Fight Club,20th Century Fox,David Fincher,Drama,1999,139,High,R,2,2019-03-31
2063,The Dark Knight,Warner Bros.,Christopher Nolan,Adventure,2008,152,High,PG-13,2,2021-12-30
2982,The Prestige,Warner Bros.,Christopher Nolan,Action,2006,130,High,PG-13,3,2015-12-14
220,The Lion King,Walt Disney Pictures,Roger Allers,Fantasy,1994,88,Low,G,3,2023-03-01
2767,The Shawshank Redemption,Castle Rock Entertainment,Frank Darabont,Fantasy,1994,142,High,R,3,2015-03-17
1503,The Silence of the Lambs,Orion Pictures,Jonathan Demme,Sci-Fi,1991,118,Medium,R,4,2023-10-07
565,Inception,Warner Bros.,Christopher Nolan,Sci-Fi,2010,148,High,PG-13,4,2019-09-18
655,The Dark Knight,Warner Bros.,Christopher Nolan,Drama,2008,152,High,PG-13,4,2024-04-24
1659,The Shawshank Redemption,Castle Rock Entertainment,Frank Darabont,Drama,1994,142,High,R,2,2022-12-04
1653,The Shawshank Redemption,Castle Rock Entertainment,Frank Darabont,Animation,1994,142,High,R,3,2022-02-11
291,The Grand Budapest Hotel,Fox Searchlight,Wes Anderson,Comedy,2014,99,Medium,R,4,2023-03-05
2438,The Godfather,Paramount Pictures,Francis Ford Coppola,Fantasy,1972,175,High,R,3,2018-07-14
2142,Forrest Gump,Paramount Pictures,Robert Zemeckis,Romance,1994,142,High,PG-13,2,2016-03-03
1985,Blade Runner 2049,Warner Bros.,Denis Villeneuve,Romance,2017,164,High,R,5,2022-08-14
2451,Se7en,New Line Cinema,David Fincher,Animation,1995,127,High,R,3,2024-06-11
2893,The Prestige,Warner Bros.,Christopher Nolan,Comedy,2006,130,High,PG-13,5,2025-04-01
2541,Inception,Warner Bros.,Christopher Nolan,Drama,2010,148,High,PG-13,5,2023-04-20
1156,Moonlight,A24,Barry Jenkins,Adventure,2016,111,Medium,R,1,2024-09-20
1708,The Matrix,Warner Bros.,Lana Wachowski,Thriller,1999,136,High,R,2,2024-03-27
523,Whiplash,Blumhouse Productions,Damien Chazelle,Sci-Fi,2014,107,Medium,R,3,2017-06-05
1561,The Shawshank Redemption,Castle Rock Entertainment,Frank Darabont,Thriller,1994,142,High,R,5,2017-11-19
2245,The Shawshank Redemption,Castle Rock Entertainment,Frank Darabont,Crime,1994,142,High,R,2,2023-01-22
428,The Matrix,Warner Bros.,Lana Wachowski,Animation,1999,136,High,R,1,2022-05-29
1391,The Godfather,Paramount Pictures,Francis Ford Coppola,Comedy,1972,175,High,R,5,2025-06-17
300,The Godfather,Paramount Pictures,Francis Ford Coppola,Drama,1972,175,High,R,1,2022-11-06
2864,The Shawshank Redemption,Castle Rock Entertainment,Frank Darabont,Fantasy,1994,142,High,R,4,2023-04-25
791,Heat,Warner Bros.,Michael Mann,Action,1995,170,High,R,2,2025-03-14
2039,American Beauty,DreamWorks,Sam Mendes,Animation,1999,122,High,R,3,2025-07-13
2930,The Godfather,Paramount Pictures,Francis Ford Coppola,Action,1972,175,High,R,3,2019-06-17
2103,Forrest Gump,Paramount Pictures,Robert Zemeckis,Animation,1994,142,High,PG-13,4,2015-09-21
528,Whiplash,Blumhouse Productions,Damien Chazelle,Animation,2014,107,Medium,R,2,2025-03-12
1979,The Shawshank Redemption,Castle Rock Entertainment,Frank Darabont,Animation,1994,142,High,R,5,2022-04-12
1589,The Shawshank Redemption,Castle Rock Entertainment,Frank Darabont,Animation,1994,142,High,R,3,2015-10-04
819,Inception,Warner Bros.,Christopher Nolan,Sci-Fi,2010,148,High,PG-13,1,2023-03-15
1516,Interstellar,Paramount Pictures,Christopher Nolan,Comedy,2014,169,High,PG-13,5,2022-03-16
2198,The Dark Knight,Warner Bros.,Christopher Nolan,Fantasy,2008,152,High,PG-13,5,2021-09-21
2784,WALL·E,Pixar,Andrew Stanton,Comedy,2008,98,Medium,G,4,2015-04-11
1104,The Godfather,Paramount Pictures,Francis Ford Coppola,Sci-Fi,1972,175,High,R,4,2021-12-28
2779,Fight Club,20th Century Fox,David Fincher,Sci-Fi,1999,139,High,R,2,2024-11-28
1822,Inception,Warner Bros.,Christopher Nolan,Drama,2010,148,High,PG-13,5,2024-08-15
2225,The Shawshank Redemption,Castle Rock Entertainment,Frank Darabont,Sci-Fi,1994,142,High,R,1,2015-07-27
1574,The Shawshank Redemption,Castle Rock Entertainment,Frank Darabont,Action,1994,142,High,R,4,2015-12-09
1322,The Dark Knight,Warner Bros.,Christopher Nolan,Drama,2008,152,High,PG-13,1,2019-09-11
2075,The Dark Knight,Warner Bros.,Christopher Nolan,Adventure,2008,152,High,PG-13,4,2022-09-04
2726,Pulp Fiction,Miramax,Quentin Tarantino,Comedy,1994,154,High,R,3,2020-08-06
1469,Blade Runner 2049,Warner Bros.,Denis Villeneuve,Sci-Fi,2017,164,High,R,3,2018-09-04
706,Moonlight,A24,Barry Jenkins,Adventure,2016,111,Medium,R,1,2025-10-31
29,The Godfather,Paramount Pictures,Francis Ford Coppola,Sci-Fi,1972,175,High,R,3,2015-01-24
2135,The Shawshank Redemption,Castle Rock Entertainment,Frank Darabont,Animation,1994,142,High,R,4,2018-10-14
544,The Prestige,Warner Bros.,Christopher Nolan,Sci-Fi,2006,130,High,PG-13,5,2024-08-06
1699,The Godfather,Paramount Pictures,Francis Ford Coppola,Drama,1972,175,High,R,3,2015-10-20
631,The Dark Knight,Warner Bros.,Christopher Nolan,Comedy,2008,152,High,PG-13,3,2016-03-12
282,The Shawshank Redemption,Castle Rock Entertainment,Frank Darabont,Comedy,1994,142,High,R,3,2017-12-01
1213,The Departed,Warner Bros.,Martin Scorsese,Romance,2006,151,High,R,5,2020-04-18
1666,The Shawshank Redemption,Castle Rock Entertainment,Frank Darabont,Thriller,1994,142,High,R,2,2020-12-07
956,Joker,Warner Bros.,Todd Phillips,Sci-Fi,2019,122,High,R,1,2020-09-30
261,Parasite,CJ Entertainment,Bong Joon-ho,Fantasy,2019,132,High,R,1,2023-03-10
187,Pulp Fiction,Miramax,Quentin Tarantino,Thriller,1994,154,High,R,4,2017-03-05
870,The Grand Budapest Hotel,Fox Searchlight,Wes Anderson,Comedy,2014,99,Medium,R,3,2016-09-22
186,Inception,Warner Bros.,Christopher Nolan,Sci-Fi,2010,148,High,PG-13,1,2016-12-11
2505,Saving Private Ryan,DreamWorks/Amblin,Steven Spielberg,Adventure,1998,169,High,R,1,2021-01-23
1139,Goodfellas,Warner Bros.,Martin Scorsese,Thriller,1990,146,High,R,1,2021-10-29
2370,Goodfellas,Warner Bros.,Martin Scorsese,Thriller,1990,146,High,R,3,2022-06-29
2488,The Shawshank Redemption,Castle Rock Entertainment,Frank Darabont,Sci-Fi,1994,142,High,R,1,2024-03-27
1995,Forrest Gump,Paramount Pictures,Robert Zemeckis,Fantasy,1994,142,High,PG-13,5,2024-11-03
2275,The Shawshank Redemption,Castle Rock Entertainment,Frank Darabont,Comedy,1994,142,High,R,3,2016-09-18
2497,The Godfather,Paramount Pictures,Francis Ford Coppola,Thriller,1972,175,High,R,3,2019-05-14
174,The Godfather,Paramount Pictures,Francis Ford Coppola,Drama,1972,175,High,R,3,2018-07-25
2832,Forrest Gump,Paramount Pictures,Robert Zemeckis,Adventure,1994,142,High,PG-13,4,2023-06-07
1319,Forrest Gump,Paramount Pictures,Robert Zemeckis,Animation,1994,142,High,PG-13,1,2021-06-05
2773,Forrest Gump,Paramount Pictures,Robert Zemeckis,Thriller,1994,142,High,PG-13,5,2017-10-25
2573,The Shawshank Redemption,Castle Rock Entertainment,Frank Darabont,Adventure,1994,142,High,R,5,2024-04-16
1771,The Departed,Warner Bros.,Martin Scorsese,Drama,2006,151,High,R,2,2022-05-18
603,The Shawshank Redemption,Castle Rock Entertainment,Frank Darabont,Romance,1994,142,High,R,3,2018-01-12
369,Schindler's List,Universal Pictures,Steven Spielberg,Drama,1993,195,High,R,2,2025-11-14
574,The Dark Knight,Warner Bros.,Christopher Nolan,Animation,2008,152,High,PG-13,5,2025-12-07
72,The Dark Knight,Warner Bros.,Christopher Nolan,Comedy,2008,152,High,PG-13,5,2024-06-08
932,Forrest Gump,Paramount Pictures,Robert Zemeckis,Comedy,1994,142,High,PG-13,2,2015-06-17
1171,The Shawshank Redemption,Castle Rock Entertainment,Frank Darabont,Fantasy,1994,142,High,R,4,2020-04-13
1497,Inception,Warner Bros.,Christopher Nolan,Fantasy,2010,148,High,PG-13,3,2021-11-02
2104,Blade Runner,Warner Bros.,Ridley Scott,Crime,1982,117,Medium,R,3,2015-10-01
652,There Will Be Blood,Paramount Vantage,Paul Thomas Anderson,Comedy,2007,158,High,R,5,2023-02-03
2966,The Shawshank Redemption,Castle Rock Entertainment,Frank Darabont,Animation,1994,142,High,R,5,2023-06-18
2628,The Shawshank Redemption,Castle Rock Entertainment,Frank Darabont,Romance,1994,142,High,R,3,2023-10-28
1133,Inception,Warner Bros.,Christopher Nolan,Sci-Fi,2010,148,High,PG-13,5,2024-01-15
2649,The Shawshank Redemption,Castle Rock Entertainment,Frank Darabont,Sci-Fi,1994,142,High,R,2,2017-09-29
2634,The Departed,Warner Bros.,Martin Scorsese,Action,2006,151,High,R,4,2015-05-08
2551,The Dark Knight,Warner Bros.,Christopher Nolan,Animation,2008,152,High,PG-13,4,2023-01-13
1969,Se7en,New Line Cinema,David Fincher,Action,1995,127,High,R,4,2019-09-17
1817,The Godfather,Paramount Pictures,Francis Ford Coppola,Animation,1972,175,High,R,2,2016-02-09
745,The Shawshank Redemption,Castle Rock Entertainment,Frank Darabont,Drama,1994,142,High,R,4,2019-07-09
378,Parasite,CJ Entertainment,Bong Joon-ho,Thriller,2019,132,High,R,1,2019-03-02
2216,Spirited Away,Studio Ghibli,Hayao Miyazaki,Animation,2001,125,High,PG,1,2020-04-03
1563,Forrest Gump,Paramount Pictures,Robert Zemeckis,Comedy,1994,142,High,PG-13,2,2024-12-09
1698,The Lion King,Walt Disney Pictures,Roger Allers,Adventure,1994,88,Low,G,5,2018-07-03
1722,The Lord of the Rings: The Return of the King,New Line Cinema,Peter Jackson,Romance,2003,201,High,PG-13,1,2025-06-20
2970,Blade Runner 2049,Warner Bros.,Denis Villeneuve,Thriller,2017,164,High,R,2,2020-02-28
2559,The Shawshank Redemption,Castle Rock Entertainment,Frank Darabont,Fantasy,1994,142,High,R,1,2020-01-19
621,Forrest Gump,Paramount Pictures,Robert Zemeckis,Romance,1994,142,High,PG-13,1,2025-12-30
2348,The Grand Budapest Hotel,Fox Searchlight,Wes Anderson,Thriller,2014,99,Medium,R,4,2022-08-14
1118,The Shawshank Redemption,Castle Rock Entertainment,Frank Darabont,Sci-Fi,1994,142,High,R,3,2024-03-28
2749,The Green Mile,Castle Rock Entertainment,Frank Darabont,Animation,1999,189,High,R,4,2015-08-16
2380,Moonlight,A24,Barry Jenkins,Comedy,2016,111,Medium,R,4,2020-01-04
1824,The Godfather,Paramount Pictures,Francis Ford Coppola,Comedy,1972,175,High,R,1,2022-01-12
2431,Pulp Fiction,Miramax,Quentin Tarantino,Adventure,1994,154,High,R,3,2017-04-09
2808,Inception,Warner Bros.,Christopher Nolan,Animation,2010,148,High,PG-13,5,2022-01-01
2107,The Shawshank Redemption,Castle Rock Entertainment,Frank Darabont,Fantasy,1994,142,High,R,2,2020-03-10
2024,The Shawshank Redemption,Castle Rock Entertainment,Frank Darabont,Romance,1994,142,High,R,1,2018-08-05
1514,The Lord of the Rings: The Return of the King,New Line Cinema,Peter Jackson,Animation,2003,201,High,PG-13,5,2018-05-24
1659,Inception,Warner Bros.,Christopher Nolan,Romance,2010,148,High,PG-13,4,2016-11-17
2255,Back to the Future,Universal Pictures,Robert Zemeckis,Thriller,1985,116,Medium,PG,5,2017-12-15
94,Inception,Warner Bros.,Christopher Nolan,Sci-Fi,2010,148,High,PG-13,2,2020-11-20
325,Mad Max: Fury Road,Warner Bros.,George Miller,Drama,2015,120,Medium,R,4,2019-06-21
446,The Shawshank Redemption,Castle Rock Entertainment,Frank Darabont,Romance,1994,142,High,R,4,2022-08-22
1367,The Shawshank Redemption,Castle Rock Entertainment,Frank Darabont,Romance,1994,142,High,R,1,2022-02-01
634,Goodfellas,Warner Bros.,Martin Scorsese,Animation,1990,146,High,R,5,2016-02-13
1586,Blade Runner 2049,Warner Bros.,Denis Villeneuve,Animation,2017,164,High,R,5,2022-03-21
549,The Social Network,Columbia Pictures,David Fincher,Crime,2010,120,Medium,PG-13,5,2023-08-08
1646,American Beauty,DreamWorks,Sam Mendes,Drama,1999,122,High,R,4,2015-01-29
486,The Dark Knight,Warner Bros.,Christopher Nolan,Romance,2008,152,High,PG-13,1,2024-10-16
1971,The Shawshank Redemption,Castle Rock Entertainment,Frank Darabont,Romance,1994,142,High,R,2,2017-06-17
1588,Whiplash,Blumhouse Productions,Damien Chazelle,Romance,2014,107,Medium,R,5,2016-08-12
2894,Fight Club,20th Century Fox,David Fincher,Thriller,1999,139,High,R,2,2018-01-30
1861,Inception,Warner Bros.,Christopher Nolan,Sci-Fi,2010,148,High,PG-13,3,2021-10-24
1724,The Truman Show,Paramount Pictures,Peter Weir,Thriller,1998,103,Medium,PG,3,2015-07-01
1695,Forrest Gump,Paramount Pictures,Robert Zemeckis,Fantasy,1994,142,High,PG-13,5,2021-11-20
1452,Mad Max: Fury Road,Warner Bros.,George Miller,Thriller,2015,120,Medium,R,2,2018-10-17
968,Interstellar,Paramount Pictures,Christopher Nolan,Drama,2014,169,High,PG-13,4,2019-12-17
1323,Goodfellas,Warner Bros.,Martin Scorsese,Action,1990,146,High,R,2,2016-02-15
2770,The Godfather,Paramount Pictures,Francis Ford Coppola,Drama,1972,175,High,R,3,2019-12-08
384,Avengers: Endgame,Marvel Studios,Anthony Russo,Adventure,2019,181,High,PG-13,2,2022-03-21
912,Inception,Warner Bros.,Christopher Nolan,Romance,2010,148,High,PG-13,5,2022-07-29
1275,Inception,Warner Bros.,Christopher Nolan,Comedy,2010,148,High,PG-13,3,2015-07-03
429,The Dark Knight,Warner Bros.,Christopher Nolan,Animation,2008,152,High,PG-13,5,2017-05-07
1980,WALL·E,Pixar,Andrew Stanton,Comedy,2008,98,Medium,G,1,2018-06-17
930,Alien,20th Century Fox,Ridley Scott,Crime,1979,117,Medium,R,2,2025-07-01
1641,Spirited Away,Studio Ghibli,Hayao Miyazaki,Adventure,2001,125,High,PG,1,2017-03-23
2572,Inception,Warner Bros.,Christopher Nolan,Fantasy,2010,148,High,PG-13,1,2018-08-21
154,Se7en,New Line Cinema,David Fincher,Animation,1995,127,High,R,5,2015-11-02
1829,The Matrix,Warner Bros.,Lana Wachowski,Fantasy,1999,136,High,R,4,2021-12-05
1240,Inception,Warner Bros.,Christopher Nolan,Action,2010,148,High,PG-13,2,2022-03-01
2099,Saving Private Ryan,DreamWorks/Amblin,Steven Spielberg,Comedy,1998,169,High,R,3,2019-10-13
1202,The Godfather,Paramount Pictures,Francis Ford Coppola,Sci-Fi,1972,175,High,R,4,2021-06-11
1751,The Shawshank Redemption,Castle Rock Entertainment,Frank Darabont,Thriller,1994,142,High,R,4,2023-02-20
893,Blade Runner,Warner Bros.,Ridley Scott,Drama,1982,117,Medium,R,1,2019-11-05
896,The Pianist,Focus Features,Roman Polanski,Romance,2002,150,High,R,3,2020-05-19
488,Se7en,New Line Cinema,David Fincher,Animation,1995,127,High,R,2,2024-09-27
2894,The Dark Knight,Warner Bros.,Christopher Nolan,Fantasy,2008,152,High,PG-13,3,2020-01-30
1799,Joker,Warner Bros.,Todd Phillips,Romance,2019,122,High,R,2,2022-06-06
2292,The Godfather,Paramount Pictures,Francis Ford Coppola,Animation,1972,175,High,R,4,2025-10-14
2314,Whiplash,Blumhouse Productions,Damien Chazelle,Thriller,2014,107,Medium,R,1,2016-07-13
2889,Back to the Future,Universal Pictures,Robert Zemeckis,Adventure,1985,116,Medium,PG,5,2019-02-17
718,Schindler's List,Universal Pictures,Steven Spielberg,Action,1993,195,High,R,2,2017-07-17
2253,The Godfather,Paramount Pictures,Francis Ford Coppola,Sci-Fi,1972,175,High,R,3,2015-10-10
2389,The Dark Knight,Warner Bros.,Christopher Nolan,Comedy,2008,152,High,PG-13,5,2017-10-10
1912,Pulp Fiction,Miramax,Quentin Tarantino,Sci-Fi,1994,154,High,R,1,2025-08-13
1575,Avengers: Endgame,Marvel Studios,Anthony Russo,Comedy,2019,181,High,PG-13,3,2023-11-30
2979,The Social Network,Columbia Pictures,David Fincher,Comedy,2010,120,Medium,PG-13,4,2016-12-24
1161,The Shawshank Redemption,Castle Rock Entertainment,Frank Darabont,Romance,1994,142,High,R,3,2021-02-09
2498,Schindler's List,Universal Pictures,Steven Spielberg,Fantasy,1993,195,High,R,3,2023-04-23
1380,The Shawshank Redemption,Castle Rock Entertainment,Frank Darabont,Crime,1994,142,High,R,4,2015-01-13
2104,The Shawshank Redemption,Castle Rock Entertainment,Frank Darabont,Action,1994,142,High,R,2,2015-11-12
295,Schindler's List,Universal Pictures,Steven Spielberg,Sci-Fi,1993,195,High,R,5,2021-03-10
1229,The Silence of the Lambs,Orion Pictures,Jonathan Demme,Comedy,1991,118,Medium,R,1,2017-07-22
240,Parasite,CJ Entertainment,Bong Joon-ho,Fantasy,2019,132,High,R,4,2022-11-03
2843,Gladiator,DreamWorks Pictures,Ridley Scott,Comedy,2000,155,High,R,5,2017-04-13
527,Forrest Gump,Paramount Pictures,Robert Zemeckis,Fantasy,1994,142,High,PG-13,3,2015-04-16
1183,The Matrix,Warner Bros.,Lana Wachowski,Action,1999,136,High,R,5,2019-07-18
118,Schindler's List,Universal Pictures,Steven Spielberg,Thriller,1993,195,High,R,2,2023-08-23
122,American Beauty,DreamWorks,Sam Mendes,Sci-Fi,1999,122,High,R,3,2025-11-14
767,The Matrix,Warner Bros.,Lana Wachowski,Romance,1999,136,High,R,4,2022-12-06
1854,The Shawshank Redemption,Castle Rock Entertainment,Frank Darabont,Thriller,1994,142,High,R,4,2019-03-25
1696,Pulp Fiction,Miramax,Quentin Tarantino,Romance,1994,154,High,R,4,2019-08-29
1284,Pulp Fiction,Miramax,Quentin Tarantino,Crime,1994,154,High,R,1,2016-07-25
132,Goodfellas,Warner Bros.,Martin Scorsese,Thriller,1990,146,High,R,3,2016-12-13
2863,The Shawshank Redemption,Castle Rock Entertainment,Frank Darabont,Action,1994,142,High,R,2,2022-08-17
2230,Spirited Away,Studio Ghibli,Hayao Miyazaki,Comedy,2001,125,High,PG,5,2021-08-07
1735,The Shawshank Redemption,Castle Rock Entertainment,Frank Darabont,Thriller,1994,142,High,R,4,2025-11-25
2529,Fight Club,20th Century Fox,David Fincher,Sci-Fi,1999,139,High,R,4,2019-01-06
1853,Goodfellas,Warner Bros.,Martin Scorsese,Crime,1990,146,High,R,4,2024-09-09
1247,The Lord of the Rings: The Return of the King,New Line Cinema,Peter Jackson,Adventure,2003,201,High,PG-13,2,2022-02-16
1204,The Godfather,Paramount Pictures,Francis Ford Coppola,Sci-Fi,1972,175,High,R,1,2018-01-28
1436,The Shawshank Redemption,Castle Rock Entertainment,Frank Darabont,Action,1994,142,High,R,2,2017-10-01
1477,The Shawshank Redemption,Castle Rock Entertainment,Frank Darabont,Comedy,1994,142,High,R,4,2025-03-08
1544,Pulp Fiction,Miramax,Quentin Tarantino,Comedy,1994,154,High,R,2,2024-09-27
1009,American Beauty,DreamWorks,Sam Mendes,Crime,1999,122,High,R,5,2019-04-21
273,Forrest Gump,Paramount Pictures,Robert Zemeckis,Action,1994,142,High,PG-13,4,2017-06-12
2509,Fight Club,20th Century Fox,David Fincher,Adventure,1999,139,High,R,4,2025-01-08
647,The Silence of the Lambs,Orion Pictures,Jonathan Demme,Adventure,1991,118,Medium,R,5,2023-07-02
1077,The Silence of the Lambs,Orion Pictures,Jonathan Demme,Fantasy,1991,118,Medium,R,4,2019-03-19
108,American Beauty,DreamWorks,Sam Mendes,Comedy,1999,122,High,R,5,2015-07-04
733,The Shawshank Redemption,Castle Rock Entertainment,Frank Darabont,Animation,1994,142,High,R,3,2015-01-11
2985,Goodfellas,Warner Bros.,Martin Scorsese,Adventure,1990,146,High,R,3,2015-09-18
1182,Titanic,Paramount Pictures,James Cameron,Thriller,1997,195,High,PG-13,3,2023-09-28
1971,Blade Runner 2049,Warner Bros.,Denis Villeneuve,Comedy,2017,164,High,R,5,2019-06-24
2346,The Shawshank Redemption,Castle Rock Entertainment,Frank Darabont,Animation,1994,142,High,R,5,2017-07-25
957,The Shawshank Redemption,Castle Rock Entertainment,Frank Darabont,Fantasy,1994,142,High,R,2,2025-09-23
2996,The Shawshank Redemption,Castle Rock Entertainment,Frank Darabont,Adventure,1994,142,High,R,3,2019-03-29
1976,Goodfellas,Warner Bros.,Martin Scorsese,Crime,1990,146,High,R,3,2022-09-13
381,The Godfather,Paramount Pictures,Francis Ford Coppola,Thriller,1972,175,High,R,2,2019-01-04
2118,The Shawshank Redemption,Castle Rock Entertainment,Frank Darabont,Romance,1994,142,High,R,4,2020-11-24
549,Forrest Gump,Paramount Pictures,Robert Zemeckis,Adventure,1994,142,High,PG-13,2,2015-09-18
2389,The Green Mile,Castle Rock Entertainment,Frank Darabont,Drama,1999,189,High,R,3,2015-02-27
2665,The Godfather,Paramount Pictures,Francis Ford Coppola,Thriller,1972,175,High,R,4,2020-07-22
213,Pulp Fiction,Miramax,Quentin Tarantino,Crime,1994,154,High,R,5,2017-03-06
245,Interstellar,Paramount Pictures,Christopher Nolan,Adventure,2014,169,High,PG-13,5,2015-07-31
997,The Shawshank Redemption,Castle Rock Entertainment,Frank Darabont,Animation,1994,142,High,R,4,2025-10-27
1330,The Shawshank Redemption,Castle Rock Entertainment,Frank Darabont,Thriller,1994,142,High,R,5,2015-12-12
1775,The Shawshank Redemption,Castle Rock Entertainment,Frank Darabont,Crime,1994,142,High,R,3,2017-07-26
426,Forrest Gump,Paramount Pictures,Robert Zemeckis,Sci-Fi,1994,142,High,PG-13,2,2022-01-29
2247,The King's Speech,The Weinstein Company,Tom Hooper,Drama,2010,118,Medium,R,4,2023-12-15
2520,The Shawshank Redemption,Castle Rock Entertainment,Frank Darabont,Fantasy,1994,142,High,R,1,2015-07-05
1234,The Empire Strikes Back,Lucasfilm,Irvin Kershner,Animation,1980,124,High,PG,3,2019-09-30
2631,The Shawshank Redemption,Castle Rock Entertainment,Frank Darabont,Fantasy,1994,142,High,R,1,2019-07-24
1753,Fight Club,20th Century Fox,David Fincher,Drama,1999,139,High,R,2,2024-09-07
2956,The Lion King,Walt Disney Pictures,Roger Allers,Thriller,1994,88,Low,G,2,2025-05-14
804,The Shawshank Redemption,Castle Rock Entertainment,Frank Darabont,Comedy,1994,142,High,R,2,2022-12-04
800,The Shawshank Redemption,Castle Rock Entertainment,Frank Darabont,Drama,1994,142,High,R,1,2017-01-26
1374,The Shawshank Redemption,Castle Rock Entertainment,Frank Darabont,Animation,1994,142,High,R,4,2024-10-21
1338,Inside Out,Pixar,Pete Docter,Adventure,2015,95,Medium,PG,1,2022-07-28
392,Joker,Warner Bros.,Todd Phillips,Action,2019,122,High,R,2,2018-03-26
1675,The Shawshank Redemption,Castle Rock Entertainment,Frank Darabont,Action,1994,142,High,R,1,2019-07-12
1049,Forrest Gump,Paramount Pictures,Robert Zemeckis,Crime,1994,142,High,PG-13,3,2015-11-05
79,The Godfather,Paramount Pictures,Francis Ford Coppola,Romance,1972,175,High,R,5,2016-08-03
1024,The Shawshank Redemption,Castle Rock Entertainment,Frank Darabont,Sci-Fi,1994,142,High,R,4,2025-01-05
556,The Shawshank Redemption,Castle Rock Entertainment,Frank Darabont,Animation,1994,142,High,R,2,2016-06-11
1309,The Social Network,Columbia Pictures,David Fincher,Comedy,2010,120,Medium,PG-13,1,2015-05-10
2724,The Godfather,Paramount Pictures,Francis Ford Coppola,Romance,1972,175,High,R,2,2017-01-24
2683,The Shawshank Redemption,Castle Rock Entertainment,Frank Darabont,Adventure,1994,142,High,R,4,2016-07-26
310,The Shawshank Redemption,Castle Rock Entertainment,Frank Darabont,Romance,1994,142,High,R,1,2024-07-14
1257,The Shawshank Redemption,Castle Rock Entertainment,Frank Darabont,Thriller,1994,142,High,R,3,2020-12-28
934,The Shawshank Redemption,Castle Rock Entertainment,Frank Darabont,Romance,1994,142,High,R,1,2017-02-27
1552,The Silence of the Lambs,Orion Pictures,Jonathan Demme,Adventure,1991,118,Medium,R,2,2020-10-18
997,Blade Runner,Warner Bros.,Ridley Scott,Crime,1982,117,Medium,R,2,2016-10-10
1687,Titanic,Paramount Pictures,James Cameron,Comedy,1997,195,High,PG-13,3,2024-05-02
1247,The Empire Strikes Back,Lucasfilm,Irvin Kershner,Adventure,1980,124,High,PG,2,2017-06-06
1221,The Shawshank Redemption,Castle Rock Entertainment,Frank Darabont,Sci-Fi,1994,142,High,R,3,2023-08-31
1081,The Lord of the Rings: The Return of the King,New Line Cinema,Peter Jackson,Sci-Fi,2003,201,High,PG-13,1,2016-12-10
1097,The Matrix,Warner Bros.,Lana Wachowski,Sci-Fi,1999,136,High,R,4,2017-03-02
1461,The Shawshank Redemption,Castle Rock Entertainment,Frank Darabont,Drama,1994,142,High,R,5,2025-08-30
994,The Godfather,Paramount Pictures,Francis Ford Coppola,Fantasy,1972,175,High,R,4,2022-01-04
2561,The Godfather,Paramount Pictures,Francis Ford Coppola,Romance,1972,175,High,R,5,2022-02-22
951,The Dark Knight,Warner Bros.,Christopher Nolan,Romance,2008,152,High,PG-13,4,2024-04-24
728,The Dark Knight,Warner Bros.,Christopher Nolan,Crime,2008,152,High,PG-13,3,2022-09-20
1362,The Avengers,Marvel Studios,Joss Whedon,Sci-Fi,2012,143,High,PG-13,3,2024-02-17
1598,Fight Club,20th Century Fox,David Fincher,Crime,1999,139,High,R,3,2020-06-21
2620,Toy Story,Pixar,John Lasseter,Adventure,1995,81,Low,G,2,2024-10-13
1230,Inception,Warner Bros.,Christopher Nolan,Romance,2010,148,High,PG-13,4,2019-09-02
1021,The Shawshank Redemption,Castle Rock Entertainment,Frank Darabont,Fantasy,1994,142,High,R,3,2017-06-16
1182,The Dark Knight,Warner Bros.,Christopher Nolan,Romance,2008,152,High,PG-13,3,2016-10-14
2948,The Grand Budapest Hotel,Fox Searchlight,Wes Anderson,Comedy,2014,99,Medium,R,4,2019-11-14
2299,The Godfather,Paramount Pictures,Francis Ford Coppola,Thriller,1972,175,High,R,3,2017-05-03
2597,The Matrix,Warner Bros.,Lana Wachowski,Sci-Fi,1999,136,High,R,2,2023-07-18
1389,The Grand Budapest Hotel,Fox Searchlight,Wes Anderson,Romance,2014,99,Medium,R,5,2024-12-17
2897,Goodfellas,Warner Bros.,Martin Scorsese,Action,1990,146,High,R,3,2017-04-09
2427,Se7en,New Line Cinema,David Fincher,Sci-Fi,1995,127,High,R,4,2025-05-11
336,The Shawshank Redemption,Castle Rock Entertainment,Frank Darabont,Crime,1994,142,High,R,3,2020-04-28
805,The Shawshank Redemption,Castle Rock Entertainment,Frank Darabont,Fantasy,1994,142,High,R,4,2025-08-30
1112,Goodfellas,Warner Bros.,Martin Scorsese,Animation,1990,146,High,R,2,2018-08-20
1346,The Shawshank Redemption,Castle Rock Entertainment,Frank Darabont,Comedy,1994,142,High,R,4,2021-02-24
2367,Forrest Gump,Paramount Pictures,Robert Zemeckis,Sci-Fi,1994,142,High,PG-13,2,2022-07-02
2206,The Shawshank Redemption,Castle Rock Entertainment,Frank Darabont,Crime,1994,142,High,R,4,2023-03-13
2617,The Shawshank Redemption,Castle Rock Entertainment,Frank Darabont,Romance,1994,142,High,R,4,2021-08-14
2693,The Godfather,Paramount Pictures,Francis Ford Coppola,Romance,1972,175,High,R,5,2023-10-30
920,The Shawshank Redemption,Castle Rock Entertainment,Frank Darabont,Crime,1994,142,High,R,3,2024-08-25
1613,The Empire Strikes Back,Lucasfilm,Irvin Kershner,Animation,1980,124,High,PG,1,2016-02-20
1892,No Country for Old Men,Mirage Enterprises,Ethan Coen,Animation,2007,122,High,R,2,2022-10-16
853,The Shawshank Redemption,Castle Rock Entertainment,Frank Darabont,Thriller,1994,142,High,R,1,2020-07-29
2831,Forrest Gump,Paramount Pictures,Robert Zemeckis,Sci-Fi,1994,142,High,PG-13,1,2020-04-15
2197,The Shawshank Redemption,Castle Rock Entertainment,Frank Darabont,Drama,1994,142,High,R,1,2018-01-26
2915,The Lord of the Rings: The Return of the King,New Line Cinema,Peter Jackson,Fantasy,2003,201,High,PG-13,5,2025-02-19
1127,The Shawshank Redemption,Castle Rock Entertainment,Frank Darabont,Action,1994,142,High,R,4,2023-03-17
502,The Matrix,Warner Bros.,Lana Wachowski,Crime,1999,136,High,R,2,2025-12-24
1220,Spirited Away,Studio Ghibli,Hayao Miyazaki,Sci-Fi,2001,125,High,PG,2,2021-08-22
1325,Whiplash,Blumhouse Productions,Damien Chazelle,Fantasy,2014,107,Medium,R,4,2017-01-23
2593,The Silence of the Lambs,Orion Pictures,Jonathan Demme,Action,1991,118,Medium,R,5,2024-04-28
1661,The Shawshank Redemption,Castle Rock Entertainment,Frank Darabont,Comedy,1994,142,High,R,3,2023-06-02
1885,The Shawshank Redemption,Castle Rock Entertainment,Frank Darabont,Thriller,1994,142,High,R,5,2016-03-21
1232,The Shawshank Redemption,Castle Rock Entertainment,Frank Darabont,Romance,1994,142,High,R,5,2022-01-26
2072,The Shawshank Redemption,Castle Rock Entertainment,Frank Darabont,Sci-Fi,1994,142,High,R,5,2017-12-10
2630,The Social Network,Columbia Pictures,David Fincher,Crime,2010,120,Medium,PG-13,1,2017-01-13
1885,Pulp Fiction,Miramax,Quentin Tarantino,Sci-Fi,1994,154,High,R,3,2021-05-12
105,The Shawshank Redemption,Castle Rock Entertainment,Frank Darabont,Sci-Fi,1994,142,High,R,4,2022-07-16
1347,Pulp Fiction,Miramax,Quentin Tarantino,Animation,1994,154,High,R,2,2017-06-13
1596,The Shawshank Redemption,Castle Rock Entertainment,Frank Darabont,Crime,1994,142,High,R,1,2016-03-05
466,The Shawshank Redemption,Castle Rock Entertainment,Frank Darabont,Adventure,1994,142,High,R,5,2015-04-23
1115,The Dark Knight,Warner Bros.,Christopher Nolan,Thriller,2008,152,High,PG-13,5,2021-09-30
928,Titanic,Paramount Pictures,James Cameron,Drama,1997,195,High,PG-13,1,2017-03-08
2728,The Godfather,Paramount Pictures,Francis Ford Coppola,Comedy,1972,175,High,R,2,2020-05-04
2809,Pulp Fiction,Miramax,Quentin Tarantino,Fantasy,1994,154,High,R,2,2025-09-24
2308,The Godfather,Paramount Pictures,Francis Ford Coppola,Crime,1972,175,High,R,3,2015-07-06
255,Fight Club,20th Century Fox,David Fincher,Comedy,1999,139,High,R,1,2023-03-03
887,Blade Runner,Warner Bros.,Ridley Scott,Sci-Fi,1982,117,Medium,R,4,2021-09-25
425,The Shawshank Redemption,Castle Rock Entertainment,Frank Darabont,Comedy,1994,142,High,R,5,2016-01-09
2910,The Dark Knight,Warner Bros.,Christopher Nolan,Comedy,2008,152,High,PG-13,5,2022-05-04
1277,The Matrix,Warner Bros.,Lana Wachowski,Crime,1999,136,High,R,1,2015-07-14
2170,Schindler's List,Universal Pictures,Steven Spielberg,Action,1993,195,High,R,1,2016-09-08
488,Fight Club,20th Century Fox,David Fincher,Sci-Fi,1999,139,High,R,4,2025-05-20
297,The Dark Knight,Warner Bros.,Christopher Nolan,Animation,2008,152,High,PG-13,1,2023-05-22
1196,The Green Mile,Castle Rock Entertainment,Frank Darabont,Romance,1999,189,High,R,1,2017-10-06
1349,The Shawshank Redemption,Castle Rock Entertainment,Frank Darabont,Thriller,1994,142,High,R,3,2020-08-17
859,The Godfather,Paramount Pictures,Francis Ford Coppola,Comedy,1972,175,High,R,2,2015-09-03
2849,The Godfather,Paramount Pictures,Francis Ford Coppola,Crime,1972,175,High,R,4,2015-09-09
2424,Forrest Gump,Paramount Pictures,Robert Zemeckis,Crime,1994,142,High,PG-13,4,2024-05-22
328,The Shawshank Redemption,Castle Rock Entertainment,Frank Darabont,Animation,1994,142,High,R,4,2015-08-29
2875,The Godfather,Paramount Pictures,Francis Ford Coppola,Fantasy,1972,175,High,R,1,2024-08-03
554,The Grand Budapest Hotel,Fox Searchlight,Wes Anderson,Fantasy,2014,99,Medium,R,1,2017-04-12
1268,Whiplash,Blumhouse Productions,Damien Chazelle,Crime,2014,107,Medium,R,5,2022-08-24
1901,Blade Runner 2049,Warner Bros.,Denis Villeneuve,Drama,2017,164,High,R,2,2018-05-27
2134,The Empire Strikes Back,Lucasfilm,Irvin Kershner,Drama,1980,124,High,PG,2,2025-11-19
489,Fight Club,20th Century Fox,David Fincher,Crime,1999,139,High,R,3,2016-01-12
2589,The Shawshank Redemption,Castle Rock Entertainment,Frank Darabont,Animation,1994,142,High,R,4,2024-07-18
2856,The Godfather,Paramount Pictures,Francis Ford Coppola,Action,1972,175,High,R,4,2025-06-22
1787,The Shawshank Redemption,Castle Rock Entertainment,Frank Darabont,Romance,1994,142,High,R,2,2025-11-16
1559,Forrest Gump,Paramount Pictures,Robert Zemeckis,Animation,1994,142,High,PG-13,3,2020-07-03
294,The Godfather,Paramount Pictures,Francis Ford Coppola,Sci-Fi,1972,175,High,R,2,2021-10-14
2610,The Godfather,Paramount Pictures,Francis Ford Coppola,Crime,1972,175,High,R,1,2025-04-18
1553,Forrest Gump,Paramount Pictures,Robert Zemeckis,Romance,1994,142,High,PG-13,1,2022-05-17
1022,The Shawshank Redemption,Castle Rock Entertainment,Frank Darabont,Romance,1994,142,High,R,3,2016-11-24
197,The Silence of the Lambs,Orion Pictures,Jonathan Demme,Crime,1991,118,Medium,R,3,2018-03-09
1375,The Shawshank Redemption,Castle Rock Entertainment,Frank Darabont,Thriller,1994,142,High,R,1,2025-04-26
2718,The Shawshank Redemption,Castle Rock Entertainment,Frank Darabont,Drama,1994,142,High,R,4,2021-09-10
1666,Pulp Fiction,Miramax,Quentin Tarantino,Action,1994,154,High,R,4,2015-09-30
1324,Fight Club,20th Century Fox,David Fincher,Adventure,1999,139,High,R,3,2016-11-15
308,The Shawshank Redemption,Castle Rock Entertainment,Frank Darabont,Fantasy,1994,142,High,R,3,2025-01-07
2952,The Shawshank Redemption,Castle Rock Entertainment,Frank Darabont,Adventure,1994,142,High,R,3,2020-06-15
2447,American Beauty,DreamWorks,Sam Mendes,Fantasy,1999,122,High,R,5,2021-02-01
1471,Gladiator,DreamWorks Pictures,Ridley Scott,Comedy,2000,155,High,R,5,2020-11-23
2336,Pulp Fiction,Miramax,Quentin Tarantino,Romance,1994,154,High,R,3,2020-09-06
126,Spirited Away,Studio Ghibli,Hayao Miyazaki,Romance,2001,125,High,PG,2,2015-08-28
1850,The Dark Knight,Warner Bros.,Christopher Nolan,Romance,2008,152,High,PG-13,3,2019-11-08
1492,The Dark Knight,Warner Bros.,Christopher Nolan,Sci-Fi,2008,152,High,PG-13,2,2019-02-06
755,Whiplash,Blumhouse Productions,Damien Chazelle,Comedy,2014,107,Medium,R,2,2024-07-20
1597,Pulp Fiction,Miramax,Quentin Tarantino,Crime,1994,154,High,R,4,2016-10-01
107,The Dark Knight,Warner Bros.,Christopher Nolan,Adventure,2008,152,High,PG-13,4,2019-02-12
2718,The Godfather,Paramount Pictures,Francis Ford Coppola,Drama,1972,175,High,R,4,2015-04-03
912,The Shawshank Redemption,Castle Rock Entertainment,Frank Darabont,Comedy,1994,142,High,R,3,2016-03-31
1725,The Shawshank Redemption,Castle Rock Entertainment,Frank Darabont,Sci-Fi,1994,142,High,R,5,2022-04-09
2869,La La Land,Summit Entertainment,Damien Chazelle,Comedy,2016,128,High,PG-13,1,2023-10-31
2614,Inception,Warner Bros.,Christopher Nolan,Crime,2010,148,High,PG-13,1,2015-01-15
2456,Spirited Away,Studio Ghibli,Hayao Miyazaki,Sci-Fi,2001,125,High,PG,4,2021-01-26
556,The Shawshank Redemption,Castle Rock Entertainment,Frank Darabont,Comedy,1994,142,High,R,1,2020-06-13
691,Inception,Warner Bros.,Christopher Nolan,Drama,2010,148,High,PG-13,4,2019-07-28
2702,The Shawshank Redemption,Castle Rock Entertainment,Frank Darabont,Crime,1994,142,High,R,1,2018-12-09
607,The Shawshank Redemption,Castle Rock Entertainment,Frank Darabont,Thriller,1994,142,High,R,2,2021-03-11
54,The Shawshank Redemption,Castle Rock Entertainment,Frank Darabont,Animation,1994,142,High,R,2,2018-03-08
638,Inception,Warner Bros.,Christopher Nolan,Fantasy,2010,148,High,PG-13,3,2024-09-18
2440,Inception,Warner Bros.,Christopher Nolan,Adventure,2010,148,High,PG-13,5,2021-08-17
160,The Godfather,Paramount Pictures,Francis Ford Coppola,Drama,1972,175,High,R,3,2016-01-13
2480,Titanic,Paramount Pictures,James Cameron,Animation,1997,195,High,PG-13,3,2020-01-27
417,Saving Private Ryan,DreamWorks/Amblin,Steven Spielberg,Thriller,1998,169,High,R,3,2024-12-24
122,Gladiator,DreamWorks Pictures,Ridley Scott,Thriller,2000,155,High,R,3,2022-06-25
1815,The Lion King,Walt Disney Pictures,Roger Allers,Adventure,1994,88,Low,G,2,2018-07-29
538,Blade Runner 2049,Warner Bros.,Denis Villeneuve,Action,2017,164,High,R,5,2021-08-22
482,The Truman Show,Paramount Pictures,Peter Weir,Drama,1998,103,Medium,PG,4,2018-03-30
168,The Silence of the Lambs,Orion Pictures,Jonathan Demme,Adventure,1991,118,Medium,R,4,2021-03-29
120,The Matrix,Warner Bros.,Lana Wachowski,Fantasy,1999,136,High,R,5,2017-09-11
299,The Shawshank Redemption,Castle Rock Entertainment,Frank Darabont,Animation,1994,142,High,R,1,2024-07-19
1179,The Shawshank Redemption,Castle Rock Entertainment,Frank Darabont,Comedy,1994,142,High,R,1,2021-12-22
317,Avengers: Endgame,Marvel Studios,Anthony Russo,Adventure,2019,181,High,PG-13,2,2018-05-19
392,The Lord of the Rings: The Return of the King,New Line Cinema,Peter Jackson,Action,2003,201,High,PG-13,5,2023-07-14
2277,"Crouching Tiger, Hidden Dragon",Sony Pictures Classics,Ang Lee,Comedy,2000,120,Medium,PG-13,3,2020-04-07
2576,Pulp Fiction,Miramax,Quentin Tarantino,Fantasy,1994,154,High,R,3,2023-03-21
2628,The Shawshank Redemption,Castle Rock Entertainment,Frank Darabont,Drama,1994,142,High,R,2,2015-12-15
93,Inception,Warner Bros.,Christopher Nolan,Animation,2010,148,High,PG-13,5,2017-07-03
2291,The Dark Knight,Warner Bros.,Christopher Nolan,Adventure,2008,152,High,PG-13,4,2025-03-27
2287,The Silence of the Lambs,Orion Pictures,Jonathan Demme,Drama,1991,118,Medium,R,2,2020-03-18
909,The Matrix,Warner Bros.,Lana Wachowski,Crime,1999,136,High,R,2,2016-02-03
982,The Lion King,Walt Disney Pictures,Roger Allers,Romance,1994,88,Low,G,4,2017-10-23
57,The Lion King,Walt Disney Pictures,Roger Allers,Sci-Fi,1994,88,Low,G,5,2021-06-16
1411,The Godfather,Paramount Pictures,Francis Ford Coppola,Adventure,1972,175,High,R,5,2018-08-16
1254,Joker,Warner Bros.,Todd Phillips,Adventure,2019,122,High,R,5,2021-06-01
1140,Interstellar,Paramount Pictures,Christopher Nolan,Drama,2014,169,High,PG-13,5,2023-07-09
1761,The Shawshank Redemption,Castle Rock Entertainment,Frank Darabont,Drama,1994,142,High,R,4,2021-10-04
628,Fight Club,20th Century Fox,David Fincher,Drama,1999,139,High,R,3,2019-01-11
1546,Inception,Warner Bros.,Christopher Nolan,Animation,2010,148,High,PG-13,4,2015-03-02
1722,The Shawshank Redemption,Castle Rock Entertainment,Frank Darabont,Drama,1994,142,High,R,4,2018-09-20
1120,Pulp Fiction,Miramax,Quentin Tarantino,Thriller,1994,154,High,R,4,2023-06-25
1304,The Dark Knight,Warner Bros.,Christopher Nolan,Drama,2008,152,High,PG-13,1,2019-06-23
913,The Shawshank Redemption,Castle Rock Entertainment,Frank Darabont,Sci-Fi,1994,142,High,R,1,2025-05-22
2408,Pulp Fiction,Miramax,Quentin Tarantino,Animation,1994,154,High,R,1,2018-05-09
901,There Will Be Blood,Paramount Vantage,Paul Thomas Anderson,Drama,2007,158,High,R,2,2019-01-05
1962,The Silence of the Lambs,Orion Pictures,Jonathan Demme,Animation,1991,118,Medium,R,3,2017-03-07
2623,Titanic,Paramount Pictures,James Cameron,Romance,1997,195,High,PG-13,5,2016-10-20
1235,The Lord of the Rings: The Return of the King,New Line Cinema,Peter Jackson,Sci-Fi,2003,201,High,PG-13,3,2018-01-08
38,Pulp Fiction,Miramax,Quentin Tarantino,Fantasy,1994,154,High,R,2,2018-08-16
577,Inception,Warner Bros.,Christopher Nolan,Action,2010,148,High,PG-13,2,2023-05-06
2099,There Will Be Blood,Paramount Vantage,Paul Thomas Anderson,Action,2007,158,High,R,2,2018-05-19
1862,The Shawshank Redemption,Castle Rock Entertainment,Frank Darabont,Drama,1994,142,High,R,3,2015-11-24
1356,Gladiator,DreamWorks Pictures,Ridley Scott,Comedy,2000,155,High,R,1,2023-01-28
1342,The Dark Knight,Warner Bros.,Christopher Nolan,Sci-Fi,2008,152,High,PG-13,5,2016-03-18
2396,Inception,Warner Bros.,Christopher Nolan,Adventure,2010,148,High,PG-13,4,2018-02-28
2044,Blade Runner 2049,Warner Bros.,Denis Villeneuve,Sci-Fi,2017,164,High,R,2,2024-05-09
1137,Fight Club,20th Century Fox,David Fincher,Sci-Fi,1999,139,High,R,1,2016-10-26
873,The Shawshank Redemption,Castle Rock Entertainment,Frank Darabont,Fantasy,1994,142,High,R,1,2017-09-06
1385,The Godfather,Paramount Pictures,Francis Ford Coppola,Action,1972,175,High,R,5,2023-11-30
911,The Empire Strikes Back,Lucasfilm,Irvin Kershner,Comedy,1980,124,High,PG,3,2017-01-12
571,The Social Network,Columbia Pictures,David Fincher,Adventure,2010,120,Medium,PG-13,5,2025-05-02
83,Inception,Warner Bros.,Christopher Nolan,Thriller,2010,148,High,PG-13,1,2018-02-18
1607,Joker,Warner Bros.,Todd Phillips,Action,2019,122,High,R,5,2019-11-18
1813,The Shawshank Redemption,Castle Rock Entertainment,Frank Darabont,Romance,1994,142,High,R,5,2016-01-07
643,The Shawshank Redemption,Castle Rock Entertainment,Frank Darabont,Fantasy,1994,142,High,R,3,2025-09-01
357,The Matrix,Warner Bros.,Lana Wachowski,Action,1999,136,High,R,1,2018-05-22
489,Pulp Fiction,Miramax,Quentin Tarantino,Animation,1994,154,High,R,2,2025-02-24
1664,The Dark Knight,Warner Bros.,Christopher Nolan,Thriller,2008,152,High,PG-13,5,2016-12-22
21,The Dark Knight,Warner Bros.,Christopher Nolan,Thriller,2008,152,High,PG-13,4,2024-08-17
136,The Dark Knight,Warner Bros.,Christopher Nolan,Action,2008,152,High,PG-13,3,2023-06-06
643,WALL·E,Pixar,Andrew Stanton,Crime,2008,98,Medium,G,2,2021-07-29
1468,Forrest Gump,Paramount Pictures,Robert Zemeckis,Comedy,1994,142,High,PG-13,5,2023-10-01
391,The Shawshank Redemption,Castle Rock Entertainment,Frank Darabont,Action,1994,142,High,R,1,2019-09-09
981,The Empire Strikes Back,Lucasfilm,Irvin Kershner,Drama,1980,124,High,PG,1,2021-06-19
925,The Silence of the Lambs,Orion Pictures,Jonathan Demme,Thriller,1991,118,Medium,R,3,2021-12-10
254,Forrest Gump,Paramount Pictures,Robert Zemeckis,Fantasy,1994,142,High,PG-13,1,2021-10-08
2383,The Shawshank Redemption,Castle Rock Entertainment,Frank Darabont,Drama,1994,142,High,R,2,2022-12-12
599,The Silence of the Lambs,Orion Pictures,Jonathan Demme,Sci-Fi,1991,118,Medium,R,1,2019-03-24
2941,The Shawshank Redemption,Castle Rock Entertainment,Frank Darabont,Adventure,1994,142,High,R,4,2023-01-09
1510,The Empire Strikes Back,Lucasfilm,Irvin Kershner,Fantasy,1980,124,High,PG,1,2020-10-06
2979,The Dark Knight,Warner Bros.,Christopher Nolan,Romance,2008,152,High,PG-13,3,2015-01-11
2,Pulp Fiction,Miramax,Quentin Tarantino,Romance,1994,154,High,R,2,2017-07-18
960,The Godfather,Paramount Pictures,Francis Ford Coppola,Adventure,1972,175,High,R,2,2016-07-13
2190,The Shawshank Redemption,Castle Rock Entertainment,Frank Darabont,Sci-Fi,1994,142,High,R,4,2020-03-21
1187,The Departed,Warner Bros.,Martin Scorsese,Comedy,2006,151,High,R,3,2019-03-24
53,Pulp Fiction,Miramax,Quentin Tarantino,Comedy,1994,154,High,R,2,2019-12-24
1445,Whiplash,Blumhouse Productions,Damien Chazelle,Crime,2014,107,Medium,R,5,2018-04-26
329,The Shawshank Redemption,Castle Rock Entertainment,Frank Darabont,Romance,1994,142,High,R,1,2025-04-26
1724,The Empire Strikes Back,Lucasfilm,Irvin Kershner,Fantasy,1980,124,High,PG,4,2025-11-13
725,Gladiator,DreamWorks Pictures,Ridley Scott,Adventure,2000,155,High,R,1,2018-11-12
109,Schindler's List,Universal Pictures,Steven Spielberg,Sci-Fi,1993,195,High,R,1,2016-05-27
2869,Whiplash,Blumhouse Productions,Damien Chazelle,Action,2014,107,Medium,R,5,2015-12-21
1667,The Silence of the Lambs,Orion Pictures,Jonathan Demme,Fantasy,1991,118,Medium,R,5,2015-08-14
541,Schindler's List,Universal Pictures,Steven Spielberg,Romance,1993,195,High,R,1,2016-09-30
2565,The Godfather,Paramount Pictures,Francis Ford Coppola,Crime,1972,175,High,R,4,2020-05-13
2578,Fight Club,20th Century Fox,David Fincher,Fantasy,1999,139,High,R,1,2019-05-02
1008,The Lion King,Walt Disney Pictures,Roger Allers,Sci-Fi,1994,88,Low,G,2,2018-10-05
2209,The Shawshank Redemption,Castle Rock Entertainment,Frank Darabont,Thriller,1994,142,High,R,4,2016-05-19
566,The Dark Knight,Warner Bros.,Christopher Nolan,Action,2008,152,High,PG-13,1,2024-09-29
2100,The Dark Knight,Warner Bros.,Christopher Nolan,Animation,2008,152,High,PG-13,3,2022-04-04
341,The Dark Knight,Warner Bros.,Christopher Nolan,Thriller,2008,152,High,PG-13,4,2015-12-10
789,The Godfather,Paramount Pictures,Francis Ford Coppola,Action,1972,175,High,R,5,2018-06-30
1379,The Shawshank Redemption,Castle Rock Entertainment,Frank Darabont,Drama,1994,142,High,R,2,2020-02-01
2204,The Departed,Warner Bros.,Martin Scorsese,Thriller,2006,151,High,R,5,2023-06-09
2857,Fight Club,20th Century Fox,David Fincher,Action,1999,139,High,R,2,2022-11-19
1412,The Shawshank Redemption,Castle Rock Entertainment,Frank Darabont,Action,1994,142,High,R,3,2019-11-27
2510,The Matrix,Warner Bros.,Lana Wachowski,Animation,1999,136,High,R,4,2019-04-06
1057,The Shawshank Redemption,Castle Rock Entertainment,Frank Darabont,Fantasy,1994,142,High,R,5,2023-01-01
2798,The Shawshank Redemption,Castle Rock Entertainment,Frank Darabont,Animation,1994,142,High,R,2,2023-12-27
1397,Forrest Gump,Paramount Pictures,Robert Zemeckis,Adventure,1994,142,High,PG-13,5,2015-10-21
387,No Country for Old Men,Mirage Enterprises,Ethan Coen,Animation,2007,122,High,R,2,2015-06-18
1589,The Shawshank Redemption,Castle Rock Entertainment,Frank Darabont,Comedy,1994,142,High,R,1,2024-02-19
1200,Saving Private Ryan,DreamWorks/Amblin,Steven Spielberg,Action,1998,169,High,R,4,2019-05-29
1511,The Shawshank Redemption,Castle Rock Entertainment,Frank Darabont,Fantasy,1994,142,High,R,2,2024-10-09
1146,The Shawshank Redemption,Castle Rock Entertainment,Frank Darabont,Action,1994,142,High,R,4,2017-01-19
1020,The Godfather,Paramount Pictures,Francis Ford Coppola,Adventure,1972,175,High,R,2,2025-10-16
1581,Forrest Gump,Paramount Pictures,Robert Zemeckis,Adventure,1994,142,High,PG-13,4,2018-07-10
1808,The Lord of the Rings: The Return of the King,New Line Cinema,Peter Jackson,Sci-Fi,2003,201,High,PG-13,3,2020-12-06
675,Inception,Warner Bros.,Christopher Nolan,Romance,2010,148,High,PG-13,4,2016-10-16
1506,The Godfather,Paramount Pictures,Francis Ford Coppola,Romance,1972,175,High,R,3,2022-12-10
2562,Back to the Future,Universal Pictures,Robert Zemeckis,Drama,1985,116,Medium,PG,3,2019-07-25
531,The Shawshank Redemption,Castle Rock Entertainment,Frank Darabont,Drama,1994,142,High,R,4,2021-06-27
2187,WALL·E,Pixar,Andrew Stanton,Sci-Fi,2008,98,Medium,G,3,2019-04-19
2754,Blade Runner 2049,Warner Bros.,Denis Villeneuve,Crime,2017,164,High,R,2,2024-03-06
1833,The Shawshank Redemption,Castle Rock Entertainment,Frank Darabont,Sci-Fi,1994,142,High,R,2,2023-06-02
948,The Green Mile,Castle Rock Entertainment,Frank Darabont,Fantasy,1999,189,High,R,2,2021-09-12
2394,Goodfellas,Warner Bros.,Martin Scorsese,Drama,1990,146,High,R,5,2019-12-11
568,Whiplash,Blumhouse Productions,Damien Chazelle,Comedy,2014,107,Medium,R,3,2024-09-19
1791,The Shawshank Redemption,Castle Rock Entertainment,Frank Darabont,Romance,1994,142,High,R,1,2018-05-18
604,Mad Max: Fury Road,Warner Bros.,George Miller,Adventure,2015,120,Medium,R,1,2017-02-01
2254,The Prestige,Warner Bros.,Christopher Nolan,Comedy,2006,130,High,PG-13,4,2020-03-05
1413,The Usual Suspects,Gramercy Pictures,Bryan Singer,Drama,1995,106,Medium,R,3,2025-03-19
561,WALL·E,Pixar,Andrew Stanton,Romance,2008,98,Medium,G,4,2024-08-15
2685,The Dark Knight,Warner Bros.,Christopher Nolan,Animation,2008,152,High,PG-13,3,2022-10-30
2662,The Shawshank Redemption,Castle Rock Entertainment,Frank Darabont,Drama,1994,142,High,R,2,2017-07-31
1855,The Lord of the Rings: The Return of the King,New Line Cinema,Peter Jackson,Action,2003,201,High,PG-13,1,2018-04-13
1822,Fight Club,20th Century Fox,David Fincher,Action,1999,139,High,R,2,2017-03-01
2325,The Silence of the Lambs,Orion Pictures,Jonathan Demme,Action,1991,118,Medium,R,1,2025-05-22
2940,Interstellar,Paramount Pictures,Christopher Nolan,Comedy,2014,169,High,PG-13,3,2015-09-20
2990,The Truman Show,Paramount Pictures,Peter Weir,Fantasy,1998,103,Medium,PG,4,2023-08-04
2582,Pulp Fiction,Miramax,Quentin Tarantino,Sci-Fi,1994,154,High,R,2,2019-07-26
822,The Shawshank Redemption,Castle Rock Entertainment,Frank Darabont,Action,1994,142,High,R,5,2019-10-13
621,The Shawshank Redemption,Castle Rock Entertainment,Frank Darabont,Crime,1994,142,High,R,2,2024-11-26
2062,The Shawshank Redemption,Castle Rock Entertainment,Frank Darabont,Drama,1994,142,High,R,5,2018-04-11
1037,The Truman Show,Paramount Pictures,Peter Weir,Action,1998,103,Medium,PG,4,2024-02-29
871,The Departed,Warner Bros.,Martin Scorsese,Animation,2006,151,High,R,2,2017-04-18
94,Pulp Fiction,Miramax,Quentin Tarantino,Fantasy,1994,154,High,R,5,2019-04-10
2832,Alien,20th Century Fox,Ridley Scott,Animation,1979,117,Medium,R,2,2025-07-11
2614,Inception,Warner Bros.,Christopher Nolan,Sci-Fi,2010,148,High,PG-13,4,2023-02-12
1375,The Shawshank Redemption,Castle Rock Entertainment,Frank Darabont,Thriller,1994,142,High,R,4,2015-02-05
1172,The Silence of the Lambs,Orion Pictures,Jonathan Demme,Comedy,1991,118,Medium,R,5,2025-04-15
2304,Moonlight,A24,Barry Jenkins,Romance,2016,111,Medium,R,2,2015-04-09
2930,The Usual Suspects,Gramercy Pictures,Bryan Singer,Sci-Fi,1995,106,Medium,R,3,2021-05-16
1072,Back to the Future,Universal Pictures,Robert Zemeckis,Crime,1985,116,Medium,PG,2,2016-08-19
882,The Lord of the Rings: The Return of the King,New Line Cinema,Peter Jackson,Crime,2003,201,High,PG-13,5,2025-06-08
1360,The Dark Knight,Warner Bros.,Christopher Nolan,Drama,2008,152,High,PG-13,1,2016-03-19
2174,The Godfather,Paramount Pictures,Francis Ford Coppola,Crime,1972,175,High,R,4,2018-11-14
200,Gladiator,DreamWorks Pictures,Ridley Scott,Drama,2000,155,High,R,5,2024-11-04
2618,The Shawshank Redemption,Castle Rock Entertainment,Frank Darabont,Animation,1994,142,High,R,5,2021-06-21
2614,Se7en,New Line Cinema,David Fincher,Drama,1995,127,High,R,3,2017-11-11
992,The Shawshank Redemption,Castle Rock Entertainment,Frank Darabont,Comedy,1994,142,High,R,1,2018-01-18
2085,The Shawshank Redemption,Castle Rock Entertainment,Frank Darabont,Sci-Fi,1994,142,High,R,4,2025-01-08
2140,The Dark Knight,Warner Bros.,Christopher Nolan,Thriller,2008,152,High,PG-13,3,2017-02-21
2645,The Silence of the Lambs,Orion Pictures,Jonathan Demme,Crime,1991,118,Medium,R,3,2020-10-10
1443,The Shawshank Redemption,Castle Rock Entertainment,Frank Darabont,Comedy,1994,142,High,R,4,2018-08-02
2619,Inception,Warner Bros.,Christopher Nolan,Thriller,2010,148,High,PG-13,1,2022-01-01
1302,The Shawshank Redemption,Castle Rock Entertainment,Frank Darabont,Sci-Fi,1994,142,High,R,5,2025-06-12
1847,The Dark Knight,Warner Bros.,Christopher Nolan,Fantasy,2008,152,High,PG-13,1,2020-06-17
2492,Fight Club,20th Century Fox,David Fincher,Drama,1999,139,High,R,1,2025-10-15
2484,The Shawshank Redemption,Castle Rock Entertainment,Frank Darabont,Fantasy,1994,142,High,R,1,2019-07-17
2875,Inception,Warner Bros.,Christopher Nolan,Animation,2010,148,High,PG-13,2,2020-06-04
2114,The Shawshank Redemption,Castle Rock Entertainment,Frank Darabont,Crime,1994,142,High,R,1,2019-02-07
1731,Blade Runner 2049,Warner Bros.,Denis Villeneuve,Sci-Fi,2017,164,High,R,5,2025-12-18
1579,The Shawshank Redemption,Castle Rock Entertainment,Frank Darabont,Romance,1994,142,High,R,5,2020-04-09
2720,Pulp Fiction,Miramax,Quentin Tarantino,Romance,1994,154,High,R,5,2017-04-07
171,The Shawshank Redemption,Castle Rock Entertainment,Frank Darabont,Sci-Fi,1994,142,High,R,1,2020-05-05
2197,Gladiator,DreamWorks Pictures,Ridley Scott,Drama,2000,155,High,R,3,2025-11-15
2637,The Shawshank Redemption,Castle Rock Entertainment,Frank Darabont,Thriller,1994,142,High,R,3,2018-12-31
1341,Inception,Warner Bros.,Christopher Nolan,Romance,2010,148,High,PG-13,3,2019-09-25
1012,Pulp Fiction,Miramax,Quentin Tarantino,Action,1994,154,High,R,5,2019-02-22
2688,The Dark Knight,Warner Bros.,Christopher Nolan,Thriller,2008,152,High,PG-13,2,2021-06-27
653,The Matrix,Warner Bros.,Lana Wachowski,Animation,1999,136,High,R,2,2018-03-02
2869,The Dark Knight,Warner Bros.,Christopher Nolan,Action,2008,152,High,PG-13,1,2020-04-01
2791,Forrest Gump,Paramount Pictures,Robert Zemeckis,Animation,1994,142,High,PG-13,1,2015-09-30
2245,The Godfather,Paramount Pictures,Francis Ford Coppola,Comedy,1972,175,High,R,4,2019-10-19
830,Forrest Gump,Paramount Pictures,Robert Zemeckis,Thriller,1994,142,High,PG-13,1,2024-02-20
646,The Shawshank Redemption,Castle Rock Entertainment,Frank Darabont,Animation,1994,142,High,R,3,2017-04-17
1574,There Will Be Blood,Paramount Vantage,Paul Thomas Anderson,Fantasy,2007,158,High,R,2,2020-05-15
1298,Pulp Fiction,Miramax,Quentin Tarantino,Animation,1994,154,High,R,2,2017-11-10
1311,The Shawshank Redemption,Castle Rock Entertainment,Frank Darabont,Adventure,1994,142,High,R,1,2016-11-05
1229,The Shawshank Redemption,Castle Rock Entertainment,Frank Darabont,Animation,1994,142,High,R,3,2025-07-31
2230,Pulp Fiction,Miramax,Quentin Tarantino,Thriller,1994,154,High,R,1,2024-01-06
2312,Forrest Gump,Paramount Pictures,Robert Zemeckis,Thriller,1994,142,High,PG-13,1,2021-01-01
1871,Blade Runner 2049,Warner Bros.,Denis Villeneuve,Action,2017,164,High,R,1,2022-03-01
2929,The Departed,Warner Bros.,Martin Scorsese,Thriller,2006,151,High,R,5,2024-09-13
1868,The Social Network,Columbia Pictures,David Fincher,Fantasy,2010,120,Medium,PG-13,4,2020-04-05
2054,The Truman Show,Paramount Pictures,Peter Weir,Crime,1998,103,Medium,PG,1,2024-11-08
1970,The Godfather,Paramount Pictures,Francis Ford Coppola,Adventure,1972,175,High,R,2,2022-10-10
2469,Schindler's List,Universal Pictures,Steven Spielberg,Sci-Fi,1993,195,High,R,2,2015-01-05
300,The Shawshank Redemption,Castle Rock Entertainment,Frank Darabont,Fantasy,1994,142,High,R,1,2016-08-22
793,The Shawshank Redemption,Castle Rock Entertainment,Frank Darabont,Action,1994,142,High,R,3,2016-07-30
2777,The Godfather,Paramount Pictures,Francis Ford Coppola,Comedy,1972,175,High,R,4,2017-06-06
2834,Up,Pixar,Pete Docter,Adventure,2009,96,Medium,PG,4,2024-07-08
2536,Schindler's List,Universal Pictures,Steven Spielberg,Fantasy,1993,195,High,R,1,2023-06-30
2375,Back to the Future,Universal Pictures,Robert Zemeckis,Sci-Fi,1985,116,Medium,PG,1,2022-08-08
1495,The Matrix,Warner Bros.,Lana Wachowski,Fantasy,1999,136,High,R,1,2019-03-21
1634,Gladiator,DreamWorks Pictures,Ridley Scott,Sci-Fi,2000,155,High,R,3,2023-08-28
167,The Dark Knight,Warner Bros.,Christopher Nolan,Fantasy,2008,152,High,PG-13,4,2018-04-27
961,The Lord of the Rings: The Return of the King,New Line Cinema,Peter Jackson,Sci-Fi,2003,201,High,PG-13,5,2024-08-01
2520,The Shawshank Redemption,Castle Rock Entertainment,Frank Darabont,Comedy,1994,142,High,R,1,2015-03-13
1154,Gladiator,DreamWorks Pictures,Ridley Scott,Action,2000,155,High,R,2,2025-07-01
1880,The King's Speech,The Weinstein Company,Tom Hooper,Sci-Fi,2010,118,Medium,R,3,2017-03-14
362,The Lord of the Rings: The Return of the King,New Line Cinema,Peter Jackson,Action,2003,201,High,PG-13,2,2024-05-24
2882,The Matrix,Warner Bros.,Lana Wachowski,Comedy,1999,136,High,R,2,2021-12-29
1166,The Shawshank Redemption,Castle Rock Entertainment,Frank Darabont,Drama,1994,142,High,R,3,2022-10-10
468,Forrest Gump,Paramount Pictures,Robert Zemeckis,Thriller,1994,142,High,PG-13,4,2015-07-25
1347,The Dark Knight,Warner Bros.,Christopher Nolan,Romance,2008,152,High,PG-13,1,2015-12-05
1626,The Shawshank Redemption,Castle Rock Entertainment,Frank Darabont,Crime,1994,142,High,R,1,2015-10-11
126,Gladiator,DreamWorks Pictures,Ridley Scott,Action,2000,155,High,R,4,2015-02-06
2296,Forrest Gump,Paramount Pictures,Robert Zemeckis,Action,1994,142,High,PG-13,4,2018-11-29
1920,Fight Club,20th Century Fox,David Fincher,Thriller,1999,139,High,R,3,2024-06-21
2279,Avengers: Endgame,Marvel Studios,Anthony Russo,Romance,2019,181,High,PG-13,4,2024-09-06
1184,The Truman Show,Paramount Pictures,Peter Weir,Thriller,1998,103,Medium,PG,2,2018-07-29
366,Inception,Warner Bros.,Christopher Nolan,Thriller,2010,148,High,PG-13,3,2020-07-08
1651,The Matrix,Warner Bros.,Lana Wachowski,Crime,1999,136,High,R,3,2021-05-25
994,Forrest Gump,Paramount Pictures,Robert Zemeckis,Crime,1994,142,High,PG-13,3,2019-04-24
1587,WALL·E,Pixar,Andrew Stanton,Animation,2008,98,Medium,G,4,2022-02-08
851,La La Land,Summit Entertainment,Damien Chazelle,Thriller,2016,128,High,PG-13,2,2015-04-04
2693,The Shawshank Redemption,Castle Rock Entertainment,Frank Darabont,Fantasy,1994,142,High,R,2,2024-03-01
2124,Pulp Fiction,Miramax,Quentin Tarantino,Adventure,1994,154,High,R,2,2023-09-25
1081,The Shawshank Redemption,Castle Rock Entertainment,Frank Darabont,Sci-Fi,1994,142,High,R,5,2018-09-26
2041,La La Land,Summit Entertainment,Damien Chazelle,Romance,2016,128,High,PG-13,2,2023-01-30
141,The Empire Strikes Back,Lucasfilm,Irvin Kershner,Comedy,1980,124,High,PG,1,2015-06-11
1603,Interstellar,Paramount Pictures,Christopher Nolan,Action,2014,169,High,PG-13,1,2021-02-14
1545,Schindler's List,Universal Pictures,Steven Spielberg,Crime,1993,195,High,R,3,2022-06-23
99,The Prestige,Warner Bros.,Christopher Nolan,Adventure,2006,130,High,PG-13,1,2021-08-10
587,Fight Club,20th Century Fox,David Fincher,Adventure,1999,139,High,R,3,2017-05-03
2670,Forrest Gump,Paramount Pictures,Robert Zemeckis,Crime,1994,142,High,PG-13,4,2025-09-14
1312,The Shawshank Redemption,Castle Rock Entertainment,Frank Darabont,Drama,1994,142,High,R,2,2017-08-18
2920,There Will Be Blood,Paramount Vantage,Paul Thomas Anderson,Thriller,2007,158,High,R,4,2021-09-16
239,The Departed,Warner Bros.,Martin Scorsese,Thriller,2006,151,High,R,1,2016-01-02
2156,The Shawshank Redemption,Castle Rock Entertainment,Frank Darabont,Drama,1994,142,High,R,5,2015-08-03
2266,The Lion King,Walt Disney Pictures,Roger Allers,Romance,1994,88,Low,G,2,2015-09-28
1269,Pulp Fiction,Miramax,Quentin Tarantino,Crime,1994,154,High,R,1,2024-01-29
2158,La La Land,Summit Entertainment,Damien Chazelle,Animation,2016,128,High,PG-13,1,2016-12-11
1142,The Silence of the Lambs,Orion Pictures,Jonathan Demme,Thriller,1991,118,Medium,R,3,2022-11-03
737,The Shawshank Redemption,Castle Rock Entertainment,Frank Darabont,Animation,1994,142,High,R,5,2023-06-24
943,The Lord of the Rings: The Return of the King,New Line Cinema,Peter Jackson,Drama,2003,201,High,PG-13,5,2023-04-18
1817,The Shawshank Redemption,Castle Rock Entertainment,Frank Darabont,Comedy,1994,142,High,R,2,2022-02-07
1711,Pulp Fiction,Miramax,Quentin Tarantino,Crime,1994,154,High,R,2,2023-08-22
338,The Dark Knight,Warner Bros.,Christopher Nolan,Animation,2008,152,High,PG-13,1,2020-09-27
274,The Shawshank Redemption,Castle Rock Entertainment,Frank Darabont,Action,1994,142,High,R,4,2020-10-30
1880,The Dark Knight,Warner Bros.,Christopher Nolan,Romance,2008,152,High,PG-13,3,2023-09-30
16,No Country for Old Men,Mirage Enterprises,Ethan Coen,Comedy,2007,122,High,R,4,2024-06-30
362,The Green Mile,Castle Rock Entertainment,Frank Darabont,Thriller,1999,189,High,R,1,2024-04-15
869,The Shawshank Redemption,Castle Rock Entertainment,Frank Darabont,Adventure,1994,142,High,R,5,2025-08-14
2511,The Empire Strikes Back,Lucasfilm,Irvin Kershner,Thriller,1980,124,High,PG,1,2024-08-31
2535,Pulp Fiction,Miramax,Quentin Tarantino,Thriller,1994,154,High,R,5,2020-01-09
2395,Forrest Gump,Paramount Pictures,Robert Zemeckis,Action,1994,142,High,PG-13,1,2021-04-03
1730,Heat,Warner Bros.,Michael Mann,Comedy,1995,170,High,R,2,2022-06-26
1459,The Lord of the Rings: The Return of the King,New Line Cinema,Peter Jackson,Fantasy,2003,201,High,PG-13,4,2023-03-24
1990,The Silence of the Lambs,Orion Pictures,Jonathan Demme,Crime,1991,118,Medium,R,4,2024-02-10
1961,Pulp Fiction,Miramax,Quentin Tarantino,Crime,1994,154,High,R,5,2020-07-21
888,The Dark Knight,Warner Bros.,Christopher Nolan,Action,2008,152,High,PG-13,5,2021-01-31
2155,Pulp Fiction,Miramax,Quentin Tarantino,Thriller,1994,154,High,R,4,2021-02-09
2985,Avengers: Endgame,Marvel Studios,Anthony Russo,Adventure,2019,181,High,PG-13,1,2015-12-26
1645,Schindler's List,Universal Pictures,Steven Spielberg,Action,1993,195,High,R,4,2025-05-14
1771,The Shawshank Redemption,Castle Rock Entertainment,Frank Darabont,Action,1994,142,High,R,2,2019-10-08
2335,Pulp Fiction,Miramax,Quentin Tarantino,Animation,1994,154,High,R,5,2015-02-15
1627,Interstellar,Paramount Pictures,Christopher Nolan,Thriller,2014,169,High,PG-13,4,2022-03-21
768,The Shawshank Redemption,Castle Rock Entertainment,Frank Darabont,Sci-Fi,1994,142,High,R,3,2016-11-23
2496,Fight Club,20th Century Fox,David Fincher,Romance,1999,139,High,R,5,2025-11-06
991,The Shawshank Redemption,Castle Rock Entertainment,Frank Darabont,Comedy,1994,142,High,R,5,2021-07-18
556,American Beauty,DreamWorks,Sam Mendes,Romance,1999,122,High,R,5,2016-03-10
1905,The Godfather,Paramount Pictures,Francis Ford Coppola,Romance,1972,175,High,R,4,2020-05-21
2032,The Shawshank Redemption,Castle Rock Entertainment,Frank Darabont,Adventure,1994,142,High,R,5,2024-05-17
770,The Dark Knight,Warner Bros.,Christopher Nolan,Drama,2008,152,High,PG-13,5,2024-05-27
1299,Joker,Warner Bros.,Todd Phillips,Adventure,2019,122,High,R,5,2015-04-11
1806,The Shawshank Redemption,Castle Rock Entertainment,Frank Darabont,Crime,1994,142,High,R,3,2016-05-26
2259,The Shawshank Redemption,Castle Rock Entertainment,Frank Darabont,Sci-Fi,1994,142,High,R,3,2020-05-31
570,The Matrix,Warner Bros.,Lana Wachowski,Romance,1999,136,High,R,1,2025-09-10
381,The Matrix,Warner Bros.,Lana Wachowski,Adventure,1999,136,High,R,4,2018-12-08
468,Inception,Warner Bros.,Christopher Nolan,Fantasy,2010,148,High,PG-13,1,2022-04-09
162,Parasite,CJ Entertainment,Bong Joon-ho,Comedy,2019,132,High,R,5,2019-10-22
2943,The Shawshank Redemption,Castle Rock Entertainment,Frank Darabont,Adventure,1994,142,High,R,1,2015-01-18
2884,The Lord of the Rings: The Return of the King,New Line Cinema,Peter Jackson,Comedy,2003,201,High,PG-13,3,2021-08-31
2013,The Silence of the Lambs,Orion Pictures,Jonathan Demme,Animation,1991,118,Medium,R,4,2021-04-17
955,The Dark Knight,Warner Bros.,Christopher Nolan,Fantasy,2008,152,High,PG-13,1,2022-01-09
74,The Silence of the Lambs,Orion Pictures,Jonathan Demme,Action,1991,118,Medium,R,5,2017-03-14
55,The Shawshank Redemption,Castle Rock Entertainment,Frank Darabont,Action,1994,142,High,R,3,2022-02-08
2563,The Shawshank Redemption,Castle Rock Entertainment,Frank Darabont,Animation,1994,142,High,R,4,2024-05-15
95,The Shawshank Redemption,Castle Rock Entertainment,Frank Darabont,Comedy,1994,142,High,R,2,2021-05-30
743,The Dark Knight,Warner Bros.,Christopher Nolan,Romance,2008,152,High,PG-13,3,2016-09-03
864,The Shawshank Redemption,Castle Rock Entertainment,Frank Darabont,Thriller,1994,142,High,R,4,2021-10-12
689,The Lion King,Walt Disney Pictures,Roger Allers,Animation,1994,88,Low,G,1,2019-04-24
802,Moonlight,A24,Barry Jenkins,Drama,2016,111,Medium,R,4,2022-03-02
708,The Shawshank Redemption,Castle Rock Entertainment,Frank Darabont,Action,1994,142,High,R,3,2023-10-23
2875,There Will Be Blood,Paramount Vantage,Paul Thomas Anderson,Sci-Fi,2007,158,High,R,2,2017-11-29
1924,Saving Private Ryan,DreamWorks/Amblin,Steven Spielberg,Fantasy,1998,169,High,R,3,2017-09-06
1338,The King's Speech,The Weinstein Company,Tom Hooper,Comedy,2010,118,Medium,R,1,2022-10-27
1602,Forrest Gump,Paramount Pictures,Robert Zemeckis,Crime,1994,142,High,PG-13,3,2018-06-03
1672,The King's Speech,The Weinstein Company,Tom Hooper,Romance,2010,118,Medium,R,3,2025-02-08
2951,The Empire Strikes Back,Lucasfilm,Irvin Kershner,Fantasy,1980,124,High,PG,3,2015-07-23
2646,The Dark Knight,Warner Bros.,Christopher Nolan,Fantasy,2008,152,High,PG-13,2,2019-01-22
1353,The Godfather,Paramount Pictures,Francis Ford Coppola,Adventure,1972,175,High,R,2,2017-11-07
1758,Titanic,Paramount Pictures,James Cameron,Comedy,1997,195,High,PG-13,4,2022-05-08
2106,No Country for Old Men,Mirage Enterprises,Ethan Coen,Animation,2007,122,High,R,4,2018-12-20
1216,The Shawshank Redemption,Castle Rock Entertainment,Frank Darabont,Comedy,1994,142,High,R,5,2017-03-23
2241,Fight Club,20th Century Fox,David Fincher,Thriller,1999,139,High,R,3,2022-05-06
2026,The King's Speech,The Weinstein Company,Tom Hooper,Action,2010,118,Medium,R,4,2024-05-01
1283,The Shawshank Redemption,Castle Rock Entertainment,Frank Darabont,Sci-Fi,1994,142,High,R,3,2020-10-21
1495,The Godfather,Paramount Pictures,Francis Ford Coppola,Drama,1972,175,High,R,4,2020-04-20
2495,Inception,Warner Bros.,Christopher Nolan,Drama,2010,148,High,PG-13,5,2025-02-07
2499,The Godfather,Paramount Pictures,Francis Ford Coppola,Action,1972,175,High,R,4,2023-08-26
2986,Fight Club,20th Century Fox,David Fincher,Comedy,1999,139,High,R,3,2017-09-25
2194,Pulp Fiction,Miramax,Quentin Tarantino,Romance,1994,154,High,R,3,2024-09-19
245,The Shawshank Redemption,Castle Rock Entertainment,Frank Darabont,Drama,1994,142,High,R,3,2018-07-31
2180,The Dark Knight,Warner Bros.,Christopher Nolan,Drama,2008,152,High,PG-13,5,2016-12-17
34,The Godfather,Paramount Pictures,Francis Ford Coppola,Fantasy,1972,175,High,R,2,2023-03-21
2472,The Shawshank Redemption,Castle Rock Entertainment,Frank Darabont,Thriller,1994,142,High,R,3,2016-12-06
1915,Se7en,New Line Cinema,David Fincher,Romance,1995,127,High,R,1,2022-10-25
2418,Pulp Fiction,Miramax,Quentin Tarantino,Fantasy,1994,154,High,R,2,2024-06-21
2303,The Godfather,Paramount Pictures,Francis Ford Coppola,Adventure,1972,175,High,R,1,2017-09-16
1373,Blade Runner 2049,Warner Bros.,Denis Villeneuve,Crime,2017,164,High,R,4,2016-07-18
158,Fight Club,20th Century Fox,David Fincher,Adventure,1999,139,High,R,1,2018-12-22
95,The Empire Strikes Back,Lucasfilm,Irvin Kershner,Drama,1980,124,High,PG,3,2018-11-07
860,Schindler's List,Universal Pictures,Steven Spielberg,Animation,1993,195,High,R,1,2018-06-30
1901,The Dark Knight,Warner Bros.,Christopher Nolan,Crime,2008,152,High,PG-13,2,2025-03-11
2014,The Matrix,Warner Bros.,Lana Wachowski,Thriller,1999,136,High,R,2,2023-06-02
2956,The Lord of the Rings: The Return of the King,New Line Cinema,Peter Jackson,Adventure,2003,201,High,PG-13,2,2015-11-19
979,Titanic,Paramount Pictures,James Cameron,Crime,1997,195,High,PG-13,1,2016-08-05
684,Schindler's List,Universal Pictures,Steven Spielberg,Romance,1993,195,High,R,1,2018-01-30
1083,The Dark Knight,Warner Bros.,Christopher Nolan,Action,2008,152,High,PG-13,4,2024-02-29
751,The Shawshank Redemption,Castle Rock Entertainment,Frank Darabont,Sci-Fi,1994,142,High,R,4,2025-02-28
210,Saving Private Ryan,DreamWorks/Amblin,Steven Spielberg,Adventure,1998,169,High,R,1,2022-10-05
789,Inception,Warner Bros.,Christopher Nolan,Fantasy,2010,148,High,PG-13,2,2020-12-04
1402,Fight Club,20th Century Fox,David Fincher,Adventure,1999,139,High,R,3,2018-04-13
168,Blade Runner,Warner Bros.,Ridley Scott,Comedy,1982,117,Medium,R,4,2025-12-14
1328,Saving Private Ryan,DreamWorks/Amblin,Steven Spielberg,Crime,1998,169,High,R,5,2017-08-08
1465,The Shawshank Redemption,Castle Rock Entertainment,Frank Darabont,Fantasy,1994,142,High,R,3,2018-11-10
129,The Godfather,Paramount Pictures,Francis Ford Coppola,Thriller,1972,175,High,R,4,2022-11-01
764,The Truman Show,Paramount Pictures,Peter Weir,Sci-Fi,1998,103,Medium,PG,2,2020-04-25
819,Fight Club,20th Century Fox,David Fincher,Crime,1999,139,High,R,4,2020-02-10
576,The Godfather,Paramount Pictures,Francis Ford Coppola,Comedy,1972,175,High,R,4,2016-01-27
1734,The Social Network,Columbia Pictures,David Fincher,Adventure,2010,120,Medium,PG-13,4,2019-03-15
416,Gladiator,DreamWorks Pictures,Ridley Scott,Action,2000,155,High,R,4,2017-11-20
1055,The Shawshank Redemption,Castle Rock Entertainment,Frank Darabont,Sci-Fi,1994,142,High,R,1,2020-10-05
655,Inception,Warner Bros.,Christopher Nolan,Animation,2010,148,High,PG-13,4,2019-05-26
2339,The Shawshank Redemption,Castle Rock Entertainment,Frank Darabont,Romance,1994,142,High,R,1,2019-10-03
83,The Godfather,Paramount Pictures,Francis Ford Coppola,Romance,1972,175,High,R,4,2017-09-12
1377,The Prestige,Warner Bros.,Christopher Nolan,Thriller,2006,130,High,PG-13,5,2021-09-14
243,Alien,20th Century Fox,Ridley Scott,Sci-Fi,1979,117,Medium,R,4,2025-07-21
2522,The Godfather,Paramount Pictures,Francis Ford Coppola,Drama,1972,175,High,R,3,2023-02-01
513,The Lion King,Walt Disney Pictures,Roger Allers,Animation,1994,88,Low,G,2,2025-04-16
2772,Joker,Warner Bros.,Todd Phillips,Sci-Fi,2019,122,High,R,4,2017-07-21
939,Saving Private Ryan,DreamWorks/Amblin,Steven Spielberg,Action,1998,169,High,R,2,2018-02-22
158,Back to the Future,Universal Pictures,Robert Zemeckis,Animation,1985,116,Medium,PG,5,2020-12-13
1196,The Godfather,Paramount Pictures,Francis Ford Coppola,Adventure,1972,175,High,R,1,2022-05-17
2490,Schindler's List,Universal Pictures,Steven Spielberg,Drama,1993,195,High,R,2,2019-02-21
190,American Beauty,DreamWorks,Sam Mendes,Sci-Fi,1999,122,High,R,3,2019-02-09
2959,La La Land,Summit Entertainment,Damien Chazelle,Action,2016,128,High,PG-13,5,2016-12-20
1931,The Godfather,Paramount Pictures,Francis Ford Coppola,Thriller,1972,175,High,R,3,2016-06-26
1912,The Dark Knight,Warner Bros.,Christopher Nolan,Adventure,2008,152,High,PG-13,4,2019-03-31
2943,The Shawshank Redemption,Castle Rock Entertainment,Frank Darabont,Romance,1994,142,High,R,1,2016-03-27
1169,The Godfather,Paramount Pictures,Francis Ford Coppola,Romance,1972,175,High,R,1,2023-05-24
2897,The Silence of the Lambs,Orion Pictures,Jonathan Demme,Thriller,1991,118,Medium,R,1,2020-11-05
2520,The Shawshank Redemption,Castle Rock Entertainment,Frank Darabont,Comedy,1994,142,High,R,2,2019-11-21
2676,The Dark Knight,Warner Bros.,Christopher Nolan,Crime,2008,152,High,PG-13,1,2022-09-09
487,La La Land,Summit Entertainment,Damien Chazelle,Romance,2016,128,High,PG-13,4,2020-06-04
1672,The Empire Strikes Back,Lucasfilm,Irvin Kershner,Crime,1980,124,High,PG,3,2015-03-06
2758,The Shawshank Redemption,Castle Rock Entertainment,Frank Darabont,Romance,1994,142,High,R,1,2025-08-21
1392,The Pianist,Focus Features,Roman Polanski,Romance,2002,150,High,R,2,2019-05-16
663,American Beauty,DreamWorks,Sam Mendes,Fantasy,1999,122,High,R,2,2024-08-12
2517,Inception,Warner Bros.,Christopher Nolan,Sci-Fi,2010,148,High,PG-13,2,2022-09-08
937,The Shawshank Redemption,Castle Rock Entertainment,Frank Darabont,Drama,1994,142,High,R,5,2020-06-26
2432,The Lion King,Walt Disney Pictures,Roger Allers,Action,1994,88,Low,G,2,2016-02-06
310,Fight Club,20th Century Fox,David Fincher,Sci-Fi,1999,139,High,R,5,2025-02-02
1887,The Prestige,Warner Bros.,Christopher Nolan,Fantasy,2006,130,High,PG-13,2,2022-08-14
111,Pulp Fiction,Miramax,Quentin Tarantino,Fantasy,1994,154,High,R,1,2023-09-01
1849,The Dark Knight,Warner Bros.,Christopher Nolan,Romance,2008,152,High,PG-13,5,2022-08-27
2437,Forrest Gump,Paramount Pictures,Robert Zemeckis,Fantasy,1994,142,High,PG-13,3,2018-11-19
805,Goodfellas,Warner Bros.,Martin Scorsese,Crime,1990,146,High,R,3,2024-09-06
43,The Shawshank Redemption,Castle Rock Entertainment,Frank Darabont,Comedy,1994,142,High,R,3,2015-07-29
2647,American Beauty,DreamWorks,Sam Mendes,Action,1999,122,High,R,1,2016-06-20
2025,The Dark Knight,Warner Bros.,Christopher Nolan,Animation,2008,152,High,PG-13,2,2021-04-14
1269,Fight Club,20th Century Fox,David Fincher,Drama,1999,139,High,R,2,2023-05-09
1296,The Silence of the Lambs,Orion Pictures,Jonathan Demme,Drama,1991,118,Medium,R,2,2021-08-31
974,Forrest Gump,Paramount Pictures,Robert Zemeckis,Fantasy,1994,142,High,PG-13,4,2015-07-13
2477,Schindler's List,Universal Pictures,Steven Spielberg,Drama,1993,195,High,R,3,2015-02-04
2806,Whiplash,Blumhouse Productions,Damien Chazelle,Thriller,2014,107,Medium,R,3,2019-07-30
282,Interstellar,Paramount Pictures,Christopher Nolan,Adventure,2014,169,High,PG-13,3,2022-01-05
1737,Inception,Warner Bros.,Christopher Nolan,Action,2010,148,High,PG-13,2,2023-11-05
998,Inception,Warner Bros.,Christopher Nolan,Crime,2010,148,High,PG-13,1,2015-11-06
294,Back to the Future,Universal Pictures,Robert Zemeckis,Action,1985,116,Medium,PG,4,2016-12-07
1002,The Shawshank Redemption,Castle Rock Entertainment,Frank Darabont,Adventure,1994,142,High,R,1,2017-09-25
1272,The Godfather,Paramount Pictures,Francis Ford Coppola,Drama,1972,175,High,R,1,2021-02-12
2194,The Shawshank Redemption,Castle Rock Entertainment,Frank Darabont,Drama,1994,142,High,R,1,2017-08-20
967,Schindler's List,Universal Pictures,Steven Spielberg,Action,1993,195,High,R,3,2023-12-05
2996,The Shawshank Redemption,Castle Rock Entertainment,Frank Darabont,Animation,1994,142,High,R,2,2022-09-07
2965,The Shawshank Redemption,Castle Rock Entertainment,Frank Darabont,Sci-Fi,1994,142,High,R,5,2016-05-12
38,Whiplash,Blumhouse Productions,Damien Chazelle,Sci-Fi,2014,107,Medium,R,2,2019-08-29
2873,The Godfather,Paramount Pictures,Francis Ford Coppola,Romance,1972,175,High,R,1,2022-04-10
52,Forrest Gump,Paramount Pictures,Robert Zemeckis,Thriller,1994,142,High,PG-13,4,2021-09-24
1255,Forrest Gump,Paramount Pictures,Robert Zemeckis,Animation,1994,142,High,PG-13,5,2022-12-03
190,The Silence of the Lambs,Orion Pictures,Jonathan Demme,Sci-Fi,1991,118,Medium,R,4,2017-01-24
1053,The Shawshank Redemption,Castle Rock Entertainment,Frank Darabont,Adventure,1994,142,High,R,2,2015-11-27
1942,Interstellar,Paramount Pictures,Christopher Nolan,Crime,2014,169,High,PG-13,1,2025-11-02
989,Joker,Warner Bros.,Todd Phillips,Fantasy,2019,122,High,R,1,2019-11-12
2680,The Godfather,Paramount Pictures,Francis Ford Coppola,Adventure,1972,175,High,R,1,2023-11-29
739,The Empire Strikes Back,Lucasfilm,Irvin Kershner,Romance,1980,124,High,PG,3,2016-03-02
332,The Shawshank Redemption,Castle Rock Entertainment,Frank Darabont,Drama,1994,142,High,R,5,2019-03-01
1085,The Departed,Warner Bros.,Martin Scorsese,Romance,2006,151,High,R,1,2021-12-23
1489,Saving Private Ryan,DreamWorks/Amblin,Steven Spielberg,Comedy,1998,169,High,R,3,2017-11-29
1620,Pulp Fiction,Miramax,Quentin Tarantino,Fantasy,1994,154,High,R,2,2021-12-01
763,The Dark Knight,Warner Bros.,Christopher Nolan,Sci-Fi,2008,152,High,PG-13,1,2021-09-23
1799,Pulp Fiction,Miramax,Quentin Tarantino,Fantasy,1994,154,High,R,1,2017-08-25
1701,Pulp Fiction,Miramax,Quentin Tarantino,Crime,1994,154,High,R,5,2020-08-11
1452,Se7en,New Line Cinema,David Fincher,Sci-Fi,1995,127,High,R,2,2021-07-22
1564,The Dark Knight,Warner Bros.,Christopher Nolan,Action,2008,152,High,PG-13,4,2023-07-31
104,The Truman Show,Paramount Pictures,Peter Weir,Fantasy,1998,103,Medium,PG,5,2017-06-15
404,The Dark Knight,Warner Bros.,Christopher Nolan,Fantasy,2008,152,High,PG-13,2,2020-02-23
1174,The Shawshank Redemption,Castle Rock Entertainment,Frank Darabont,Animation,1994,142,High,R,4,2023-05-20
573,The Lion King,Walt Disney Pictures,Roger Allers,Drama,1994,88,Low,G,2,2023-03-07
282,The Shawshank Redemption,Castle Rock Entertainment,Frank Darabont,Comedy,1994,142,High,R,4,2025-10-12
2025,The Godfather,Paramount Pictures,Francis Ford Coppola,Sci-Fi,1972,175,High,R,4,2016-12-21
2786,Pulp Fiction,Miramax,Quentin Tarantino,Thriller,1994,154,High,R,1,2018-04-30
397,The Shawshank Redemption,Castle Rock Entertainment,Frank Darabont,Fantasy,1994,142,High,R,4,2023-09-27
761,The Empire Strikes Back,Lucasfilm,Irvin Kershner,Action,1980,124,High,PG,1,2019-03-15
1626,The Godfather,Paramount Pictures,Francis Ford Coppola,Thriller,1972,175,High,R,1,2021-09-27
1703,Heat,Warner Bros.,Michael Mann,Sci-Fi,1995,170,High,R,2,2024-12-12
1283,The Godfather,Paramount Pictures,Francis Ford Coppola,Drama,1972,175,High,R,3,2019-05-10
2092,The Dark Knight,Warner Bros.,Christopher Nolan,Romance,2008,152,High,PG-13,4,2021-08-26
2258,There Will Be Blood,Paramount Vantage,Paul Thomas Anderson,Drama,2007,158,High,R,2,2019-03-26
1140,Fight Club,20th Century Fox,David Fincher,Thriller,1999,139,High,R,1,2015-04-26
2625,Inception,Warner Bros.,Christopher Nolan,Fantasy,2010,148,High,PG-13,5,2025-04-28
1412,The Godfather,Paramount Pictures,Francis Ford Coppola,Thriller,1972,175,High,R,1,2023-08-02
2896,The Matrix,Warner Bros.,Lana Wachowski,Action,1999,136,High,R,2,2023-09-28
2638,Heat,Warner Bros.,Michael Mann,Romance,1995,170,High,R,1,2022-06-01
2451,The Shawshank Redemption,Castle Rock Entertainment,Frank Darabont,Drama,1994,142,High,R,4,2018-09-12
1083,The Godfather,Paramount Pictures,Francis Ford Coppola,Crime,1972,175,High,R,1,2025-03-07
336,The Shawshank Redemption,Castle Rock Entertainment,Frank Darabont,Action,1994,142,High,R,5,2016-01-21
643,Fight Club,20th Century Fox,David Fincher,Action,1999,139,High,R,2,2020-10-04
84,The Godfather,Paramount Pictures,Francis Ford Coppola,Crime,1972,175,High,R,5,2017-02-27
2390,The Shawshank Redemption,Castle Rock Entertainment,Frank Darabont,Crime,1994,142,High,R,4,2022-10-23
1968,The Departed,Warner Bros.,Martin Scorsese,Sci-Fi,2006,151,High,R,1,2024-07-05
2987,The Dark Knight,Warner Bros.,Christopher Nolan,Fantasy,2008,152,High,PG-13,5,2021-11-15
2362,The Prestige,Warner Bros.,Christopher Nolan,Animation,2006,130,High,PG-13,3,2024-05-03
1839,Forrest Gump,Paramount Pictures,Robert Zemeckis,Comedy,1994,142,High,PG-13,5,2021-11-21
553,The Lord of the Rings: The Return of the King,New Line Cinema,Peter Jackson,Drama,2003,201,High,PG-13,3,2016-10-22
2238,The Shawshank Redemption,Castle Rock Entertainment,Frank Darabont,Crime,1994,142,High,R,1,2018-02-17
2117,La La Land,Summit Entertainment,Damien Chazelle,Adventure,2016,128,High,PG-13,4,2018-12-28
2716,Goodfellas,Warner Bros.,Martin Scorsese,Animation,1990,146,High,R,5,2020-12-29
2018,The Shawshank Redemption,Castle Rock Entertainment,Frank Darabont,Drama,1994,142,High,R,4,2015-11-12
997,The Shawshank Redemption,Castle Rock Entertainment,Frank Darabont,Adventure,1994,142,High,R,4,2024-08-29
386,The Shawshank Redemption,Castle Rock Entertainment,Frank Darabont,Sci-Fi,1994,142,High,R,2,2024-04-18
1444,The Shawshank Redemption,Castle Rock Entertainment,Frank Darabont,Fantasy,1994,142,High,R,3,2024-05-04
1715,Pulp Fiction,Miramax,Quentin Tarantino,Action,1994,154,High,R,4,2016-02-28
1999,The Matrix,Warner Bros.,Lana Wachowski,Romance,1999,136,High,R,4,2017-06-11
2351,Joker,Warner Bros.,Todd Phillips,Animation,2019,122,High,R,1,2015-12-30
2826,Parasite,CJ Entertainment,Bong Joon-ho,Thriller,2019,132,High,R,5,2024-07-25
1606,Gladiator,DreamWorks Pictures,Ridley Scott,Romance,2000,155,High,R,5,2015-08-08
849,Inception,Warner Bros.,Christopher Nolan,Action,2010,148,High,PG-13,1,2016-04-11
1745,The Silence of the Lambs,Orion Pictures,Jonathan Demme,Drama,1991,118,Medium,R,4,2015-11-11
2799,Heat,Warner Bros.,Michael Mann,Adventure,1995,170,High,R,2,2023-12-02
2831,Interstellar,Paramount Pictures,Christopher Nolan,Crime,2014,169,High,PG-13,4,2017-06-27
1926,The Shawshank Redemption,Castle Rock Entertainment,Frank Darabont,Crime,1994,142,High,R,2,2015-11-11
2370,The Lord of the Rings: The Return of the King,New Line Cinema,Peter Jackson,Animation,2003,201,High,PG-13,3,2018-01-01
2467,The Shawshank Redemption,Castle Rock Entertainment,Frank Darabont,Drama,1994,142,High,R,3,2022-09-24
670,Back to the Future,Universal Pictures,Robert Zemeckis,Thriller,1985,116,Medium,PG,4,2022-07-17
1364,The Matrix,Warner Bros.,Lana Wachowski,Comedy,1999,136,High,R,3,2020-10-14
961,Forrest Gump,Paramount Pictures,Robert Zemeckis,Adventure,1994,142,High,PG-13,4,2025-02-18
507,The Empire Strikes Back,Lucasfilm,Irvin Kershner,Romance,1980,124,High,PG,5,2023-07-04
2590,The Shawshank Redemption,Castle Rock Entertainment,Frank Darabont,Comedy,1994,142,High,R,2,2021-10-08
1794,The Shawshank Redemption,Castle Rock Entertainment,Frank Darabont,Adventure,1994,142,High,R,3,2016-03-09
755,American Beauty,DreamWorks,Sam Mendes,Crime,1999,122,High,R,5,2022-11-09
2022,The Godfather,Paramount Pictures,Francis Ford Coppola,Crime,1972,175,High,R,3,2024-05-01
2881,Mad Max: Fury Road,Warner Bros.,George Miller,Action,2015,120,Medium,R,1,2024-03-08
153,Django Unchained,Columbia Pictures,Quentin Tarantino,Thriller,2012,165,High,R,4,2024-02-05
2341,The Shawshank Redemption,Castle Rock Entertainment,Frank Darabont,Animation,1994,142,High,R,4,2017-08-13
852,The Matrix,Warner Bros.,Lana Wachowski,Adventure,1999,136,High,R,3,2016-02-05
958,Titanic,Paramount Pictures,James Cameron,Animation,1997,195,High,PG-13,3,2018-07-27
216,The Shawshank Redemption,Castle Rock Entertainment,Frank Darabont,Sci-Fi,1994,142,High,R,2,2023-09-14
1639,The Lord of the Rings: The Return of the King,New Line Cinema,Peter Jackson,Drama,2003,201,High,PG-13,4,2021-09-14
2665,Inception,Warner Bros.,Christopher Nolan,Adventure,2010,148,High,PG-13,5,2015-07-08
2373,The Matrix,Warner Bros.,Lana Wachowski,Comedy,1999,136,High,R,3,2024-11-21
2988,Inception,Warner Bros.,Christopher Nolan,Action,2010,148,High,PG-13,3,2025-04-04
721,The Shawshank Redemption,Castle Rock Entertainment,Frank Darabont,Romance,1994,142,High,R,5,2024-09-18
771,Interstellar,Paramount Pictures,Christopher Nolan,Fantasy,2014,169,High,PG-13,4,2022-02-18
2082,The Godfather,Paramount Pictures,Francis Ford Coppola,Crime,1972,175,High,R,4,2019-06-29
2547,The Shawshank Redemption,Castle Rock Entertainment,Frank Darabont,Thriller,1994,142,High,R,2,2025-10-19
1959,Forrest Gump,Paramount Pictures,Robert Zemeckis,Sci-Fi,1994,142,High,PG-13,4,2015-04-28
928,Interstellar,Paramount Pictures,Christopher Nolan,Crime,2014,169,High,PG-13,4,2022-05-14
544,Gladiator,DreamWorks Pictures,Ridley Scott,Drama,2000,155,High,R,2,2018-06-05
2820,Schindler's List,Universal Pictures,Steven Spielberg,Action,1993,195,High,R,3,2016-01-21
2760,The Lord of the Rings: The Return of the King,New Line Cinema,Peter Jackson,Thriller,2003,201,High,PG-13,1,2019-08-14
1281,Joker,Warner Bros.,Todd Phillips,Action,2019,122,High,R,2,2019-11-13
2230,The Godfather,Paramount Pictures,Francis Ford Coppola,Drama,1972,175,High,R,1,2024-12-30
689,The Shawshank Redemption,Castle Rock Entertainment,Frank Darabont,Comedy,1994,142,High,R,3,2018-01-04
2742,The Godfather,Paramount Pictures,Francis Ford Coppola,Animation,1972,175,High,R,3,2016-09-28
1145,The Usual Suspects,Gramercy Pictures,Bryan Singer,Drama,1995,106,Medium,R,2,2022-10-10
2462,The Godfather,Paramount Pictures,Francis Ford Coppola,Adventure,1972,175,High,R,1,2022-10-28
373,The Godfather,Paramount Pictures,Francis Ford Coppola,Sci-Fi,1972,175,High,R,3,2022-11-13
267,The Shawshank Redemption,Castle Rock Entertainment,Frank Darabont,Animation,1994,142,High,R,4,2022-05-16
2510,Spirited Away,Studio Ghibli,Hayao Miyazaki,Sci-Fi,2001,125,High,PG,3,2015-02-03
2028,Saving Private Ryan,DreamWorks/Amblin,Steven Spielberg,Comedy,1998,169,High,R,1,2018-06-19
2895,The Dark Knight,Warner Bros.,Christopher Nolan,Romance,2008,152,High,PG-13,5,2021-12-14
1311,The Shawshank Redemption,Castle Rock Entertainment,Frank Darabont,Thriller,1994,142,High,R,4,2015-06-09
1331,The Godfather,Paramount Pictures,Francis Ford Coppola,Action,1972,175,High,R,3,2024-05-28
734,Heat,Warner Bros.,Michael Mann,Romance,1995,170,High,R,1,2020-09-14
2634,The Dark Knight,Warner Bros.,Christopher Nolan,Crime,2008,152,High,PG-13,1,2015-04-22
1095,The Shawshank Redemption,Castle Rock Entertainment,Frank Darabont,Sci-Fi,1994,142,High,R,3,2021-11-30
145,The Shawshank Redemption,Castle Rock Entertainment,Frank Darabont,Romance,1994,142,High,R,5,2016-12-19
1566,The Silence of the Lambs,Orion Pictures,Jonathan Demme,Action,1991,118,Medium,R,2,2020-05-21
1735,Gladiator,DreamWorks Pictures,Ridley Scott,Sci-Fi,2000,155,High,R,5,2022-06-12
958,The Matrix,Warner Bros.,Lana Wachowski,Action,1999,136,High,R,5,2018-11-22
1025,The Godfather,Paramount Pictures,Francis Ford Coppola,Sci-Fi,1972,175,High,R,1,2021-05-18
786,The Shawshank Redemption,Castle Rock Entertainment,Frank Darabont,Crime,1994,142,High,R,5,2023-10-10
945,The Lord of the Rings: The Return of the King,New Line Cinema,Peter Jackson,Drama,2003,201,High,PG-13,5,2023-11-23
2678,Whiplash,Blumhouse Productions,Damien Chazelle,Comedy,2014,107,Medium,R,2,2018-02-22
1551,The Silence of the Lambs,Orion Pictures,Jonathan Demme,Action,1991,118,Medium,R,3,2015-01-10
770,Pulp Fiction,Miramax,Quentin Tarantino,Action,1994,154,High,R,5,2023-05-09
1229,The Godfather,Paramount Pictures,Francis Ford Coppola,Thriller,1972,175,High,R,2,2024-01-15
976,The Empire Strikes Back,Lucasfilm,Irvin Kershner,Animation,1980,124,High,PG,5,2017-07-31
2158,The Godfather,Paramount Pictures,Francis Ford Coppola,Fantasy,1972,175,High,R,3,2016-02-24
153,The Dark Knight,Warner Bros.,Christopher Nolan,Romance,2008,152,High,PG-13,3,2023-03-16
1165,Inception,Warner Bros.,Christopher Nolan,Adventure,2010,148,High,PG-13,3,2016-12-20
2541,The Godfather,Paramount Pictures,Francis Ford Coppola,Animation,1972,175,High,R,2,2019-04-21
86,The King's Speech,The Weinstein Company,Tom Hooper,Animation,2010,118,Medium,R,3,2018-11-08
89,Pulp Fiction,Miramax,Quentin Tarantino,Thriller,1994,154,High,R,3,2024-03-17
2292,The Matrix,Warner Bros.,Lana Wachowski,Adventure,1999,136,High,R,2,2025-12-03
2494,The Silence of the Lambs,Orion Pictures,Jonathan Demme,Animation,1991,118,Medium,R,5,2019-03-09
2332,The Godfather,Paramount Pictures,Francis Ford Coppola,Fantasy,1972,175,High,R,1,2017-10-15
1339,Pulp Fiction,Miramax,Quentin Tarantino,Romance,1994,154,High,R,4,2018-03-06
1927,The Shawshank Redemption,Castle Rock Entertainment,Frank Darabont,Romance,1994,142,High,R,1,2024-05-31
511,The Dark Knight,Warner Bros.,Christopher Nolan,Drama,2008,152,High,PG-13,3,2020-02-19
155,Saving Private Ryan,DreamWorks/Amblin,Steven Spielberg,Animation,1998,169,High,R,2,2015-01-19
559,The Departed,Warner Bros.,Martin Scorsese,Romance,2006,151,High,R,3,2018-01-27
1126,Fight Club,20th Century Fox,David Fincher,Fantasy,1999,139,High,R,2,2025-06-24
1546,The Usual Suspects,Gramercy Pictures,Bryan Singer,Romance,1995,106,Medium,R,4,2022-06-24
2413,Inception,Warner Bros.,Christopher Nolan,Sci-Fi,2010,148,High,PG-13,4,2020-01-18
68,Inception,Warner Bros.,Christopher Nolan,Romance,2010,148,High,PG-13,3,2020-02-15
2632,Pulp Fiction,Miramax,Quentin Tarantino,Crime,1994,154,High,R,4,2022-11-08
349,The Shawshank Redemption,Castle Rock Entertainment,Frank Darabont,Sci-Fi,1994,142,High,R,5,2015-07-30
337,The Social Network,Columbia Pictures,David Fincher,Romance,2010,120,Medium,PG-13,4,2025-03-08
2933,The Shawshank Redemption,Castle Rock Entertainment,Frank Darabont,Thriller,1994,142,High,R,5,2017-12-03
1607,"Crouching Tiger, Hidden Dragon",Sony Pictures Classics,Ang Lee,Fantasy,2000,120,Medium,PG-13,1,2018-10-11
2982,Forrest Gump,Paramount Pictures,Robert Zemeckis,Adventure,1994,142,High,PG-13,4,2019-11-06
2982,The Godfather,Paramount Pictures,Francis Ford Coppola,Adventure,1972,175,High,R,1,2021-02-01
2013,Forrest Gump,Paramount Pictures,Robert Zemeckis,Drama,1994,142,High,PG-13,1,2019-04-24
2963,Schindler's List,Universal Pictures,Steven Spielberg,Comedy,1993,195,High,R,5,2024-12-11
850,The Empire Strikes Back,Lucasfilm,Irvin Kershner,Thriller,1980,124,High,PG,3,2022-10-14
2621,WALL·E,Pixar,Andrew Stanton,Adventure,2008,98,Medium,G,5,2024-12-14
77,The Usual Suspects,Gramercy Pictures,Bryan Singer,Romance,1995,106,Medium,R,5,2018-09-04
69,The Grand Budapest Hotel,Fox Searchlight,Wes Anderson,Comedy,2014,99,Medium,R,3,2023-07-08
2898,The Silence of the Lambs,Orion Pictures,Jonathan Demme,Sci-Fi,1991,118,Medium,R,4,2024-08-10
1274,The Matrix,Warner Bros.,Lana Wachowski,Thriller,1999,136,High,R,4,2018-11-06
2298,The Shawshank Redemption,Castle Rock Entertainment,Frank Darabont,Comedy,1994,142,High,R,2,2023-12-02
688,Pulp Fiction,Miramax,Quentin Tarantino,Fantasy,1994,154,High,R,5,2021-08-04
137,There Will Be Blood,Paramount Vantage,Paul Thomas Anderson,Fantasy,2007,158,High,R,1,2018-05-16
2796,The Social Network,Columbia Pictures,David Fincher,Adventure,2010,120,Medium,PG-13,1,2025-12-29
2891,La La Land,Summit Entertainment,Damien Chazelle,Animation,2016,128,High,PG-13,3,2024-10-08
1542,The Avengers,Marvel Studios,Joss Whedon,Sci-Fi,2012,143,High,PG-13,2,2023-06-22
293,The Green Mile,Castle Rock Entertainment,Frank Darabont,Comedy,1999,189,High,R,5,2023-11-09
1178,The Silence of the Lambs,Orion Pictures,Jonathan Demme,Thriller,1991,118,Medium,R,5,2022-04-03
213,Fight Club,20th Century Fox,David Fincher,Sci-Fi,1999,139,High,R,5,2024-09-26
1437,The Empire Strikes Back,Lucasfilm,Irvin Kershner,Thriller,1980,124,High,PG,3,2020-09-28
326,The Shawshank Redemption,Castle Rock Entertainment,Frank Darabont,Crime,1994,142,High,R,1,2023-08-20
2368,The Social Network,Columbia Pictures,David Fincher,Action,2010,120,Medium,PG-13,4,2021-02-27
2501,The Dark Knight,Warner Bros.,Christopher Nolan,Adventure,2008,152,High,PG-13,1,2025-11-04
2064,Schindler's List,Universal Pictures,Steven Spielberg,Drama,1993,195,High,R,3,2022-03-17
1435,La La Land,Summit Entertainment,Damien Chazelle,Action,2016,128,High,PG-13,4,2020-02-26
886,Inception,Warner Bros.,Christopher Nolan,Fantasy,2010,148,High,PG-13,1,2024-12-30
796,The Dark Knight,Warner Bros.,Christopher Nolan,Sci-Fi,2008,152,High,PG-13,2,2015-07-31
2786,Goodfellas,Warner Bros.,Martin Scorsese,Thriller,1990,146,High,R,3,2018-05-30
2084,The Godfather,Paramount Pictures,Francis Ford Coppola,Romance,1972,175,High,R,3,2019-07-09
430,Whiplash,Blumhouse Productions,Damien Chazelle,Sci-Fi,2014,107,Medium,R,2,2017-08-10
1519,Inception,Warner Bros.,Christopher Nolan,Action,2010,148,High,PG-13,2,2017-06-29
2925,Pulp Fiction,Miramax,Quentin Tarantino,Sci-Fi,1994,154,High,R,1,2020-05-06
901,Parasite,CJ Entertainment,Bong Joon-ho,Drama,2019,132,High,R,4,2024-11-24
1464,Parasite,CJ Entertainment,Bong Joon-ho,Fantasy,2019,132,High,R,3,2018-02-20
1694,Pulp Fiction,Miramax,Quentin Tarantino,Sci-Fi,1994,154,High,R,2,2022-07-28
1608,Moonlight,A24,Barry Jenkins,Sci-Fi,2016,111,Medium,R,2,2025-07-30
2516,Pulp Fiction,Miramax,Quentin Tarantino,Adventure,1994,154,High,R,1,2020-09-17
2032,There Will Be Blood,Paramount Vantage,Paul Thomas Anderson,Animation,2007,158,High,R,5,2020-06-23
1117,The Godfather,Paramount Pictures,Francis Ford Coppola,Fantasy,1972,175,High,R,3,2021-11-16
2058,The Empire Strikes Back,Lucasfilm,Irvin Kershner,Thriller,1980,124,High,PG,3,2024-05-30
780,Gladiator,DreamWorks Pictures,Ridley Scott,Action,2000,155,High,R,5,2018-12-21
113,Pulp Fiction,Miramax,Quentin Tarantino,Fantasy,1994,154,High,R,3,2024-11-06
1908,Toy Story,Pixar,John Lasseter,Thriller,1995,81,Low,G,4,2019-05-14
1087,Pulp Fiction,Miramax,Quentin Tarantino,Fantasy,1994,154,High,R,3,2015-04-13
1914,The Green Mile,Castle Rock Entertainment,Frank Darabont,Drama,1999,189,High,R,4,2019-09-22
1437,The Dark Knight,Warner Bros.,Christopher Nolan,Comedy,2008,152,High,PG-13,5,2019-12-29
1930,The Shawshank Redemption,Castle Rock Entertainment,Frank Darabont,Crime,1994,142,High,R,1,2018-07-22
2410,The Departed,Warner Bros.,Martin Scorsese,Thriller,2006,151,High,R,1,2021-12-22
1138,The Shawshank Redemption,Castle Rock Entertainment,Frank Darabont,Drama,1994,142,High,R,1,2021-05-27
1463,Goodfellas,Warner Bros.,Martin Scorsese,Sci-Fi,1990,146,High,R,3,2019-06-20
1190,Titanic,Paramount Pictures,James Cameron,Action,1997,195,High,PG-13,2,2023-05-09
1367,Titanic,Paramount Pictures,James Cameron,Adventure,1997,195,High,PG-13,2,2020-11-21
1401,Schindler's List,Universal Pictures,Steven Spielberg,Sci-Fi,1993,195,High,R,3,2017-10-04
1686,Blade Runner,Warner Bros.,Ridley Scott,Thriller,1982,117,Medium,R,2,2025-07-23
151,Pulp Fiction,Miramax,Quentin Tarantino,Drama,1994,154,High,R,1,2024-08-30
323,The Godfather,Paramount Pictures,Francis Ford Coppola,Drama,1972,175,High,R,5,2023-04-07
2727,The Shawshank Redemption,Castle Rock Entertainment,Frank Darabont,Thriller,1994,142,High,R,3,2021-07-23
2458,The Dark Knight,Warner Bros.,Christopher Nolan,Sci-Fi,2008,152,High,PG-13,1,2015-11-19
2424,Interstellar,Paramount Pictures,Christopher Nolan,Romance,2014,169,High,PG-13,5,2021-05-14
2244,Goodfellas,Warner Bros.,Martin Scorsese,Adventure,1990,146,High,R,1,2015-12-22
1835,The Shawshank Redemption,Castle Rock Entertainment,Frank Darabont,Adventure,1994,142,High,R,5,2017-05-30
314,The Prestige,Warner Bros.,Christopher Nolan,Comedy,2006,130,High,PG-13,4,2019-10-13
1742,The Godfather,Paramount Pictures,Francis Ford Coppola,Comedy,1972,175,High,R,4,2020-01-12
1995,The Truman Show,Paramount Pictures,Peter Weir,Animation,1998,103,Medium,PG,4,2020-09-24
2391,The Empire Strikes Back,Lucasfilm,Irvin Kershner,Comedy,1980,124,High,PG,4,2023-03-22
604,Pulp Fiction,Miramax,Quentin Tarantino,Sci-Fi,1994,154,High,R,5,2024-12-05
546,Gladiator,DreamWorks Pictures,Ridley Scott,Drama,2000,155,High,R,3,2022-12-26
1536,The Dark Knight,Warner Bros.,Christopher Nolan,Adventure,2008,152,High,PG-13,5,2021-07-28
2943,The Shawshank Redemption,Castle Rock Entertainment,Frank Darabont,Romance,1994,142,High,R,1,2018-02-05
2991,The Shawshank Redemption,Castle Rock Entertainment,Frank Darabont,Thriller,1994,142,High,R,2,2015-01-15
1171,The Shawshank Redemption,Castle Rock Entertainment,Frank Darabont,Action,1994,142,High,R,4,2019-09-28
1971,La La Land,Summit Entertainment,Damien Chazelle,Adventure,2016,128,High,PG-13,3,2024-05-26
716,The Empire Strikes Back,Lucasfilm,Irvin Kershner,Romance,1980,124,High,PG,5,2019-09-26
1453,Joker,Warner Bros.,Todd Phillips,Crime,2019,122,High,R,3,2015-08-13
1541,The Shawshank Redemption,Castle Rock Entertainment,Frank Darabont,Crime,1994,142,High,R,5,2019-05-11
998,The Shawshank Redemption,Castle Rock Entertainment,Frank Darabont,Fantasy,1994,142,High,R,3,2020-01-22
1859,The Shawshank Redemption,Castle Rock Entertainment,Frank Darabont,Romance,1994,142,High,R,1,2017-11-03
1070,Titanic,Paramount Pictures,James Cameron,Animation,1997,195,High,PG-13,3,2016-11-17
770,Pulp Fiction,Miramax,Quentin Tarantino,Comedy,1994,154,High,R,2,2015-01-11
69,The Godfather,Paramount Pictures,Francis Ford Coppola,Comedy,1972,175,High,R,3,2016-02-27
2067,"Crouching Tiger, Hidden Dragon",Sony Pictures Classics,Ang Lee,Action,2000,120,Medium,PG-13,2,2023-10-13
2201,Forrest Gump,Paramount Pictures,Robert Zemeckis,Thriller,1994,142,High,PG-13,3,2015-12-03
2036,Joker,Warner Bros.,Todd Phillips,Sci-Fi,2019,122,High,R,4,2018-06-24
834,Forrest Gump,Paramount Pictures,Robert Zemeckis,Crime,1994,142,High,PG-13,2,2016-01-05
770,The Truman Show,Paramount Pictures,Peter Weir,Crime,1998,103,Medium,PG,5,2022-07-24
802,The Shawshank Redemption,Castle Rock Entertainment,Frank Darabont,Adventure,1994,142,High,R,5,2019-03-12
322,The Godfather,Paramount Pictures,Francis Ford Coppola,Sci-Fi,1972,175,High,R,3,2020-12-29
2204,The Dark Knight,Warner Bros.,Christopher Nolan,Romance,2008,152,High,PG-13,5,2023-09-13
2255,The Dark Knight,Warner Bros.,Christopher Nolan,Action,2008,152,High,PG-13,1,2020-06-25
2540,The Lord of the Rings: The Return of the King,New Line Cinema,Peter Jackson,Adventure,2003,201,High,PG-13,5,2024-01-18
2892,The Shawshank Redemption,Castle Rock Entertainment,Frank Darabont,Romance,1994,142,High,R,5,2018-05-28
2270,Moonlight,A24,Barry Jenkins,Crime,2016,111,Medium,R,2,2025-11-21
2126,Spirited Away,Studio Ghibli,Hayao Miyazaki,Adventure,2001,125,High,PG,3,2024-01-22
1414,Parasite,CJ Entertainment,Bong Joon-ho,Crime,2019,132,High,R,4,2020-03-02
842,Se7en,New Line Cinema,David Fincher,Action,1995,127,High,R,2,2021-01-12
1275,The King's Speech,The Weinstein Company,Tom Hooper,Crime,2010,118,Medium,R,5,2017-06-21
2935,Inception,Warner Bros.,Christopher Nolan,Romance,2010,148,High,PG-13,1,2021-02-21
2183,The Departed,Warner Bros.,Martin Scorsese,Drama,2006,151,High,R,2,2025-10-09
1062,The Shawshank Redemption,Castle Rock Entertainment,Frank Darabont,Comedy,1994,142,High,R,4,2017-02-13
644,The Shawshank Redemption,Castle Rock Entertainment,Frank Darabont,Romance,1994,142,High,R,2,2018-06-30
1898,The Shawshank Redemption,Castle Rock Entertainment,Frank Darabont,Romance,1994,142,High,R,3,2021-06-10
2407,Goodfellas,Warner Bros.,Martin Scorsese,Thriller,1990,146,High,R,1,2024-06-04
2110,Goodfellas,Warner Bros.,Martin Scorsese,Crime,1990,146,High,R,2,2015-09-17
372,The Godfather,Paramount Pictures,Francis Ford Coppola,Fantasy,1972,175,High,R,2,2018-04-24
806,Heat,Warner Bros.,Michael Mann,Comedy,1995,170,High,R,4,2015-12-27
802,The Godfather,Paramount Pictures,Francis Ford Coppola,Adventure,1972,175,High,R,3,2019-01-24
160,The Social Network,Columbia Pictures,David Fincher,Crime,2010,120,Medium,PG-13,3,2017-07-04
1843,The Shawshank Redemption,Castle Rock Entertainment,Frank Darabont,Comedy,1994,142,High,R,3,2015-02-12
195,Pulp Fiction,Miramax,Quentin Tarantino,Crime,1994,154,High,R,1,2025-01-08
2249,The Lord of the Rings: The Return of the King,New Line Cinema,Peter Jackson,Sci-Fi,2003,201,High,PG-13,3,2021-11-19
1667,The Godfather,Paramount Pictures,Francis Ford Coppola,Adventure,1972,175,High,R,3,2020-02-14
1252,Goodfellas,Warner Bros.,Martin Scorsese,Sci-Fi,1990,146,High,R,2,2023-05-28
2288,The Godfather,Paramount Pictures,Francis Ford Coppola,Comedy,1972,175,High,R,1,2023-10-13
403,Goodfellas,Warner Bros.,Martin Scorsese,Action,1990,146,High,R,5,2021-08-17
1398,The Shawshank Redemption,Castle Rock Entertainment,Frank Darabont,Romance,1994,142,High,R,5,2017-12-29
337,The Shawshank Redemption,Castle Rock Entertainment,Frank Darabont,Sci-Fi,1994,142,High,R,3,2022-09-04
429,"Crouching Tiger, Hidden Dragon",Sony Pictures Classics,Ang Lee,Crime,2000,120,Medium,PG-13,1,2019-09-14
2523,The Truman Show,Paramount Pictures,Peter Weir,Sci-Fi,1998,103,Medium,PG,4,2022-09-27
543,The Shawshank Redemption,Castle Rock Entertainment,Frank Darabont,Drama,1994,142,High,R,5,2022-02-19
506,The Shawshank Redemption,Castle Rock Entertainment,Frank Darabont,Comedy,1994,142,High,R,2,2023-12-22
2063,The Dark Knight,Warner Bros.,Christopher Nolan,Action,2008,152,High,PG-13,4,2024-03-30
2045,Blade Runner 2049,Warner Bros.,Denis Villeneuve,Action,2017,164,High,R,1,2022-02-05
1561,The Dark Knight,Warner Bros.,Christopher Nolan,Sci-Fi,2008,152,High,PG-13,2,2022-04-17
599,Parasite,CJ Entertainment,Bong Joon-ho,Romance,2019,132,High,R,4,2025-09-15
2347,The Shawshank Redemption,Castle Rock Entertainment,Frank Darabont,Thriller,1994,142,High,R,3,2020-07-26
1415,Saving Private Ryan,DreamWorks/Amblin,Steven Spielberg,Crime,1998,169,High,R,1,2015-02-15
531,Fight Club,20th Century Fox,David Fincher,Action,1999,139,High,R,3,2020-07-09
2882,Se7en,New Line Cinema,David Fincher,Animation,1995,127,High,R,4,2015-07-21
2644,The Shawshank Redemption,Castle Rock Entertainment,Frank Darabont,Action,1994,142,High,R,1,2015-07-10
2522,Schindler's List,Universal Pictures,Steven Spielberg,Comedy,1993,195,High,R,5,2018-10-23
784,Forrest Gump,Paramount Pictures,Robert Zemeckis,Action,1994,142,High,PG-13,3,2024-01-11
1433,Fight Club,20th Century Fox,David Fincher,Crime,1999,139,High,R,2,2021-11-03
2938,The Shawshank Redemption,Castle Rock Entertainment,Frank Darabont,Adventure,1994,142,High,R,2,2025-02-07
2632,American Beauty,DreamWorks,Sam Mendes,Adventure,1999,122,High,R,5,2024-12-02
66,The Shawshank Redemption,Castle Rock Entertainment,Frank Darabont,Action,1994,142,High,R,5,2019-06-25
118,Saving Private Ryan,DreamWorks/Amblin,Steven Spielberg,Drama,1998,169,High,R,3,2021-03-12
1715,The Shawshank Redemption,Castle Rock Entertainment,Frank Darabont,Action,1994,142,High,R,3,2015-02-22
1848,Whiplash,Blumhouse Productions,Damien Chazelle,Comedy,2014,107,Medium,R,4,2017-12-15
1398,Blade Runner,Warner Bros.,Ridley Scott,Sci-Fi,1982,117,Medium,R,5,2025-10-31
342,The Shawshank Redemption,Castle Rock Entertainment,Frank Darabont,Romance,1994,142,High,R,1,2017-11-19
1785,The Silence of the Lambs,Orion Pictures,Jonathan Demme,Romance,1991,118,Medium,R,5,2018-09-15
385,The Dark Knight,Warner Bros.,Christopher Nolan,Comedy,2008,152,High,PG-13,2,2015-05-25
552,There Will Be Blood,Paramount Vantage,Paul Thomas Anderson,Adventure,2007,158,High,R,3,2019-11-03
2084,The Shawshank Redemption,Castle Rock Entertainment,Frank Darabont,Animation,1994,142,High,R,4,2020-12-14
1744,Blade Runner 2049,Warner Bros.,Denis Villeneuve,Fantasy,2017,164,High,R,4,2018-11-24
974,Interstellar,Paramount Pictures,Christopher Nolan,Romance,2014,169,High,PG-13,5,2024-04-20
2651,The Shawshank Redemption,Castle Rock Entertainment,Frank Darabont,Sci-Fi,1994,142,High,R,1,2019-09-03
362,The Shawshank Redemption,Castle Rock Entertainment,Frank Darabont,Action,1994,142,High,R,5,2015-04-05
38,Django Unchained,Columbia Pictures,Quentin Tarantino,Thriller,2012,165,High,R,5,2019-04-15
2726,The Truman Show,Paramount Pictures,Peter Weir,Fantasy,1998,103,Medium,PG,5,2018-02-08
64,Se7en,New Line Cinema,David Fincher,Crime,1995,127,High,R,5,2021-11-25
497,The Shawshank Redemption,Castle Rock Entertainment,Frank Darabont,Drama,1994,142,High,R,2,2018-09-10
1322,Se7en,New Line Cinema,David Fincher,Comedy,1995,127,High,R,5,2021-07-31
2942,Titanic,Paramount Pictures,James Cameron,Animation,1997,195,High,PG-13,2,2025-08-30
2914,Fight Club,20th Century Fox,David Fincher,Comedy,1999,139,High,R,1,2021-08-10
2308,Se7en,New Line Cinema,David Fincher,Comedy,1995,127,High,R,4,2024-01-27
1805,Titanic,Paramount Pictures,James Cameron,Adventure,1997,195,High,PG-13,2,2018-06-14
381,The Shawshank Redemption,Castle Rock Entertainment,Frank Darabont,Thriller,1994,142,High,R,5,2019-01-08
2620,Blade Runner,Warner Bros.,Ridley Scott,Sci-Fi,1982,117,Medium,R,4,2017-05-30
906,The Shawshank Redemption,Castle Rock Entertainment,Frank Darabont,Romance,1994,142,High,R,3,2023-03-04
2280,The Shawshank Redemption,Castle Rock Entertainment,Frank Darabont,Sci-Fi,1994,142,High,R,4,2015-02-02
2568,The Godfather,Paramount Pictures,Francis Ford Coppola,Animation,1972,175,High,R,5,2019-07-13
2822,Inception,Warner Bros.,Christopher Nolan,Sci-Fi,2010,148,High,PG-13,3,2019-04-06
2718,Schindler's List,Universal Pictures,Steven Spielberg,Romance,1993,195,High,R,2,2019-02-14
651,The Pianist,Focus Features,Roman Polanski,Animation,2002,150,High,R,2,2024-10-14
7,Inception,Warner Bros.,Christopher Nolan,Action,2010,148,High,PG-13,5,2025-02-07
632,Se7en,New Line Cinema,David Fincher,Crime,1995,127,High,R,5,2017-06-13
2089,The Godfather,Paramount Pictures,Francis Ford Coppola,Thriller,1972,175,High,R,1,2019-11-25
1221,Inception,Warner Bros.,Christopher Nolan,Sci-Fi,2010,148,High,PG-13,5,2023-02-27
1678,The Empire Strikes Back,Lucasfilm,Irvin Kershner,Sci-Fi,1980,124,High,PG,4,2025-03-02
1636,The Silence of the Lambs,Orion Pictures,Jonathan Demme,Animation,1991,118,Medium,R,1,2021-11-06
1102,The Godfather,Paramount Pictures,Francis Ford Coppola,Animation,1972,175,High,R,2,2020-05-18
2355,Titanic,Paramount Pictures,James Cameron,Romance,1997,195,High,PG-13,3,2024-04-26
1464,Forrest Gump,Paramount Pictures,Robert Zemeckis,Action,1994,142,High,PG-13,1,2017-08-04
1412,The Silence of the Lambs,Orion Pictures,Jonathan Demme,Crime,1991,118,Medium,R,4,2018-08-13
650,The Empire Strikes Back,Lucasfilm,Irvin Kershner,Adventure,1980,124,High,PG,5,2022-01-18
2202,The Truman Show,Paramount Pictures,Peter Weir,Romance,1998,103,Medium,PG,4,2018-01-29
2810,Gladiator,DreamWorks Pictures,Ridley Scott,Comedy,2000,155,High,R,1,2025-11-04
2802,The Shawshank Redemption,Castle Rock Entertainment,Frank Darabont,Comedy,1994,142,High,R,5,2019-04-30
1324,Moonlight,A24,Barry Jenkins,Action,2016,111,Medium,R,4,2019-12-23
2020,Se7en,New Line Cinema,David Fincher,Crime,1995,127,High,R,5,2021-12-09
2512,Pulp Fiction,Miramax,Quentin Tarantino,Adventure,1994,154,High,R,2,2018-01-03
1468,Pulp Fiction,Miramax,Quentin Tarantino,Adventure,1994,154,High,R,1,2023-08-10
458,Whiplash,Blumhouse Productions,Damien Chazelle,Sci-Fi,2014,107,Medium,R,3,2024-12-11
1749,The Lord of the Rings: The Return of the King,New Line Cinema,Peter Jackson,Fantasy,2003,201,High,PG-13,5,2021-09-18
847,The Godfather,Paramount Pictures,Francis Ford Coppola,Drama,1972,175,High,R,1,2021-05-06
452,The Dark Knight,Warner Bros.,Christopher Nolan,Animation,2008,152,High,PG-13,2,2015-09-07
1341,The Dark Knight,Warner Bros.,Christopher Nolan,Thriller,2008,152,High,PG-13,1,2015-12-18
1151,The Matrix,Warner Bros.,Lana Wachowski,Action,1999,136,High,R,2,2025-05-04
2218,The Shawshank Redemption,Castle Rock Entertainment,Frank Darabont,Animation,1994,142,High,R,3,2023-07-08
2715,The Prestige,Warner Bros.,Christopher Nolan,Thriller,2006,130,High,PG-13,3,2023-08-30
2267,The Matrix,Warner Bros.,Lana Wachowski,Fantasy,1999,136,High,R,4,2019-08-08
2683,The Shawshank Redemption,Castle Rock Entertainment,Frank Darabont,Animation,1994,142,High,R,3,2019-11-21
138,Interstellar,Paramount Pictures,Christopher Nolan,Crime,2014,169,High,PG-13,5,2025-11-20
1229,The Godfather,Paramount Pictures,Francis Ford Coppola,Thriller,1972,175,High,R,2,2025-03-16
898,Fight Club,20th Century Fox,David Fincher,Crime,1999,139,High,R,3,2024-10-05
2159,Pulp Fiction,Miramax,Quentin Tarantino,Thriller,1994,154,High,R,3,2023-11-29
1417,The Dark Knight,Warner Bros.,Christopher Nolan,Fantasy,2008,152,High,PG-13,1,2025-05-31
65,The Godfather,Paramount Pictures,Francis Ford Coppola,Comedy,1972,175,High,R,4,2024-11-16
1610,The Dark Knight,Warner Bros.,Christopher Nolan,Romance,2008,152,High,PG-13,2,2025-01-03
1095,The Shawshank Redemption,Castle Rock Entertainment,Frank Darabont,Sci-Fi,1994,142,High,R,4,2024-08-06
558,"Crouching Tiger, Hidden Dragon",Sony Pictures Classics,Ang Lee,Sci-Fi,2000,120,Medium,PG-13,2,2020-07-23
2854,The Shawshank Redemption,Castle Rock Entertainment,Frank Darabont,Adventure,1994,142,High,R,2,2019-06-07
258,The Social Network,Columbia Pictures,David Fincher,Comedy,2010,120,Medium,PG-13,5,2021-06-06
1430,The Shawshank Redemption,Castle Rock Entertainment,Frank Darabont,Action,1994,142,High,R,5,2024-03-16
175,Pulp Fiction,Miramax,Quentin Tarantino,Action,1994,154,High,R,5,2019-02-01
1315,The Shawshank Redemption,Castle Rock Entertainment,Frank Darabont,Crime,1994,142,High,R,3,2025-11-16
81,Titanic,Paramount Pictures,James Cameron,Thriller,1997,195,High,PG-13,5,2017-10-04
1311,The Empire Strikes Back,Lucasfilm,Irvin Kershner,Fantasy,1980,124,High,PG,3,2024-10-22
748,Fight Club,20th Century Fox,David Fincher,Crime,1999,139,High,R,2,2019-05-02
1629,Pulp Fiction,Miramax,Quentin Tarantino,Thriller,1994,154,High,R,5,2019-02-27
1620,Forrest Gump,Paramount Pictures,Robert Zemeckis,Animation,1994,142,High,PG-13,3,2018-03-27
92,The Shawshank Redemption,Castle Rock Entertainment,Frank Darabont,Animation,1994,142,High,R,5,2023-09-17
2305,Back to the Future,Universal Pictures,Robert Zemeckis,Adventure,1985,116,Medium,PG,1,2022-06-22
265,Interstellar,Paramount Pictures,Christopher Nolan,Crime,2014,169,High,PG-13,5,2020-08-29
628,Pulp Fiction,Miramax,Quentin Tarantino,Adventure,1994,154,High,R,3,2015-10-08
1257,Fight Club,20th Century Fox,David Fincher,Comedy,1999,139,High,R,3,2016-01-29
2754,The Lord of the Rings: The Return of the King,New Line Cinema,Peter Jackson,Action,2003,201,High,PG-13,3,2017-04-23
729,The Shawshank Redemption,Castle Rock Entertainment,Frank Darabont,Comedy,1994,142,High,R,5,2021-01-26
2639,Inception,Warner Bros.,Christopher Nolan,Thriller,2010,148,High,PG-13,5,2023-10-03
1803,The Dark Knight,Warner Bros.,Christopher Nolan,Romance,2008,152,High,PG-13,4,2018-01-19
1308,Pulp Fiction,Miramax,Quentin Tarantino,Adventure,1994,154,High,R,4,2023-10-01
1482,The Matrix,Warner Bros.,Lana Wachowski,Drama,1999,136,High,R,4,2015-03-18
2902,The Godfather,Paramount Pictures,Francis Ford Coppola,Romance,1972,175,High,R,3,2022-04-10
1770,The Shawshank Redemption,Castle Rock Entertainment,Frank Darabont,Comedy,1994,142,High,R,2,2023-08-03
1682,Inception,Warner Bros.,Christopher Nolan,Fantasy,2010,148,High,PG-13,1,2018-10-09
11,Saving Private Ryan,DreamWorks/Amblin,Steven Spielberg,Action,1998,169,High,R,2,2023-02-21
221,Back to the Future,Universal Pictures,Robert Zemeckis,Comedy,1985,116,Medium,PG,5,2024-08-17
462,Forrest Gump,Paramount Pictures,Robert Zemeckis,Thriller,1994,142,High,PG-13,3,2024-09-13
1912,The Dark Knight,Warner Bros.,Christopher Nolan,Adventure,2008,152,High,PG-13,5,2020-03-14
505,The Shawshank Redemption,Castle Rock Entertainment,Frank Darabont,Drama,1994,142,High,R,1,2016-03-25
937,Alien,20th Century Fox,Ridley Scott,Comedy,1979,117,Medium,R,4,2020-02-07
2717,The Departed,Warner Bros.,Martin Scorsese,Romance,2006,151,High,R,3,2017-09-11
547,The Shawshank Redemption,Castle Rock Entertainment,Frank Darabont,Comedy,1994,142,High,R,5,2020-06-04
2050,The Shawshank Redemption,Castle Rock Entertainment,Frank Darabont,Adventure,1994,142,High,R,4,2025-10-15
1404,The Dark Knight,Warner Bros.,Christopher Nolan,Comedy,2008,152,High,PG-13,1,2017-07-03
1612,The Godfather,Paramount Pictures,Francis Ford Coppola,Fantasy,1972,175,High,R,3,2016-01-26
2538,Inception,Warner Bros.,Christopher Nolan,Adventure,2010,148,High,PG-13,4,2017-05-26
593,Schindler's List,Universal Pictures,Steven Spielberg,Action,1993,195,High,R,2,2024-08-26
73,Inception,Warner Bros.,Christopher Nolan,Adventure,2010,148,High,PG-13,3,2021-03-13
2449,Back to the Future,Universal Pictures,Robert Zemeckis,Romance,1985,116,Medium,PG,3,2020-06-13
2055,The Godfather,Paramount Pictures,Francis Ford Coppola,Fantasy,1972,175,High,R,3,2025-05-28
637,The Shawshank Redemption,Castle Rock Entertainment,Frank Darabont,Sci-Fi,1994,142,High,R,4,2015-07-01
2623,The Prestige,Warner Bros.,Christopher Nolan,Animation,2006,130,High,PG-13,3,2022-01-16
977,The Shawshank Redemption,Castle Rock Entertainment,Frank Darabont,Thriller,1994,142,High,R,4,2016-11-17
1232,The Shawshank Redemption,Castle Rock Entertainment,Frank Darabont,Comedy,1994,142,High,R,4,2015-01-08
2429,The Shawshank Redemption,Castle Rock Entertainment,Frank Darabont,Crime,1994,142,High,R,3,2019-06-29
2989,The Avengers,Marvel Studios,Joss Whedon,Fantasy,2012,143,High,PG-13,1,2017-11-08
2841,Spirited Away,Studio Ghibli,Hayao Miyazaki,Romance,2001,125,High,PG,4,2023-01-29
1431,The Godfather,Paramount Pictures,Francis Ford Coppola,Comedy,1972,175,High,R,1,2021-03-27
2123,Gladiator,DreamWorks Pictures,Ridley Scott,Romance,2000,155,High,R,3,2015-06-20
2925,Gladiator,DreamWorks Pictures,Ridley Scott,Fantasy,2000,155,High,R,3,2019-03-08
105,The Departed,Warner Bros.,Martin Scorsese,Drama,2006,151,High,R,1,2020-03-05
319,The Shawshank Redemption,Castle Rock Entertainment,Frank Darabont,Sci-Fi,1994,142,High,R,1,2015-03-21
162,Pulp Fiction,Miramax,Quentin Tarantino,Romance,1994,154,High,R,1,2022-05-23
1570,Se7en,New Line Cinema,David Fincher,Fantasy,1995,127,High,R,1,2025-07-17
2003,Pulp Fiction,Miramax,Quentin Tarantino,Comedy,1994,154,High,R,5,2015-05-17
2167,Fight Club,20th Century Fox,David Fincher,Romance,1999,139,High,R,2,2025-08-03
2883,The Godfather,Paramount Pictures,Francis Ford Coppola,Crime,1972,175,High,R,4,2025-02-19
969,The Shawshank Redemption,Castle Rock Entertainment,Frank Darabont,Adventure,1994,142,High,R,5,2024-02-02
1646,Schindler's List,Universal Pictures,Steven Spielberg,Romance,1993,195,High,R,4,2019-12-29
1755,The Empire Strikes Back,Lucasfilm,Irvin Kershner,Adventure,1980,124,High,PG,2,2023-11-13
2760,Forrest Gump,Paramount Pictures,Robert Zemeckis,Thriller,1994,142,High,PG-13,3,2024-11-10
187,The Prestige,Warner Bros.,Christopher Nolan,Animation,2006,130,High,PG-13,5,2019-07-28
2188,Forrest Gump,Paramount Pictures,Robert Zemeckis,Fantasy,1994,142,High,PG-13,2,2016-06-28
876,Inception,Warner Bros.,Christopher Nolan,Comedy,2010,148,High,PG-13,1,2025-11-04
795,The Godfather,Paramount Pictures,Francis Ford Coppola,Adventure,1972,175,High,R,1,2023-06-13
194,The Lord of the Rings: The Return of the King,New Line Cinema,Peter Jackson,Crime,2003,201,High,PG-13,3,2017-02-15
2602,The Lord of the Rings: The Return of the King,New Line Cinema,Peter Jackson,Comedy,2003,201,High,PG-13,2,2020-07-10
1660,The Godfather,Paramount Pictures,Francis Ford Coppola,Romance,1972,175,High,R,2,2019-11-06
2918,The Social Network,Columbia Pictures,David Fincher,Thriller,2010,120,Medium,PG-13,3,2020-05-19
257,The Departed,Warner Bros.,Martin Scorsese,Romance,2006,151,High,R,4,2019-12-14
92,Alien,20th Century Fox,Ridley Scott,Comedy,1979,117,Medium,R,5,2025-10-20
1869,The Shawshank Redemption,Castle Rock Entertainment,Frank Darabont,Drama,1994,142,High,R,1,2025-04-02
2576,The Empire Strikes Back,Lucasfilm,Irvin Kershner,Thriller,1980,124,High,PG,3,2023-09-07
629,Pulp Fiction,Miramax,Quentin Tarantino,Adventure,1994,154,High,R,5,2024-02-16
1404,The Dark Knight,Warner Bros.,Christopher Nolan,Drama,2008,152,High,PG-13,5,2016-12-14
2988,The Shawshank Redemption,Castle Rock Entertainment,Frank Darabont,Sci-Fi,1994,142,High,R,2,2025-01-21
280,Forrest Gump,Paramount Pictures,Robert Zemeckis,Romance,1994,142,High,PG-13,3,2022-12-08
1758,The Shawshank Redemption,Castle Rock Entertainment,Frank Darabont,Animation,1994,142,High,R,5,2019-05-18
518,The Pianist,Focus Features,Roman Polanski,Crime,2002,150,High,R,1,2024-02-01
1081,The Empire Strikes Back,Lucasfilm,Irvin Kershner,Thriller,1980,124,High,PG,2,2015-11-06
652,The Silence of the Lambs,Orion Pictures,Jonathan Demme,Action,1991,118,Medium,R,3,2024-09-20
2004,Saving Private Ryan,DreamWorks/Amblin,Steven Spielberg,Crime,1998,169,High,R,1,2021-07-26
602,The Prestige,Warner Bros.,Christopher Nolan,Animation,2006,130,High,PG-13,5,2024-01-15
1305,Parasite,CJ Entertainment,Bong Joon-ho,Romance,2019,132,High,R,3,2019-06-04
1525,Pulp Fiction,Miramax,Quentin Tarantino,Comedy,1994,154,High,R,3,2019-03-27
1299,Interstellar,Paramount Pictures,Christopher Nolan,Action,2014,169,High,PG-13,3,2022-09-12
400,The Godfather,Paramount Pictures,Francis Ford Coppola,Crime,1972,175,High,R,1,2020-11-03
876,Saving Private Ryan,DreamWorks/Amblin,Steven Spielberg,Animation,1998,169,High,R,3,2015-12-16
75,The Dark Knight,Warner Bros.,Christopher Nolan,Fantasy,2008,152,High,PG-13,2,2020-09-24
2264,Interstellar,Paramount Pictures,Christopher Nolan,Action,2014,169,High,PG-13,1,2017-04-24
2430,The Lion King,Walt Disney Pictures,Roger Allers,Animation,1994,88,Low,G,1,2022-09-27
409,The Shawshank Redemption,Castle Rock Entertainment,Frank Darabont,Sci-Fi,1994,142,High,R,5,2018-05-17
329,Inception,Warner Bros.,Christopher Nolan,Comedy,2010,148,High,PG-13,4,2025-07-13
306,The Godfather,Paramount Pictures,Francis Ford Coppola,Action,1972,175,High,R,2,2015-04-25
996,The Godfather,Paramount Pictures,Francis Ford Coppola,Animation,1972,175,High,R,2,2017-03-23
757,The Godfather,Paramount Pictures,Francis Ford Coppola,Drama,1972,175,High,R,1,2016-03-31
1595,Pulp Fiction,Miramax,Quentin Tarantino,Animation,1994,154,High,R,2,2025-03-22
1618,The Shawshank Redemption,Castle Rock Entertainment,Frank Darabont,Drama,1994,142,High,R,5,2020-05-26
3000,The Truman Show,Paramount Pictures,Peter Weir,Fantasy,1998,103,Medium,PG,4,2015-07-09
445,Fight Club,20th Century Fox,David Fincher,Sci-Fi,1999,139,High,R,4,2019-11-19
592,WALL·E,Pixar,Andrew Stanton,Thriller,2008,98,Medium,G,4,2019-03-26
1725,Goodfellas,Warner Bros.,Martin Scorsese,Adventure,1990,146,High,R,1,2020-06-02
385,Schindler's List,Universal Pictures,Steven Spielberg,Crime,1993,195,High,R,4,2017-01-29
2145,Forrest Gump,Paramount Pictures,Robert Zemeckis,Drama,1994,142,High,PG-13,3,2021-02-12
2691,The Social Network,Columbia Pictures,David Fincher,Sci-Fi,2010,120,Medium,PG-13,5,2015-07-22
2353,The Godfather,Paramount Pictures,Francis Ford Coppola,Animation,1972,175,High,R,4,2024-02-16
1219,The Godfather,Paramount Pictures,Francis Ford Coppola,Thriller,1972,175,High,R,2,2019-05-05
1759,Schindler's List,Universal Pictures,Steven Spielberg,Sci-Fi,1993,195,High,R,3,2021-11-23
342,Forrest Gump,Paramount Pictures,Robert Zemeckis,Crime,1994,142,High,PG-13,5,2021-11-15
2793,The Dark Knight,Warner Bros.,Christopher Nolan,Adventure,2008,152,High,PG-13,2,2021-10-31
2313,The Shawshank Redemption,Castle Rock Entertainment,Frank Darabont,Comedy,1994,142,High,R,5,2015-05-16
1223,Gladiator,DreamWorks Pictures,Ridley Scott,Fantasy,2000,155,High,R,1,2017-07-28
2797,The Shawshank Redemption,Castle Rock Entertainment,Frank Darabont,Crime,1994,142,High,R,5,2020-01-20
1531,The Shawshank Redemption,Castle Rock Entertainment,Frank Darabont,Animation,1994,142,High,R,1,2023-04-09
2232,Fight Club,20th Century Fox,David Fincher,Crime,1999,139,High,R,2,2019-06-15
45,The Shawshank Redemption,Castle Rock Entertainment,Frank Darabont,Sci-Fi,1994,142,High,R,4,2025-09-14
1361,Forrest Gump,Paramount Pictures,Robert Zemeckis,Action,1994,142,High,PG-13,1,2025-10-10
2612,The Truman Show,Paramount Pictures,Peter Weir,Crime,1998,103,Medium,PG,5,2017-10-16
704,There Will Be Blood,Paramount Vantage,Paul Thomas Anderson,Action,2007,158,High,R,3,2025-09-06
464,The Dark Knight,Warner Bros.,Christopher Nolan,Drama,2008,152,High,PG-13,2,2016-12-14
2090,Pulp Fiction,Miramax,Quentin Tarantino,Drama,1994,154,High,R,5,2022-12-09
580,Pulp Fiction,Miramax,Quentin Tarantino,Comedy,1994,154,High,R,5,2015-02-12
1508,Mad Max: Fury Road,Warner Bros.,George Miller,Romance,2015,120,Medium,R,2,2017-03-26
2796,Fight Club,20th Century Fox,David Fincher,Animation,1999,139,High,R,3,2017-02-25
1484,Parasite,CJ Entertainment,Bong Joon-ho,Crime,2019,132,High,R,1,2019-07-31
1276,Pulp Fiction,Miramax,Quentin Tarantino,Adventure,1994,154,High,R,1,2020-05-20
892,The Dark Knight,Warner Bros.,Christopher Nolan,Comedy,2008,152,High,PG-13,4,2021-06-08
668,The Departed,Warner Bros.,Martin Scorsese,Adventure,2006,151,High,R,1,2015-04-17
363,Goodfellas,Warner Bros.,Martin Scorsese,Comedy,1990,146,High,R,1,2025-03-05
356,The Shawshank Redemption,Castle Rock Entertainment,Frank Darabont,Animation,1994,142,High,R,2,2017-02-14
2601,Fight Club,20th Century Fox,David Fincher,Adventure,1999,139,High,R,5,2025-09-02
49,The Matrix,Warner Bros.,Lana Wachowski,Fantasy,1999,136,High,R,5,2021-06-26
410,"Crouching Tiger, Hidden Dragon",Sony Pictures Classics,Ang Lee,Adventure,2000,120,Medium,PG-13,5,2020-02-02
1991,Forrest Gump,Paramount Pictures,Robert Zemeckis,Fantasy,1994,142,High,PG-13,1,2024-08-11
1683,Interstellar,Paramount Pictures,Christopher Nolan,Thriller,2014,169,High,PG-13,1,2018-11-15
302,Forrest Gump,Paramount Pictures,Robert Zemeckis,Drama,1994,142,High,PG-13,5,2018-05-27
382,The Shawshank Redemption,Castle Rock Entertainment,Frank Darabont,Sci-Fi,1994,142,High,R,1,2018-09-13
950,Up,Pixar,Pete Docter,Comedy,2009,96,Medium,PG,5,2024-01-28
856,Se7en,New Line Cinema,David Fincher,Animation,1995,127,High,R,5,2018-08-06
473,The Godfather,Paramount Pictures,Francis Ford Coppola,Sci-Fi,1972,175,High,R,5,2017-11-26
1904,Se7en,New Line Cinema,David Fincher,Fantasy,1995,127,High,R,4,2020-02-17
1589,Mad Max: Fury Road,Warner Bros.,George Miller,Sci-Fi,2015,120,Medium,R,1,2015-02-08
2688,The Godfather,Paramount Pictures,Francis Ford Coppola,Comedy,1972,175,High,R,3,2025-07-24
2602,Parasite,CJ Entertainment,Bong Joon-ho,Romance,2019,132,High,R,4,2022-08-02
1936,The Empire Strikes Back,Lucasfilm,Irvin Kershner,Thriller,1980,124,High,PG,1,2022-03-02
726,Se7en,New Line Cinema,David Fincher,Drama,1995,127,High,R,2,2017-07-13
2048,The Godfather,Paramount Pictures,Francis Ford Coppola,Sci-Fi,1972,175,High,R,4,2018-09-27
2,No Country for Old Men,Mirage Enterprises,Ethan Coen,Comedy,2007,122,High,R,3,2016-04-21
177,The Godfather,Paramount Pictures,Francis Ford Coppola,Comedy,1972,175,High,R,5,2024-08-18
480,The Matrix,Warner Bros.,Lana Wachowski,Fantasy,1999,136,High,R,2,2024-06-17
1397,Inception,Warner Bros.,Christopher Nolan,Adventure,2010,148,High,PG-13,4,2015-03-22
1864,The Social Network,Columbia Pictures,David Fincher,Action,2010,120,Medium,PG-13,4,2015-07-30
2375,The Matrix,Warner Bros.,Lana Wachowski,Romance,1999,136,High,R,3,2024-03-03
481,Gladiator,DreamWorks Pictures,Ridley Scott,Comedy,2000,155,High,R,4,2019-08-21
2360,The Shawshank Redemption,Castle Rock Entertainment,Frank Darabont,Drama,1994,142,High,R,4,2025-09-09
1188,Forrest Gump,Paramount Pictures,Robert Zemeckis,Comedy,1994,142,High,PG-13,4,2019-01-22
1890,The Empire Strikes Back,Lucasfilm,Irvin Kershner,Adventure,1980,124,High,PG,4,2018-10-30
682,The Shawshank Redemption,Castle Rock Entertainment,Frank Darabont,Romance,1994,142,High,R,4,2016-09-13
2077,The Dark Knight,Warner Bros.,Christopher Nolan,Romance,2008,152,High,PG-13,2,2018-04-27
43,The Dark Knight,Warner Bros.,Christopher Nolan,Drama,2008,152,High,PG-13,2,2021-07-03
1429,The Lord of the Rings: The Return of the King,New Line Cinema,Peter Jackson,Comedy,2003,201,High,PG-13,4,2020-12-04
2964,Goodfellas,Warner Bros.,Martin Scorsese,Drama,1990,146,High,R,4,2019-04-02
2663,The Matrix,Warner Bros.,Lana Wachowski,Romance,1999,136,High,R,2,2025-05-05
2128,Gladiator,DreamWorks Pictures,Ridley Scott,Sci-Fi,2000,155,High,R,1,2017-06-13
139,The Shawshank Redemption,Castle Rock Entertainment,Frank Darabont,Sci-Fi,1994,142,High,R,5,2020-05-05
1869,The Lord of the Rings: The Return of the King,New Line Cinema,Peter Jackson,Fantasy,2003,201,High,PG-13,4,2024-12-25
2680,Pulp Fiction,Miramax,Quentin Tarantino,Adventure,1994,154,High,R,4,2015-06-17
1542,The Shawshank Redemption,Castle Rock Entertainment,Frank Darabont,Romance,1994,142,High,R,4,2016-08-14
1819,The Godfather,Paramount Pictures,Francis Ford Coppola,Fantasy,1972,175,High,R,5,2017-01-22
1794,The Shawshank Redemption,Castle Rock Entertainment,Frank Darabont,Crime,1994,142,High,R,1,2025-08-12
2269,Se7en,New Line Cinema,David Fincher,Adventure,1995,127,High,R,1,2016-06-16
134,The Matrix,Warner Bros.,Lana Wachowski,Action,1999,136,High,R,2,2022-05-30
672,Pulp Fiction,Miramax,Quentin Tarantino,Action,1994,154,High,R,3,2017-04-06
587,The Godfather,Paramount Pictures,Francis Ford Coppola,Thriller,1972,175,High,R,1,2023-11-01
1147,The Shawshank Redemption,Castle Rock Entertainment,Frank Darabont,Romance,1994,142,High,R,2,2017-10-30
1548,The Dark Knight,Warner Bros.,Christopher Nolan,Sci-Fi,2008,152,High,PG-13,1,2024-05-11
10,Fight Club,20th Century Fox,David Fincher,Comedy,1999,139,High,R,2,2022-08-17
1397,The Dark Knight,Warner Bros.,Christopher Nolan,Adventure,2008,152,High,PG-13,2,2017-02-20
576,Pulp Fiction,Miramax,Quentin Tarantino,Sci-Fi,1994,154,High,R,3,2023-09-24
1408,The Matrix,Warner Bros.,Lana Wachowski,Crime,1999,136,High,R,2,2020-09-02
1567,The Godfather,Paramount Pictures,Francis Ford Coppola,Drama,1972,175,High,R,1,2023-10-23
2277,Mad Max: Fury Road,Warner Bros.,George Miller,Comedy,2015,120,Medium,R,3,2020-12-15
1396,The Dark Knight,Warner Bros.,Christopher Nolan,Animation,2008,152,High,PG-13,4,2023-09-30
2132,The Godfather,Paramount Pictures,Francis Ford Coppola,Crime,1972,175,High,R,5,2022-01-31
1434,Whiplash,Blumhouse Productions,Damien Chazelle,Comedy,2014,107,Medium,R,2,2019-01-23
27,Up,Pixar,Pete Docter,Action,2009,96,Medium,PG,5,2023-12-30
1240,The Godfather,Paramount Pictures,Francis Ford Coppola,Fantasy,1972,175,High,R,4,2023-07-11
123,WALL·E,Pixar,Andrew Stanton,Adventure,2008,98,Medium,G,3,2023-12-24
2612,Forrest Gump,Paramount Pictures,Robert Zemeckis,Sci-Fi,1994,142,High,PG-13,5,2020-12-11
2781,Toy Story,Pixar,John Lasseter,Animation,1995,81,Low,G,4,2015-04-23
533,The Shawshank Redemption,Castle Rock Entertainment,Frank Darabont,Thriller,1994,142,High,R,5,2025-08-31
1969,The Shawshank Redemption,Castle Rock Entertainment,Frank Darabont,Thriller,1994,142,High,R,1,2025-04-14
2938,The Shawshank Redemption,Castle Rock Entertainment,Frank Darabont,Crime,1994,142,High,R,5,2025-11-12
1699,There Will Be Blood,Paramount Vantage,Paul Thomas Anderson,Animation,2007,158,High,R,4,2025-10-25
540,The Truman Show,Paramount Pictures,Peter Weir,Romance,1998,103,Medium,PG,5,2022-06-03
1983,Inception,Warner Bros.,Christopher Nolan,Fantasy,2010,148,High,PG-13,5,2020-11-18
2866,The Shawshank Redemption,Castle Rock Entertainment,Frank Darabont,Animation,1994,142,High,R,4,2017-04-11
1484,The Shawshank Redemption,Castle Rock Entertainment,Frank Darabont,Action,1994,142,High,R,3,2021-05-13
464,Saving Private Ryan,DreamWorks/Amblin,Steven Spielberg,Action,1998,169,High,R,5,2024-03-02
1231,Forrest Gump,Paramount Pictures,Robert Zemeckis,Romance,1994,142,High,PG-13,4,2018-06-22
749,The Shawshank Redemption,Castle Rock Entertainment,Frank Darabont,Drama,1994,142,High,R,2,2017-03-08
19,Inception,Warner Bros.,Christopher Nolan,Animation,2010,148,High,PG-13,1,2020-04-13
2159,The Shawshank Redemption,Castle Rock Entertainment,Frank Darabont,Crime,1994,142,High,R,1,2017-01-02
87,Forrest Gump,Paramount Pictures,Robert Zemeckis,Adventure,1994,142,High,PG-13,1,2016-09-06
2963,The Shawshank Redemption,Castle Rock Entertainment,Frank Darabont,Action,1994,142,High,R,1,2015-12-03
1113,Moonlight,A24,Barry Jenkins,Adventure,2016,111,Medium,R,3,2019-02-10
2538,The Shawshank Redemption,Castle Rock Entertainment,Frank Darabont,Comedy,1994,142,High,R,5,2020-08-02
1103,The Shawshank Redemption,Castle Rock Entertainment,Frank Darabont,Crime,1994,142,High,R,1,2024-09-27
2664,Pulp Fiction,Miramax,Quentin Tarantino,Action,1994,154,High,R,4,2018-08-01
1662,Goodfellas,Warner Bros.,Martin Scorsese,Crime,1990,146,High,R,3,2016-12-01
1130,The Empire Strikes Back,Lucasfilm,Irvin Kershner,Romance,1980,124,High,PG,4,2017-11-01
2955,The Shawshank Redemption,Castle Rock Entertainment,Frank Darabont,Drama,1994,142,High,R,2,2024-09-24
1400,The Dark Knight,Warner Bros.,Christopher Nolan,Fantasy,2008,152,High,PG-13,5,2025-03-10
55,The Godfather,Paramount Pictures,Francis Ford Coppola,Animation,1972,175,High,R,2,2017-04-06
2022,Fight Club,20th Century Fox,David Fincher,Adventure,1999,139,High,R,5,2025-09-05
1630,The Shawshank Redemption,Castle Rock Entertainment,Frank Darabont,Thriller,1994,142,High,R,5,2017-06-04
361,Inception,Warner Bros.,Christopher Nolan,Drama,2010,148,High,PG-13,4,2015-07-20
2435,Mad Max: Fury Road,Warner Bros.,George Miller,Adventure,2015,120,Medium,R,4,2025-12-19
310,The Shawshank Redemption,Castle Rock Entertainment,Frank Darabont,Action,1994,142,High,R,4,2020-06-11
2883,The Godfather,Paramount Pictures,Francis Ford Coppola,Animation,1972,175,High,R,3,2020-08-10
1495,The Shawshank Redemption,Castle Rock Entertainment,Frank Darabont,Fantasy,1994,142,High,R,1,2016-01-27
2034,The Shawshank Redemption,Castle Rock Entertainment,Frank Darabont,Crime,1994,142,High,R,5,2019-11-06
2529,The Lord of the Rings: The Return of the King,New Line Cinema,Peter Jackson,Fantasy,2003,201,High,PG-13,2,2015-04-24
190,The Shawshank Redemption,Castle Rock Entertainment,Frank Darabont,Crime,1994,142,High,R,5,2016-06-19
2965,The Shawshank Redemption,Castle Rock Entertainment,Frank Darabont,Animation,1994,142,High,R,2,2021-03-01
2888,Titanic,Paramount Pictures,James Cameron,Action,1997,195,High,PG-13,2,2017-07-18
16,The Shawshank Redemption,Castle Rock Entertainment,Frank Darabont,Romance,1994,142,High,R,4,2024-06-09
1953,Back to the Future,Universal Pictures,Robert Zemeckis,Romance,1985,116,Medium,PG,2,2023-06-16
423,The Matrix,Warner Bros.,Lana Wachowski,Animation,1999,136,High,R,2,2021-08-27
512,The Dark Knight,Warner Bros.,Christopher Nolan,Adventure,2008,152,High,PG-13,3,2024-02-03
1818,The Shawshank Redemption,Castle Rock Entertainment,Frank Darabont,Thriller,1994,142,High,R,5,2022-03-30
80,The Shawshank Redemption,Castle Rock Entertainment,Frank Darabont,Romance,1994,142,High,R,2,2025-12-01
1883,There Will Be Blood,Paramount Vantage,Paul Thomas Anderson,Fantasy,2007,158,High,R,3,2024-04-24
752,The Godfather,Paramount Pictures,Francis Ford Coppola,Crime,1972,175,High,R,3,2025-04-04
1688,The Godfather,Paramount Pictures,Francis Ford Coppola,Fantasy,1972,175,High,R,2,2021-07-15
327,The Shawshank Redemption,Castle Rock Entertainment,Frank Darabont,Action,1994,142,High,R,3,2021-09-28
288,Inception,Warner Bros.,Christopher Nolan,Animation,2010,148,High,PG-13,2,2022-10-09
1842,The Shawshank Redemption,Castle Rock Entertainment,Frank Darabont,Romance,1994,142,High,R,4,2023-02-28
704,The Godfather,Paramount Pictures,Francis Ford Coppola,Sci-Fi,1972,175,High,R,4,2020-05-20
2603,The Grand Budapest Hotel,Fox Searchlight,Wes Anderson,Comedy,2014,99,Medium,R,3,2017-02-22
1895,The Godfather,Paramount Pictures,Francis Ford Coppola,Adventure,1972,175,High,R,3,2021-12-25
1542,Inception,Warner Bros.,Christopher Nolan,Action,2010,148,High,PG-13,5,2025-12-05
1664,The Dark Knight,Warner Bros.,Christopher Nolan,Crime,2008,152,High,PG-13,3,2025-02-19
2124,Se7en,New Line Cinema,David Fincher,Comedy,1995,127,High,R,2,2025-01-11
2341,Mad Max: Fury Road,Warner Bros.,George Miller,Drama,2015,120,Medium,R,2,2021-11-17
2188,The Shawshank Redemption,Castle Rock Entertainment,Frank Darabont,Thriller,1994,142,High,R,3,2025-05-29
1929,The Silence of the Lambs,Orion Pictures,Jonathan Demme,Comedy,1991,118,Medium,R,2,2018-04-15
126,The Matrix,Warner Bros.,Lana Wachowski,Sci-Fi,1999,136,High,R,1,2022-01-10
2464,Titanic,Paramount Pictures,James Cameron,Romance,1997,195,High,PG-13,3,2015-02-08
1958,The Shawshank Redemption,Castle Rock Entertainment,Frank Darabont,Adventure,1994,142,High,R,4,2017-07-23
1565,Pulp Fiction,Miramax,Quentin Tarantino,Comedy,1994,154,High,R,2,2019-07-19
1072,Interstellar,Paramount Pictures,Christopher Nolan,Action,2014,169,High,PG-13,2,2019-02-08
2456,The Matrix,Warner Bros.,Lana Wachowski,Drama,1999,136,High,R,2,2019-08-17
1100,The Godfather,Paramount Pictures,Francis Ford Coppola,Romance,1972,175,High,R,1,2023-01-19
1361,The Truman Show,Paramount Pictures,Peter Weir,Drama,1998,103,Medium,PG,1,2022-08-12
2912,The Shawshank Redemption,Castle Rock Entertainment,Frank Darabont,Thriller,1994,142,High,R,1,2025-08-03
747,The Shawshank Redemption,Castle Rock Entertainment,Frank Darabont,Fantasy,1994,142,High,R,2,2024-03-11
1345,The Dark Knight,Warner Bros.,Christopher Nolan,Crime,2008,152,High,PG-13,3,2020-07-05
270,Pulp Fiction,Miramax,Quentin Tarantino,Drama,1994,154,High,R,1,2022-02-10
913,Inception,Warner Bros.,Christopher Nolan,Action,2010,148,High,PG-13,5,2023-12-10
1118,The Shawshank Redemption,Castle Rock Entertainment,Frank Darabont,Adventure,1994,142,High,R,5,2020-11-30
2357,Pulp Fiction,Miramax,Quentin Tarantino,Comedy,1994,154,High,R,2,2016-10-08
1710,Inception,Warner Bros.,Christopher Nolan,Thriller,2010,148,High,PG-13,3,2021-11-30
338,The Empire Strikes Back,Lucasfilm,Irvin Kershner,Fantasy,1980,124,High,PG,4,2023-12-10
692,The Usual Suspects,Gramercy Pictures,Bryan Singer,Thriller,1995,106,Medium,R,5,2015-03-23
2985,The Shawshank Redemption,Castle Rock Entertainment,Frank Darabont,Action,1994,142,High,R,3,2020-03-19
175,Whiplash,Blumhouse Productions,Damien Chazelle,Sci-Fi,2014,107,Medium,R,3,2015-02-13
66,Titanic,Paramount Pictures,James Cameron,Action,1997,195,High,PG-13,5,2021-04-24
1857,The Matrix,Warner Bros.,Lana Wachowski,Drama,1999,136,High,R,4,2018-05-16
1850,Pulp Fiction,Miramax,Quentin Tarantino,Comedy,1994,154,High,R,3,2016-08-19
1065,Forrest Gump,Paramount Pictures,Robert Zemeckis,Thriller,1994,142,High,PG-13,3,2018-07-26
2627,Schindler's List,Universal Pictures,Steven Spielberg,Drama,1993,195,High,R,3,2016-12-22
2453,The Godfather,Paramount Pictures,Francis Ford Coppola,Sci-Fi,1972,175,High,R,5,2020-07-11
1490,The Shawshank Redemption,Castle Rock Entertainment,Frank Darabont,Drama,1994,142,High,R,4,2019-12-20
2548,American Beauty,DreamWorks,Sam Mendes,Comedy,1999,122,High,R,5,2017-07-09
2407,The Shawshank Redemption,Castle Rock Entertainment,Frank Darabont,Thriller,1994,142,High,R,5,2019-06-28
2752,The Shawshank Redemption,Castle Rock Entertainment,Frank Darabont,Adventure,1994,142,High,R,2,2023-04-17
2103,The Matrix,Warner Bros.,Lana Wachowski,Action,1999,136,High,R,3,2016-12-15
812,Forrest Gump,Paramount Pictures,Robert Zemeckis,Thriller,1994,142,High,PG-13,3,2020-02-14
907,The Godfather,Paramount Pictures,Francis Ford Coppola,Animation,1972,175,High,R,1,2025-01-01
1395,The Godfather,Paramount Pictures,Francis Ford Coppola,Fantasy,1972,175,High,R,2,2018-02-09
943,The Godfather,Paramount Pictures,Francis Ford Coppola,Thriller,1972,175,High,R,1,2017-01-10
1201,Pulp Fiction,Miramax,Quentin Tarantino,Crime,1994,154,High,R,2,2016-09-16
2335,Se7en,New Line Cinema,David Fincher,Comedy,1995,127,High,R,1,2022-02-07
226,Inception,Warner Bros.,Christopher Nolan,Thriller,2010,148,High,PG-13,4,2016-10-06
298,The Godfather,Paramount Pictures,Francis Ford Coppola,Adventure,1972,175,High,R,1,2018-08-20
541,The Dark Knight,Warner Bros.,Christopher Nolan,Action,2008,152,High,PG-13,2,2024-03-18
368,The Godfather,Paramount Pictures,Francis Ford Coppola,Drama,1972,175,High,R,4,2022-12-12
2043,The Dark Knight,Warner Bros.,Christopher Nolan,Adventure,2008,152,High,PG-13,3,2020-12-28
2861,The Shawshank Redemption,Castle Rock Entertainment,Frank Darabont,Romance,1994,142,High,R,3,2022-02-10
2653,The Shawshank Redemption,Castle Rock Entertainment,Frank Darabont,Action,1994,142,High,R,2,2025-01-15
1252,The Lion King,Walt Disney Pictures,Roger Allers,Comedy,1994,88,Low,G,3,2019-05-30
1521,The Shawshank Redemption,Castle Rock Entertainment,Frank Darabont,Romance,1994,142,High,R,5,2016-10-02
953,American Beauty,DreamWorks,Sam Mendes,Crime,1999,122,High,R,2,2018-08-06
2118,Inception,Warner Bros.,Christopher Nolan,Drama,2010,148,High,PG-13,4,2023-08-23
1415,The Shawshank Redemption,Castle Rock Entertainment,Frank Darabont,Crime,1994,142,High,R,2,2024-03-22
2821,There Will Be Blood,Paramount Vantage,Paul Thomas Anderson,Adventure,2007,158,High,R,2,2023-03-06
2921,The Godfather,Paramount Pictures,Francis Ford Coppola,Comedy,1972,175,High,R,1,2021-11-30
2037,The Green Mile,Castle Rock Entertainment,Frank Darabont,Crime,1999,189,High,R,3,2022-10-05
497,La La Land,Summit Entertainment,Damien Chazelle,Adventure,2016,128,High,PG-13,3,2020-07-25
945,No Country for Old Men,Mirage Enterprises,Ethan Coen,Sci-Fi,2007,122,High,R,4,2023-12-11
1138,The Shawshank Redemption,Castle Rock Entertainment,Frank Darabont,Animation,1994,142,High,R,2,2025-12-30
1682,Pulp Fiction,Miramax,Quentin Tarantino,Drama,1994,154,High,R,4,2016-05-07
1494,The Shawshank Redemption,Castle Rock Entertainment,Frank Darabont,Crime,1994,142,High,R,5,2022-05-15
539,No Country for Old Men,Mirage Enterprises,Ethan Coen,Sci-Fi,2007,122,High,R,2,2018-07-18
300,The Shawshank Redemption,Castle Rock Entertainment,Frank Darabont,Drama,1994,142,High,R,4,2019-11-21
1288,The Godfather,Paramount Pictures,Francis Ford Coppola,Comedy,1972,175,High,R,2,2015-08-13
1469,The Lord of the Rings: The Return of the King,New Line Cinema,Peter Jackson,Sci-Fi,2003,201,High,PG-13,5,2024-01-26
1887,Schindler's List,Universal Pictures,Steven Spielberg,Sci-Fi,1993,195,High,R,5,2019-12-30
884,The Grand Budapest Hotel,Fox Searchlight,Wes Anderson,Comedy,2014,99,Medium,R,2,2022-09-10
2070,Interstellar,Paramount Pictures,Christopher Nolan,Sci-Fi,2014,169,High,PG-13,1,2025-03-28
181,The Shawshank Redemption,Castle Rock Entertainment,Frank Darabont,Romance,1994,142,High,R,1,2016-03-23
394,The Shawshank Redemption,Castle Rock Entertainment,Frank Darabont,Comedy,1994,142,High,R,4,2023-03-21
1989,The Social Network,Columbia Pictures,David Fincher,Thriller,2010,120,Medium,PG-13,5,2016-09-01
403,Back to the Future,Universal Pictures,Robert Zemeckis,Animation,1985,116,Medium,PG,5,2021-04-01
1601,Inception,Warner Bros.,Christopher Nolan,Thriller,2010,148,High,PG-13,1,2018-02-25
2143,Schindler's List,Universal Pictures,Steven Spielberg,Sci-Fi,1993,195,High,R,2,2021-03-22
2195,The Shawshank Redemption,Castle Rock Entertainment,Frank Darabont,Animation,1994,142,High,R,4,2022-12-08
2806,Titanic,Paramount Pictures,James Cameron,Crime,1997,195,High,PG-13,5,2024-03-01
1436,The Dark Knight,Warner Bros.,Christopher Nolan,Sci-Fi,2008,152,High,PG-13,5,2015-07-07
1640,The Silence of the Lambs,Orion Pictures,Jonathan Demme,Romance,1991,118,Medium,R,4,2018-09-30
1961,Se7en,New Line Cinema,David Fincher,Animation,1995,127,High,R,2,2019-04-07
640,The Shawshank Redemption,Castle Rock Entertainment,Frank Darabont,Drama,1994,142,High,R,1,2020-05-16
2615,Gladiator,DreamWorks Pictures,Ridley Scott,Action,2000,155,High,R,1,2023-02-13
633,The Usual Suspects,Gramercy Pictures,Bryan Singer,Crime,1995,106,Medium,R,3,2020-01-07
1721,The Silence of the Lambs,Orion Pictures,Jonathan Demme,Fantasy,1991,118,Medium,R,2,2018-12-11
2979,The Godfather,Paramount Pictures,Francis Ford Coppola,Fantasy,1972,175,High,R,5,2017-07-03
204,Titanic,Paramount Pictures,James Cameron,Drama,1997,195,High,PG-13,5,2017-06-28
2132,The Departed,Warner Bros.,Martin Scorsese,Romance,2006,151,High,R,4,2025-09-05
423,Se7en,New Line Cinema,David Fincher,Romance,1995,127,High,R,5,2019-03-01
2248,The Silence of the Lambs,Orion Pictures,Jonathan Demme,Adventure,1991,118,Medium,R,3,2021-10-24
1588,The Shawshank Redemption,Castle Rock Entertainment,Frank Darabont,Fantasy,1994,142,High,R,1,2017-12-01
1781,Forrest Gump,Paramount Pictures,Robert Zemeckis,Romance,1994,142,High,PG-13,1,2025-08-01
1527,The Dark Knight,Warner Bros.,Christopher Nolan,Animation,2008,152,High,PG-13,4,2020-01-15
2013,The Shawshank Redemption,Castle Rock Entertainment,Frank Darabont,Animation,1994,142,High,R,3,2023-07-22
1452,No Country for Old Men,Mirage Enterprises,Ethan Coen,Crime,2007,122,High,R,4,2018-05-31
1497,Pulp Fiction,Miramax,Quentin Tarantino,Adventure,1994,154,High,R,5,2023-12-03
367,The Lion King,Walt Disney Pictures,Roger Allers,Thriller,1994,88,Low,G,3,2017-10-16
601,Forrest Gump,Paramount Pictures,Robert Zemeckis,Fantasy,1994,142,High,PG-13,2,2021-08-07
2168,The Shawshank Redemption,Castle Rock Entertainment,Frank Darabont,Drama,1994,142,High,R,2,2018-12-02
877,Back to the Future,Universal Pictures,Robert Zemeckis,Adventure,1985,116,Medium,PG,4,2018-09-18
992,The Godfather,Paramount Pictures,Francis Ford Coppola,Fantasy,1972,175,High,R,4,2020-05-28
2029,The Shawshank Redemption,Castle Rock Entertainment,Frank Darabont,Thriller,1994,142,High,R,1,2019-03-31
659,Interstellar,Paramount Pictures,Christopher Nolan,Fantasy,2014,169,High,PG-13,1,2021-08-21
2243,Parasite,CJ Entertainment,Bong Joon-ho,Crime,2019,132,High,R,3,2018-03-05
424,Forrest Gump,Paramount Pictures,Robert Zemeckis,Action,1994,142,High,PG-13,1,2024-07-22
1536,The Shawshank Redemption,Castle Rock Entertainment,Frank Darabont,Drama,1994,142,High,R,2,2025-09-12
98,Blade Runner,Warner Bros.,Ridley Scott,Comedy,1982,117,Medium,R,3,2018-08-08
129,Schindler's List,Universal Pictures,Steven Spielberg,Adventure,1993,195,High,R,3,2021-08-13
2256,Inception,Warner Bros.,Christopher Nolan,Drama,2010,148,High,PG-13,5,2021-07-28
2585,Parasite,CJ Entertainment,Bong Joon-ho,Romance,2019,132,High,R,4,2019-07-03
554,Pulp Fiction,Miramax,Quentin Tarantino,Animation,1994,154,High,R,5,2020-05-13
55,The Godfather,Paramount Pictures,Francis Ford Coppola,Crime,1972,175,High,R,4,2017-05-28
901,The Shawshank Redemption,Castle Rock Entertainment,Frank Darabont,Comedy,1994,142,High,R,2,2020-11-25
2377,The Departed,Warner Bros.,Martin Scorsese,Drama,2006,151,High,R,1,2015-05-03
2520,The Shawshank Redemption,Castle Rock Entertainment,Frank Darabont,Thriller,1994,142,High,R,3,2016-10-06
2833,The Godfather,Paramount Pictures,Francis Ford Coppola,Thriller,1972,175,High,R,1,2020-07-07
2328,Inside Out,Pixar,Pete Docter,Comedy,2015,95,Medium,PG,1,2019-11-28
1693,Fight Club,20th Century Fox,David Fincher,Sci-Fi,1999,139,High,R,3,2018-01-16
2034,Se7en,New Line Cinema,David Fincher,Action,1995,127,High,R,5,2021-12-11
2481,Interstellar,Paramount Pictures,Christopher Nolan,Adventure,2014,169,High,PG-13,1,2020-11-07
636,Saving Private Ryan,DreamWorks/Amblin,Steven Spielberg,Action,1998,169,High,R,2,2018-10-11
18,Pulp Fiction,Miramax,Quentin Tarantino,Adventure,1994,154,High,R,4,2015-08-17
920,The Shawshank Redemption,Castle Rock Entertainment,Frank Darabont,Thriller,1994,142,High,R,1,2016-06-15
1566,No Country for Old Men,Mirage Enterprises,Ethan Coen,Comedy,2007,122,High,R,1,2019-03-05
1473,Goodfellas,Warner Bros.,Martin Scorsese,Fantasy,1990,146,High,R,1,2017-01-25
179,The Shawshank Redemption,Castle Rock Entertainment,Frank Darabont,Adventure,1994,142,High,R,5,2021-04-28
2577,The Lion King,Walt Disney Pictures,Roger Allers,Crime,1994,88,Low,G,5,2024-07-17
285,The Shawshank Redemption,Castle Rock Entertainment,Frank Darabont,Animation,1994,142,High,R,1,2018-10-11
2222,Pulp Fiction,Miramax,Quentin Tarantino,Sci-Fi,1994,154,High,R,1,2022-12-16
521,Saving Private Ryan,DreamWorks/Amblin,Steven Spielberg,Action,1998,169,High,R,2,2021-06-30
1129,Forrest Gump,Paramount Pictures,Robert Zemeckis,Animation,1994,142,High,PG-13,3,2023-08-26
2281,Forrest Gump,Paramount Pictures,Robert Zemeckis,Romance,1994,142,High,PG-13,1,2021-07-18
1337,The Dark Knight,Warner Bros.,Christopher Nolan,Thriller,2008,152,High,PG-13,4,2015-12-06
2260,The Shawshank Redemption,Castle Rock Entertainment,Frank Darabont,Sci-Fi,1994,142,High,R,5,2018-08-15
637,American Beauty,DreamWorks,Sam Mendes,Comedy,1999,122,High,R,3,2018-05-25
2275,The Shawshank Redemption,Castle Rock Entertainment,Frank Darabont,Action,1994,142,High,R,3,2022-10-13
1610,The Shawshank Redemption,Castle Rock Entertainment,Frank Darabont,Animation,1994,142,High,R,5,2024-05-18
1891,The Shawshank Redemption,Castle Rock Entertainment,Frank Darabont,Crime,1994,142,High,R,2,2024-09-26
171,The Godfather,Paramount Pictures,Francis Ford Coppola,Crime,1972,175,High,R,3,2019-02-12
2184,The Godfather,Paramount Pictures,Francis Ford Coppola,Crime,1972,175,High,R,1,2025-03-30
1560,The Shawshank Redemption,Castle Rock Entertainment,Frank Darabont,Action,1994,142,High,R,4,2022-08-13
498,The Silence of the Lambs,Orion Pictures,Jonathan Demme,Crime,1991,118,Medium,R,3,2023-11-02
27,The Lord of the Rings: The Return of the King,New Line Cinema,Peter Jackson,Thriller,2003,201,High,PG-13,5,2019-08-02
379,The Dark Knight,Warner Bros.,Christopher Nolan,Drama,2008,152,High,PG-13,3,2020-02-04
418,The Green Mile,Castle Rock Entertainment,Frank Darabont,Romance,1999,189,High,R,1,2024-04-26
1292,American Beauty,DreamWorks,Sam Mendes,Romance,1999,122,High,R,2,2023-03-24
1245,The Social Network,Columbia Pictures,David Fincher,Sci-Fi,2010,120,Medium,PG-13,5,2016-08-08
2741,Titanic,Paramount Pictures,James Cameron,Sci-Fi,1997,195,High,PG-13,5,2021-03-11
186,Whiplash,Blumhouse Productions,Damien Chazelle,Comedy,2014,107,Medium,R,1,2025-11-12
812,The Shawshank Redemption,Castle Rock Entertainment,Frank Darabont,Crime,1994,142,High,R,3,2016-01-17
2304,Se7en,New Line Cinema,David Fincher,Animation,1995,127,High,R,1,2016-03-30
1401,The Silence of the Lambs,Orion Pictures,Jonathan Demme,Comedy,1991,118,Medium,R,1,2025-08-22
2606,The Truman Show,Paramount Pictures,Peter Weir,Thriller,1998,103,Medium,PG,2,2018-07-13
1278,The Shawshank Redemption,Castle Rock Entertainment,Frank Darabont,Romance,1994,142,High,R,1,2018-06-22
6,Pulp Fiction,Miramax,Quentin Tarantino,Animation,1994,154,High,R,3,2019-08-24
1583,Fight Club,20th Century Fox,David Fincher,Comedy,1999,139,High,R,1,2024-01-18
2157,Pulp Fiction,Miramax,Quentin Tarantino,Comedy,1994,154,High,R,5,2020-02-23
1076,The Shawshank Redemption,Castle Rock Entertainment,Frank Darabont,Drama,1994,142,High,R,2,2016-03-04
1290,American Beauty,DreamWorks,Sam Mendes,Adventure,1999,122,High,R,4,2018-01-18
2710,Forrest Gump,Paramount Pictures,Robert Zemeckis,Action,1994,142,High,PG-13,4,2018-09-05
224,Inside Out,Pixar,Pete Docter,Romance,2015,95,Medium,PG,3,2023-11-13
880,Pulp Fiction,Miramax,Quentin Tarantino,Comedy,1994,154,High,R,1,2017-06-30
2533,La La Land,Summit Entertainment,Damien Chazelle,Fantasy,2016,128,High,PG-13,3,2017-11-23
16,The Silence of the Lambs,Orion Pictures,Jonathan Demme,Romance,1991,118,Medium,R,5,2020-01-17
437,The Lord of the Rings: The Return of the King,New Line Cinema,Peter Jackson,Thriller,2003,201,High,PG-13,2,2021-10-28
365,Gladiator,DreamWorks Pictures,Ridley Scott,Sci-Fi,2000,155,High,R,5,2018-03-29
18,The Shawshank Redemption,Castle Rock Entertainment,Frank Darabont,Sci-Fi,1994,142,High,R,3,2015-10-18
1748,Back to the Future,Universal Pictures,Robert Zemeckis,Drama,1985,116,Medium,PG,2,2016-11-18
268,Se7en,New Line Cinema,David Fincher,Fantasy,1995,127,High,R,3,2017-08-15
2003,Interstellar,Paramount Pictures,Christopher Nolan,Animation,2014,169,High,PG-13,1,2018-11-25
2808,Blade Runner 2049,Warner Bros.,Denis Villeneuve,Sci-Fi,2017,164,High,R,2,2015-12-25
2469,Parasite,CJ Entertainment,Bong Joon-ho,Crime,2019,132,High,R,1,2020-12-26
388,Pulp Fiction,Miramax,Quentin Tarantino,Adventure,1994,154,High,R,3,2019-07-26
1592,The Shawshank Redemption,Castle Rock Entertainment,Frank Darabont,Thriller,1994,142,High,R,4,2015-06-03
1806,"Crouching Tiger, Hidden Dragon",Sony Pictures Classics,Ang Lee,Drama,2000,120,Medium,PG-13,1,2018-02-24
2456,The Godfather,Paramount Pictures,Francis Ford Coppola,Animation,1972,175,High,R,4,2020-03-15
2604,The Godfather,Paramount Pictures,Francis Ford Coppola,Animation,1972,175,High,R,4,2023-09-09
2084,The Silence of the Lambs,Orion Pictures,Jonathan Demme,Animation,1991,118,Medium,R,5,2018-01-17
2661,The Godfather,Paramount Pictures,Francis Ford Coppola,Crime,1972,175,High,R,4,2015-02-19
1868,The Godfather,Paramount Pictures,Francis Ford Coppola,Crime,1972,175,High,R,1,2015-08-08
1992,Saving Private Ryan,DreamWorks/Amblin,Steven Spielberg,Drama,1998,169,High,R,1,2019-12-26
2352,Alien,20th Century Fox,Ridley Scott,Thriller,1979,117,Medium,R,4,2018-07-06
828,Avengers: Endgame,Marvel Studios,Anthony Russo,Romance,2019,181,High,PG-13,2,2024-01-27
423,American Beauty,DreamWorks,Sam Mendes,Drama,1999,122,High,R,4,2020-12-01
2351,The Shawshank Redemption,Castle Rock Entertainment,Frank Darabont,Crime,1994,142,High,R,4,2016-03-12
1139,Interstellar,Paramount Pictures,Christopher Nolan,Sci-Fi,2014,169,High,PG-13,1,2015-05-30
1174,The Lord of the Rings: The Return of the King,New Line Cinema,Peter Jackson,Action,2003,201,High,PG-13,1,2018-01-02
2425,The Godfather,Paramount Pictures,Francis Ford Coppola,Adventure,1972,175,High,R,3,2024-07-10
956,Pulp Fiction,Miramax,Quentin Tarantino,Comedy,1994,154,High,R,2,2017-08-09
2313,Schindler's List,Universal Pictures,Steven Spielberg,Animation,1993,195,High,R,3,2022-06-11
663,Titanic,Paramount Pictures,James Cameron,Adventure,1997,195,High,PG-13,3,2025-07-17
2785,The Godfather,Paramount Pictures,Francis Ford Coppola,Crime,1972,175,High,R,4,2023-09-15
999,The Shawshank Redemption,Castle Rock Entertainment,Frank Darabont,Thriller,1994,142,High,R,2,2019-01-15
2846,Avengers: Endgame,Marvel Studios,Anthony Russo,Drama,2019,181,High,PG-13,3,2021-12-03
2567,Saving Private Ryan,DreamWorks/Amblin,Steven Spielberg,Romance,1998,169,High,R,2,2019-04-25
1581,The Dark Knight,Warner Bros.,Christopher Nolan,Adventure,2008,152,High,PG-13,2,2023-01-25
1870,Gladiator,DreamWorks Pictures,Ridley Scott,Romance,2000,155,High,R,4,2022-04-06
2327,The Godfather,Paramount Pictures,Francis Ford Coppola,Fantasy,1972,175,High,R,2,2025-10-13
2075,Mad Max: Fury Road,Warner Bros.,George Miller,Sci-Fi,2015,120,Medium,R,2,2018-01-23
2295,Forrest Gump,Paramount Pictures,Robert Zemeckis,Action,1994,142,High,PG-13,2,2023-11-22
1350,The Lion King,Walt Disney Pictures,Roger Allers,Animation,1994,88,Low,G,4,2024-08-14
1963,WALL·E,Pixar,Andrew Stanton,Thriller,2008,98,Medium,G,5,2016-09-20
2719,Schindler's List,Universal Pictures,Steven Spielberg,Sci-Fi,1993,195,High,R,5,2020-01-31
2362,The Shawshank Redemption,Castle Rock Entertainment,Frank Darabont,Crime,1994,142,High,R,2,2018-01-25
2495,The Shawshank Redemption,Castle Rock Entertainment,Frank Darabont,Crime,1994,142,High,R,4,2025-04-15
1497,The Dark Knight,Warner Bros.,Christopher Nolan,Drama,2008,152,High,PG-13,4,2015-01-25
938,The Dark Knight,Warner Bros.,Christopher Nolan,Crime,2008,152,High,PG-13,4,2024-10-14
486,The Lion King,Walt Disney Pictures,Roger Allers,Fantasy,1994,88,Low,G,5,2016-05-28
1389,The Grand Budapest Hotel,Fox Searchlight,Wes Anderson,Crime,2014,99,Medium,R,4,2016-07-12
770,The Shawshank Redemption,Castle Rock Entertainment,Frank Darabont,Romance,1994,142,High,R,5,2021-11-13
1239,"Crouching Tiger, Hidden Dragon",Sony Pictures Classics,Ang Lee,Adventure,2000,120,Medium,PG-13,3,2019-05-30
2442,The Dark Knight,Warner Bros.,Christopher Nolan,Romance,2008,152,High,PG-13,5,2022-10-13
2574,Pulp Fiction,Miramax,Quentin Tarantino,Crime,1994,154,High,R,3,2022-06-07
946,The Silence of the Lambs,Orion Pictures,Jonathan Demme,Adventure,1991,118,Medium,R,4,2015-01-21
542,The Matrix,Warner Bros.,Lana Wachowski,Thriller,1999,136,High,R,3,2022-06-02
1629,Forrest Gump,Paramount Pictures,Robert Zemeckis,Crime,1994,142,High,PG-13,5,2019-06-07
1320,Blade Runner,Warner Bros.,Ridley Scott,Romance,1982,117,Medium,R,2,2019-01-23
2545,The Shawshank Redemption,Castle Rock Entertainment,Frank Darabont,Drama,1994,142,High,R,3,2015-04-08
197,Blade Runner 2049,Warner Bros.,Denis Villeneuve,Sci-Fi,2017,164,High,R,1,2015-01-30
1339,Schindler's List,Universal Pictures,Steven Spielberg,Crime,1993,195,High,R,1,2015-12-07
2398,Pulp Fiction,Miramax,Quentin Tarantino,Sci-Fi,1994,154,High,R,1,2024-06-27
1034,Pulp Fiction,Miramax,Quentin Tarantino,Animation,1994,154,High,R,3,2023-11-01
571,WALL·E,Pixar,Andrew Stanton,Romance,2008,98,Medium,G,5,2015-12-02
2755,Alien,20th Century Fox,Ridley Scott,Thriller,1979,117,Medium,R,1,2015-07-12
792,Goodfellas,Warner Bros.,Martin Scorsese,Animation,1990,146,High,R,2,2022-05-07
2347,Inception,Warner Bros.,Christopher Nolan,Comedy,2010,148,High,PG-13,4,2024-05-01
524,The Lord of the Rings: The Return of the King,New Line Cinema,Peter Jackson,Animation,2003,201,High,PG-13,4,2020-05-12
1081,The Shawshank Redemption,Castle Rock Entertainment,Frank Darabont,Thriller,1994,142,High,R,1,2015-09-09
2770,Schindler's List,Universal Pictures,Steven Spielberg,Animation,1993,195,High,R,1,2020-07-15
1691,Moonlight,A24,Barry Jenkins,Fantasy,2016,111,Medium,R,2,2022-01-16
1717,La La Land,Summit Entertainment,Damien Chazelle,Adventure,2016,128,High,PG-13,3,2023-02-16
2173,The Shawshank Redemption,Castle Rock Entertainment,Frank Darabont,Action,1994,142,High,R,2,2015-10-22
874,Fight Club,20th Century Fox,David Fincher,Action,1999,139,High,R,1,2019-08-10
1178,Se7en,New Line Cinema,David Fincher,Animation,1995,127,High,R,4,2024-03-20
2580,The Shawshank Redemption,Castle Rock Entertainment,Frank Darabont,Sci-Fi,1994,142,High,R,1,2022-02-26
777,The Silence of the Lambs,Orion Pictures,Jonathan Demme,Thriller,1991,118,Medium,R,1,2016-09-29
978,Pulp Fiction,Miramax,Quentin Tarantino,Crime,1994,154,High,R,4,2021-10-24
2563,Pulp Fiction,Miramax,Quentin Tarantino,Thriller,1994,154,High,R,3,2025-03-28
1895,The Lord of the Rings: The Return of the King,New Line Cinema,Peter Jackson,Crime,2003,201,High,PG-13,4,2024-07-03
923,Pulp Fiction,Miramax,Quentin Tarantino,Drama,1994,154,High,R,2,2016-08-26
935,Whiplash,Blumhouse Productions,Damien Chazelle,Crime,2014,107,Medium,R,5,2023-03-27
2186,Schindler's List,Universal Pictures,Steven Spielberg,Adventure,1993,195,High,R,2,2023-11-04
417,The Shawshank Redemption,Castle Rock Entertainment,Frank Darabont,Sci-Fi,1994,142,High,R,4,2025-03-22
2389,The Shawshank Redemption,Castle Rock Entertainment,Frank Darabont,Romance,1994,142,High,R,2,2020-03-03
678,The Godfather,Paramount Pictures,Francis Ford Coppola,Romance,1972,175,High,R,5,2018-08-07
2519,The Pianist,Focus Features,Roman Polanski,Adventure,2002,150,High,R,2,2025-03-04
2801,Pulp Fiction,Miramax,Quentin Tarantino,Comedy,1994,154,High,R,3,2018-05-19
2882,Inception,Warner Bros.,Christopher Nolan,Thriller,2010,148,High,PG-13,4,2023-08-07
476,Titanic,Paramount Pictures,James Cameron,Sci-Fi,1997,195,High,PG-13,5,2016-04-07
1746,The Shawshank Redemption,Castle Rock Entertainment,Frank Darabont,Thriller,1994,142,High,R,2,2015-07-09
1313,The Godfather,Paramount Pictures,Francis Ford Coppola,Romance,1972,175,High,R,5,2015-04-11
1368,Fight Club,20th Century Fox,David Fincher,Fantasy,1999,139,High,R,1,2024-06-06
2704,The Godfather,Paramount Pictures,Francis Ford Coppola,Adventure,1972,175,High,R,5,2022-07-27
684,Whiplash,Blumhouse Productions,Damien Chazelle,Drama,2014,107,Medium,R,4,2022-11-01
2498,Whiplash,Blumhouse Productions,Damien Chazelle,Animation,2014,107,Medium,R,4,2025-06-02
2819,The Shawshank Redemption,Castle Rock Entertainment,Frank Darabont,Adventure,1994,142,High,R,5,2016-02-06
965,The Shawshank Redemption,Castle Rock Entertainment,Frank Darabont,Comedy,1994,142,High,R,4,2025-09-11
2968,Forrest Gump,Paramount Pictures,Robert Zemeckis,Crime,1994,142,High,PG-13,4,2017-01-01
598,Up,Pixar,Pete Docter,Sci-Fi,2009,96,Medium,PG,1,2017-06-05
2193,The Shawshank Redemption,Castle Rock Entertainment,Frank Darabont,Animation,1994,142,High,R,3,2015-10-24
1412,Saving Private Ryan,DreamWorks/Amblin,Steven Spielberg,Action,1998,169,High,R,5,2018-08-01
2006,Schindler's List,Universal Pictures,Steven Spielberg,Romance,1993,195,High,R,5,2025-09-01
2340,Forrest Gump,Paramount Pictures,Robert Zemeckis,Thriller,1994,142,High,PG-13,4,2025-11-17
2372,The Shawshank Redemption,Castle Rock Entertainment,Frank Darabont,Adventure,1994,142,High,R,4,2024-07-24
2636,The Godfather,Paramount Pictures,Francis Ford Coppola,Adventure,1972,175,High,R,1,2021-04-30
2795,American Beauty,DreamWorks,Sam Mendes,Comedy,1999,122,High,R,4,2018-01-08
888,The Shawshank Redemption,Castle Rock Entertainment,Frank Darabont,Crime,1994,142,High,R,4,2022-07-29
2911,Heat,Warner Bros.,Michael Mann,Fantasy,1995,170,High,R,1,2017-06-13
2675,Inception,Warner Bros.,Christopher Nolan,Action,2010,148,High,PG-13,3,2019-05-29
657,Forrest Gump,Paramount Pictures,Robert Zemeckis,Sci-Fi,1994,142,High,PG-13,1,2016-02-28
657,The Dark Knight,Warner Bros.,Christopher Nolan,Animation,2008,152,High,PG-13,3,2023-03-11
176,The Shawshank Redemption,Castle Rock Entertainment,Frank Darabont,Drama,1994,142,High,R,1,2021-02-02
2082,The Dark Knight,Warner Bros.,Christopher Nolan,Thriller,2008,152,High,PG-13,1,2023-05-02
1036,Interstellar,Paramount Pictures,Christopher Nolan,Romance,2014,169,High,PG-13,2,2022-01-17
1911,Django Unchained,Columbia Pictures,Quentin Tarantino,Animation,2012,165,High,R,2,2020-09-25
1933,The Godfather,Paramount Pictures,Francis Ford Coppola,Action,1972,175,High,R,1,2015-06-11
341,The Empire Strikes Back,Lucasfilm,Irvin Kershner,Animation,1980,124,High,PG,5,2017-04-10
1749,The Shawshank Redemption,Castle Rock Entertainment,Frank Darabont,Fantasy,1994,142,High,R,2,2023-01-12
612,Spirited Away,Studio Ghibli,Hayao Miyazaki,Comedy,2001,125,High,PG,5,2018-11-30
263,The Shawshank Redemption,Castle Rock Entertainment,Frank Darabont,Fantasy,1994,142,High,R,2,2015-01-27
565,The Lord of the Rings: The Return of the King,New Line Cinema,Peter Jackson,Drama,2003,201,High,PG-13,5,2018-04-23
2793,Fight Club,20th Century Fox,David Fincher,Comedy,1999,139,High,R,1,2019-11-25
1761,Gladiator,DreamWorks Pictures,Ridley Scott,Fantasy,2000,155,High,R,5,2022-10-30
272,The Departed,Warner Bros.,Martin Scorsese,Thriller,2006,151,High,R,4,2018-08-29
375,The Shawshank Redemption,Castle Rock Entertainment,Frank Darabont,Adventure,1994,142,High,R,3,2018-09-21
1489,The Empire Strikes Back,Lucasfilm,Irvin Kershner,Drama,1980,124,High,PG,1,2025-09-24
2534,Moonlight,A24,Barry Jenkins,Drama,2016,111,Medium,R,5,2016-04-15
528,The Godfather,Paramount Pictures,Francis Ford Coppola,Animation,1972,175,High,R,3,2022-12-18
196,The Shawshank Redemption,Castle Rock Entertainment,Frank Darabont,Action,1994,142,High,R,2,2022-09-27
552,The Shawshank Redemption,Castle Rock Entertainment,Frank Darabont,Sci-Fi,1994,142,High,R,1,2020-01-25
2680,The Shawshank Redemption,Castle Rock Entertainment,Frank Darabont,Adventure,1994,142,High,R,1,2016-09-20
1113,Inception,Warner Bros.,Christopher Nolan,Drama,2010,148,High,PG-13,2,2022-07-05
1356,The Empire Strikes Back,Lucasfilm,Irvin Kershner,Comedy,1980,124,High,PG,2,2020-02-15
1781,American Beauty,DreamWorks,Sam Mendes,Romance,1999,122,High,R,1,2025-12-30
2483,The Departed,Warner Bros.,Martin Scorsese,Action,2006,151,High,R,5,2015-05-04
508,The Shawshank Redemption,Castle Rock Entertainment,Frank Darabont,Sci-Fi,1994,142,High,R,4,2017-06-24
2287,Pulp Fiction,Miramax,Quentin Tarantino,Sci-Fi,1994,154,High,R,5,2019-04-29
846,Forrest Gump,Paramount Pictures,Robert Zemeckis,Comedy,1994,142,High,PG-13,1,2017-10-15
1036,La La Land,Summit Entertainment,Damien Chazelle,Comedy,2016,128,High,PG-13,3,2018-02-14
1786,The Shawshank Redemption,Castle Rock Entertainment,Frank Darabont,Drama,1994,142,High,R,4,2016-02-12
126,The Dark Knight,Warner Bros.,Christopher Nolan,Romance,2008,152,High,PG-13,4,2015-01-18
1357,The Empire Strikes Back,Lucasfilm,Irvin Kershner,Comedy,1980,124,High,PG,3,2023-11-05
2687,Fight Club,20th Century Fox,David Fincher,Crime,1999,139,High,R,3,2023-03-05
2377,The Shawshank Redemption,Castle Rock Entertainment,Frank Darabont,Sci-Fi,1994,142,High,R,3,2016-08-07
2402,The King's Speech,The Weinstein Company,Tom Hooper,Action,2010,118,Medium,R,5,2015-01-15
25,The Shawshank Redemption,Castle Rock Entertainment,Frank Darabont,Crime,1994,142,High,R,1,2019-01-09
1671,The Godfather,Paramount Pictures,Francis Ford Coppola,Drama,1972,175,High,R,5,2025-10-24
2945,The Lord of the Rings: The Return of the King,New Line Cinema,Peter Jackson,Sci-Fi,2003,201,High,PG-13,1,2023-03-13
666,The Departed,Warner Bros.,Martin Scorsese,Crime,2006,151,High,R,3,2024-05-19
1002,Gladiator,DreamWorks Pictures,Ridley Scott,Adventure,2000,155,High,R,2,2022-10-30
197,Interstellar,Paramount Pictures,Christopher Nolan,Action,2014,169,High,PG-13,5,2025-06-28
2654,The Godfather,Paramount Pictures,Francis Ford Coppola,Animation,1972,175,High,R,2,2020-02-11
1111,Pulp Fiction,Miramax,Quentin Tarantino,Comedy,1994,154,High,R,2,2018-12-03
715,Goodfellas,Warner Bros.,Martin Scorsese,Comedy,1990,146,High,R,4,2019-07-16
192,The Pianist,Focus Features,Roman Polanski,Thriller,2002,150,High,R,5,2019-01-31
1351,The Departed,Warner Bros.,Martin Scorsese,Crime,2006,151,High,R,1,2025-04-04
2810,Whiplash,Blumhouse Productions,Damien Chazelle,Adventure,2014,107,Medium,R,3,2020-09-05
2885,Pulp Fiction,Miramax,Quentin Tarantino,Action,1994,154,High,R,4,2019-12-30
166,Fight Club,20th Century Fox,David Fincher,Animation,1999,139,High,R,2,2019-07-05
2407,The Shawshank Redemption,Castle Rock Entertainment,Frank Darabont,Fantasy,1994,142,High,R,3,2020-12-17
1470,The Shawshank Redemption,Castle Rock Entertainment,Frank Darabont,Thriller,1994,142,High,R,1,2017-11-09
2895,Saving Private Ryan,DreamWorks/Amblin,Steven Spielberg,Animation,1998,169,High,R,5,2015-01-29
2227,Se7en,New Line Cinema,David Fincher,Fantasy,1995,127,High,R,1,2024-05-20
2496,Pulp Fiction,Miramax,Quentin Tarantino,Comedy,1994,154,High,R,2,2016-12-30
2878,Django Unchained,Columbia Pictures,Quentin Tarantino,Thriller,2012,165,High,R,3,2025-09-26
742,The Godfather,Paramount Pictures,Francis Ford Coppola,Comedy,1972,175,High,R,3,2021-09-08
1815,The Shawshank Redemption,Castle Rock Entertainment,Frank Darabont,Adventure,1994,142,High,R,5,2019-07-25
362,The Godfather,Paramount Pictures,Francis Ford Coppola,Fantasy,1972,175,High,R,5,2021-10-23
2246,The Shawshank Redemption,Castle Rock Entertainment,Frank Darabont,Thriller,1994,142,High,R,4,2021-08-23
1687,The Godfather,Paramount Pictures,Francis Ford Coppola,Comedy,1972,175,High,R,3,2020-03-30
2797,WALL·E,Pixar,Andrew Stanton,Fantasy,2008,98,Medium,G,3,2018-08-24
2335,The Shawshank Redemption,Castle Rock Entertainment,Frank Darabont,Sci-Fi,1994,142,High,R,1,2021-02-28
1904,Spirited Away,Studio Ghibli,Hayao Miyazaki,Adventure,2001,125,High,PG,5,2021-05-25
1428,Joker,Warner Bros.,Todd Phillips,Drama,2019,122,High,R,1,2024-11-06
841,Schindler's List,Universal Pictures,Steven Spielberg,Action,1993,195,High,R,2,2016-04-21
1540,The Shawshank Redemption,Castle Rock Entertainment,Frank Darabont,Animation,1994,142,High,R,5,2023-09-17
1879,The Shawshank Redemption,Castle Rock Entertainment,Frank Darabont,Animation,1994,142,High,R,2,2018-01-20
2080,Pulp Fiction,Miramax,Quentin Tarantino,Crime,1994,154,High,R,2,2022-07-13
2956,The Silence of the Lambs,Orion Pictures,Jonathan Demme,Animation,1991,118,Medium,R,5,2021-12-03
434,The Godfather,Paramount Pictures,Francis Ford Coppola,Fantasy,1972,175,High,R,3,2019-05-19
2618,Goodfellas,Warner Bros.,Martin Scorsese,Thriller,1990,146,High,R,5,2021-10-11
431,Forrest Gump,Paramount Pictures,Robert Zemeckis,Romance,1994,142,High,PG-13,2,2020-03-25
200,The Silence of the Lambs,Orion Pictures,Jonathan Demme,Adventure,1991,118,Medium,R,4,2025-06-26
2773,Joker,Warner Bros.,Todd Phillips,Thriller,2019,122,High,R,2,2020-11-03
1445,Forrest Gump,Paramount Pictures,Robert Zemeckis,Animation,1994,142,High,PG-13,5,2022-08-03
2633,The Grand Budapest Hotel,Fox Searchlight,Wes Anderson,Action,2014,99,Medium,R,5,2019-02-06
1625,Up,Pixar,Pete Docter,Animation,2009,96,Medium,PG,5,2020-09-28
1058,Inception,Warner Bros.,Christopher Nolan,Crime,2010,148,High,PG-13,5,2023-09-02
2854,Whiplash,Blumhouse Productions,Damien Chazelle,Romance,2014,107,Medium,R,4,2019-06-10
17,The Godfather,Paramount Pictures,Francis Ford Coppola,Romance,1972,175,High,R,1,2022-03-27
2521,Forrest Gump,Paramount Pictures,Robert Zemeckis,Fantasy,1994,142,High,PG-13,5,2018-03-11
1134,The Matrix,Warner Bros.,Lana Wachowski,Romance,1999,136,High,R,3,2023-10-08
452,The Godfather,Paramount Pictures,Francis Ford Coppola,Comedy,1972,175,High,R,3,2018-02-09
2382,The Social Network,Columbia Pictures,David Fincher,Drama,2010,120,Medium,PG-13,4,2019-07-09
1580,Avengers: Endgame,Marvel Studios,Anthony Russo,Action,2019,181,High,PG-13,4,2016-07-08
952,The Silence of the Lambs,Orion Pictures,Jonathan Demme,Adventure,1991,118,Medium,R,3,2022-05-03
447,The Godfather,Paramount Pictures,Francis Ford Coppola,Fantasy,1972,175,High,R,3,2021-05-15
1397,Interstellar,Paramount Pictures,Christopher Nolan,Drama,2014,169,High,PG-13,3,2017-10-18
2504,The Matrix,Warner Bros.,Lana Wachowski,Animation,1999,136,High,R,2,2025-04-30
2483,Inception,Warner Bros.,Christopher Nolan,Romance,2010,148,High,PG-13,1,2020-03-07
2074,Gladiator,DreamWorks Pictures,Ridley Scott,Romance,2000,155,High,R,4,2019-01-30
914,La La Land,Summit Entertainment,Damien Chazelle,Fantasy,2016,128,High,PG-13,5,2023-06-25
2728,The Truman Show,Paramount Pictures,Peter Weir,Fantasy,1998,103,Medium,PG,3,2019-09-03
1954,The Usual Suspects,Gramercy Pictures,Bryan Singer,Animation,1995,106,Medium,R,1,2019-03-30
160,Inception,Warner Bros.,Christopher Nolan,Thriller,2010,148,High,PG-13,3,2022-08-05
2672,Forrest Gump,Paramount Pictures,Robert Zemeckis,Thriller,1994,142,High,PG-13,1,2019-12-19
1589,The Empire Strikes Back,Lucasfilm,Irvin Kershner,Fantasy,1980,124,High,PG,4,2025-09-26
105,The Shawshank Redemption,Castle Rock Entertainment,Frank Darabont,Thriller,1994,142,High,R,3,2022-05-17
2190,The Silence of the Lambs,Orion Pictures,Jonathan Demme,Drama,1991,118,Medium,R,4,2020-09-11
782,The Shawshank Redemption,Castle Rock Entertainment,Frank Darabont,Romance,1994,142,High,R,2,2016-08-31
56,The Shawshank Redemption,Castle Rock Entertainment,Frank Darabont,Animation,1994,142,High,R,3,2018-03-03
2408,The Godfather,Paramount Pictures,Francis Ford Coppola,Thriller,1972,175,High,R,4,2021-07-10
2794,The Lord of the Rings: The Return of the King,New Line Cinema,Peter Jackson,Action,2003,201,High,PG-13,5,2018-09-26
567,The Departed,Warner Bros.,Martin Scorsese,Action,2006,151,High,R,2,2015-12-23
650,Blade Runner 2049,Warner Bros.,Denis Villeneuve,Sci-Fi,2017,164,High,R,3,2017-03-12
487,Pulp Fiction,Miramax,Quentin Tarantino,Adventure,1994,154,High,R,3,2024-01-27
2434,The Godfather,Paramount Pictures,Francis Ford Coppola,Fantasy,1972,175,High,R,2,2017-12-11
525,Interstellar,Paramount Pictures,Christopher Nolan,Thriller,2014,169,High,PG-13,2,2025-11-11
1197,The Godfather,Paramount Pictures,Francis Ford Coppola,Fantasy,1972,175,High,R,4,2015-11-03
137,Pulp Fiction,Miramax,Quentin Tarantino,Romance,1994,154,High,R,3,2024-12-08
1412,The Matrix,Warner Bros.,Lana Wachowski,Adventure,1999,136,High,R,3,2019-02-16
168,Interstellar,Paramount Pictures,Christopher Nolan,Drama,2014,169,High,PG-13,2,2015-05-31
797,Pulp Fiction,Miramax,Quentin Tarantino,Fantasy,1994,154,High,R,3,2015-10-29
1477,Pulp Fiction,Miramax,Quentin Tarantino,Comedy,1994,154,High,R,3,2025-07-05
656,Fight Club,20th Century Fox,David Fincher,Fantasy,1999,139,High,R,4,2016-03-31
2715,The Shawshank Redemption,Castle Rock Entertainment,Frank Darabont,Romance,1994,142,High,R,2,2025-05-25
3000,The Matrix,Warner Bros.,Lana Wachowski,Action,1999,136,High,R,4,2022-08-04
122,Se7en,New Line Cinema,David Fincher,Drama,1995,127,High,R,4,2018-08-23
631,Pulp Fiction,Miramax,Quentin Tarantino,Sci-Fi,1994,154,High,R,1,2025-02-28
971,The Shawshank Redemption,Castle Rock Entertainment,Frank Darabont,Action,1994,142,High,R,5,2022-04-12
1213,Schindler's List,Universal Pictures,Steven Spielberg,Drama,1993,195,High,R,3,2019-05-01
2750,The Godfather,Paramount Pictures,Francis Ford Coppola,Animation,1972,175,High,R,3,2017-10-14
1327,The Shawshank Redemption,Castle Rock Entertainment,Frank Darabont,Comedy,1994,142,High,R,3,2019-02-23
210,American Beauty,DreamWorks,Sam Mendes,Adventure,1999,122,High,R,5,2018-09-25
1364,The Shawshank Redemption,Castle Rock Entertainment,Frank Darabont,Sci-Fi,1994,142,High,R,2,2022-11-30
2208,Pulp Fiction,Miramax,Quentin Tarantino,Fantasy,1994,154,High,R,4,2020-06-18
2647,The Lord of the Rings: The Return of the King,New Line Cinema,Peter Jackson,Comedy,2003,201,High,PG-13,2,2017-08-08
2963,The Shawshank Redemption,Castle Rock Entertainment,Frank Darabont,Sci-Fi,1994,142,High,R,2,2021-06-19
120,The Matrix,Warner Bros.,Lana Wachowski,Comedy,1999,136,High,R,4,2015-05-25
1545,Inception,Warner Bros.,Christopher Nolan,Thriller,2010,148,High,PG-13,4,2021-05-05
2306,Titanic,Paramount Pictures,James Cameron,Action,1997,195,High,PG-13,4,2024-12-23
2312,The Shawshank Redemption,Castle Rock Entertainment,Frank Darabont,Action,1994,142,High,R,2,2015-09-12
427,Pulp Fiction,Miramax,Quentin Tarantino,Adventure,1994,154,High,R,1,2019-06-29
2636,Pulp Fiction,Miramax,Quentin Tarantino,Romance,1994,154,High,R,1,2019-11-04
2955,The Pianist,Focus Features,Roman Polanski,Fantasy,2002,150,High,R,1,2025-04-16
159,The Shawshank Redemption,Castle Rock Entertainment,Frank Darabont,Adventure,1994,142,High,R,1,2016-12-08
1268,The Shawshank Redemption,Castle Rock Entertainment,Frank Darabont,Romance,1994,142,High,R,2,2017-11-01
1949,The Lord of the Rings: The Return of the King,New Line Cinema,Peter Jackson,Fantasy,2003,201,High,PG-13,4,2021-09-20
2983,No Country for Old Men,Mirage Enterprises,Ethan Coen,Crime,2007,122,High,R,4,2017-01-16
2811,The Shawshank Redemption,Castle Rock Entertainment,Frank Darabont,Thriller,1994,142,High,R,2,2023-06-20
2443,The Lion King,Walt Disney Pictures,Roger Allers,Romance,1994,88,Low,G,1,2023-04-22
461,The Shawshank Redemption,Castle Rock Entertainment,Frank Darabont,Sci-Fi,1994,142,High,R,5,2016-08-23
1968,The Shawshank Redemption,Castle Rock Entertainment,Frank Darabont,Adventure,1994,142,High,R,2,2015-04-12
228,The Shawshank Redemption,Castle Rock Entertainment,Frank Darabont,Action,1994,142,High,R,4,2015-06-22
956,No Country for Old Men,Mirage Enterprises,Ethan Coen,Action,2007,122,High,R,2,2020-09-23
1860,Schindler's List,Universal Pictures,Steven Spielberg,Fantasy,1993,195,High,R,3,2017-01-14
2293,Whiplash,Blumhouse Productions,Damien Chazelle,Adventure,2014,107,Medium,R,3,2021-12-16
1823,The Godfather,Paramount Pictures,Francis Ford Coppola,Animation,1972,175,High,R,5,2024-12-20
1640,The Prestige,Warner Bros.,Christopher Nolan,Animation,2006,130,High,PG-13,2,2015-09-12
2842,The Shawshank Redemption,Castle Rock Entertainment,Frank Darabont,Action,1994,142,High,R,5,2024-04-25
686,Goodfellas,Warner Bros.,Martin Scorsese,Drama,1990,146,High,R,1,2025-12-31
1193,Pulp Fiction,Miramax,Quentin Tarantino,Romance,1994,154,High,R,5,2015-08-06
2375,The Godfather,Paramount Pictures,Francis Ford Coppola,Sci-Fi,1972,175,High,R,3,2020-08-23
54,The Godfather,Paramount Pictures,Francis Ford Coppola,Comedy,1972,175,High,R,4,2019-07-31
1748,The Social Network,Columbia Pictures,David Fincher,Sci-Fi,2010,120,Medium,PG-13,1,2022-04-03
2846,Moonlight,A24,Barry Jenkins,Comedy,2016,111,Medium,R,4,2016-09-29
1889,The Silence of the Lambs,Orion Pictures,Jonathan Demme,Adventure,1991,118,Medium,R,2,2019-01-21
1027,The Shawshank Redemption,Castle Rock Entertainment,Frank Darabont,Animation,1994,142,High,R,4,2022-10-17
58,Forrest Gump,Paramount Pictures,Robert Zemeckis,Animation,1994,142,High,PG-13,5,2017-12-04
1303,Pulp Fiction,Miramax,Quentin Tarantino,Romance,1994,154,High,R,3,2019-09-03
354,Forrest Gump,Paramount Pictures,Robert Zemeckis,Fantasy,1994,142,High,PG-13,1,2019-11-13
2485,The Shawshank Redemption,Castle Rock Entertainment,Frank Darabont,Romance,1994,142,High,R,5,2020-08-10
636,Pulp Fiction,Miramax,Quentin Tarantino,Action,1994,154,High,R,5,2018-06-08
2100,The Dark Knight,Warner Bros.,Christopher Nolan,Drama,2008,152,High,PG-13,5,2016-07-12
2948,Saving Private Ryan,DreamWorks/Amblin,Steven Spielberg,Action,1998,169,High,R,4,2022-09-15
1793,The Shawshank Redemption,Castle Rock Entertainment,Frank Darabont,Sci-Fi,1994,142,High,R,3,2016-05-04
2019,The Shawshank Redemption,Castle Rock Entertainment,Frank Darabont,Adventure,1994,142,High,R,2,2024-09-15
1371,The Shawshank Redemption,Castle Rock Entertainment,Frank Darabont,Animation,1994,142,High,R,4,2015-05-17
44,The Dark Knight,Warner Bros.,Christopher Nolan,Sci-Fi,2008,152,High,PG-13,5,2020-10-11
1252,The Prestige,Warner Bros.,Christopher Nolan,Crime,2006,130,High,PG-13,4,2019-03-29
263,The Avengers,Marvel Studios,Joss Whedon,Romance,2012,143,High,PG-13,3,2022-02-17
505,The Shawshank Redemption,Castle Rock Entertainment,Frank Darabont,Romance,1994,142,High,R,5,2017-02-20
2805,The Grand Budapest Hotel,Fox Searchlight,Wes Anderson,Comedy,2014,99,Medium,R,2,2021-03-30
1634,The Dark Knight,Warner Bros.,Christopher Nolan,Adventure,2008,152,High,PG-13,3,2015-12-07
351,The Prestige,Warner Bros.,Christopher Nolan,Crime,2006,130,High,PG-13,5,2021-10-09
81,Inside Out,Pixar,Pete Docter,Animation,2015,95,Medium,PG,3,2021-03-28
5,Inception,Warner Bros.,Christopher Nolan,Drama,2010,148,High,PG-13,1,2020-04-14
421,Interstellar,Paramount Pictures,Christopher Nolan,Sci-Fi,2014,169,High,PG-13,4,2024-10-12
2658,The Dark Knight,Warner Bros.,Christopher Nolan,Drama,2008,152,High,PG-13,4,2020-03-29
1169,The Shawshank Redemption,Castle Rock Entertainment,Frank Darabont,Drama,1994,142,High,R,4,2024-04-10
2245,The Shawshank Redemption,Castle Rock Entertainment,Frank Darabont,Thriller,1994,142,High,R,2,2019-10-06
1856,The Matrix,Warner Bros.,Lana Wachowski,Fantasy,1999,136,High,R,5,2019-04-03
2744,Interstellar,Paramount Pictures,Christopher Nolan,Comedy,2014,169,High,PG-13,4,2015-12-07
2338,The Shawshank Redemption,Castle Rock Entertainment,Frank Darabont,Crime,1994,142,High,R,1,2015-05-24
435,Blade Runner 2049,Warner Bros.,Denis Villeneuve,Drama,2017,164,High,R,4,2015-07-28
724,Forrest Gump,Paramount Pictures,Robert Zemeckis,Adventure,1994,142,High,PG-13,1,2023-02-23
2725,The Shawshank Redemption,Castle Rock Entertainment,Frank Darabont,Drama,1994,142,High,R,2,2018-11-26
2568,The Godfather,Paramount Pictures,Francis Ford Coppola,Fantasy,1972,175,High,R,2,2022-09-11
336,The Godfather,Paramount Pictures,Francis Ford Coppola,Romance,1972,175,High,R,2,2015-05-15
1928,The Shawshank Redemption,Castle Rock Entertainment,Frank Darabont,Action,1994,142,High,R,5,2025-02-08
1102,The Dark Knight,Warner Bros.,Christopher Nolan,Romance,2008,152,High,PG-13,5,2020-04-22
2455,Schindler's List,Universal Pictures,Steven Spielberg,Adventure,1993,195,High,R,2,2024-09-25
1267,Pulp Fiction,Miramax,Quentin Tarantino,Romance,1994,154,High,R,4,2023-05-23
1572,The Godfather,Paramount Pictures,Francis Ford Coppola,Action,1972,175,High,R,3,2016-09-11
2657,Schindler's List,Universal Pictures,Steven Spielberg,Romance,1993,195,High,R,3,2022-07-03
1165,The Shawshank Redemption,Castle Rock Entertainment,Frank Darabont,Comedy,1994,142,High,R,1,2019-07-15
162,The Shawshank Redemption,Castle Rock Entertainment,Frank Darabont,Thriller,1994,142,High,R,4,2018-04-09
769,The Pianist,Focus Features,Roman Polanski,Adventure,2002,150,High,R,1,2025-02-05
1820,The Godfather,Paramount Pictures,Francis Ford Coppola,Romance,1972,175,High,R,2,2024-09-26
2813,The Prestige,Warner Bros.,Christopher Nolan,Sci-Fi,2006,130,High,PG-13,5,2023-08-26
2770,The Lord of the Rings: The Return of the King,New Line Cinema,Peter Jackson,Sci-Fi,2003,201,High,PG-13,5,2016-04-16
1407,There Will Be Blood,Paramount Vantage,Paul Thomas Anderson,Drama,2007,158,High,R,5,2018-08-04
2453,Forrest Gump,Paramount Pictures,Robert Zemeckis,Crime,1994,142,High,PG-13,4,2018-05-18
2521,Schindler's List,Universal Pictures,Steven Spielberg,Adventure,1993,195,High,R,5,2018-05-06
1127,Titanic,Paramount Pictures,James Cameron,Animation,1997,195,High,PG-13,5,2015-11-19
239,The Godfather,Paramount Pictures,Francis Ford Coppola,Romance,1972,175,High,R,1,2020-10-12
701,The Shawshank Redemption,Castle Rock Entertainment,Frank Darabont,Adventure,1994,142,High,R,5,2019-06-30
1047,The Godfather,Paramount Pictures,Francis Ford Coppola,Drama,1972,175,High,R,3,2019-12-25
2366,The Godfather,Paramount Pictures,Francis Ford Coppola,Drama,1972,175,High,R,5,2021-12-03
1532,Fight Club,20th Century Fox,David Fincher,Thriller,1999,139,High,R,2,2017-11-24
1808,The Departed,Warner Bros.,Martin Scorsese,Adventure,2006,151,High,R,2,2025-12-03
478,Goodfellas,Warner Bros.,Martin Scorsese,Crime,1990,146,High,R,1,2025-02-08
2839,The Shawshank Redemption,Castle Rock Entertainment,Frank Darabont,Drama,1994,142,High,R,5,2019-03-04
2775,Mad Max: Fury Road,Warner Bros.,George Miller,Animation,2015,120,Medium,R,3,2019-08-08
2738,Pulp Fiction,Miramax,Quentin Tarantino,Animation,1994,154,High,R,5,2021-03-18
680,Django Unchained,Columbia Pictures,Quentin Tarantino,Adventure,2012,165,High,R,5,2017-06-29
483,The Shawshank Redemption,Castle Rock Entertainment,Frank Darabont,Adventure,1994,142,High,R,5,2019-08-15
2700,Forrest Gump,Paramount Pictures,Robert Zemeckis,Thriller,1994,142,High,PG-13,1,2024-03-07
2179,Pulp Fiction,Miramax,Quentin Tarantino,Thriller,1994,154,High,R,3,2022-10-10
2690,The Shawshank Redemption,Castle Rock Entertainment,Frank Darabont,Drama,1994,142,High,R,2,2016-08-28
2524,La La Land,Summit Entertainment,Damien Chazelle,Comedy,2016,128,High,PG-13,2,2018-11-18
1372,WALL·E,Pixar,Andrew Stanton,Fantasy,2008,98,Medium,G,2,2015-02-05
672,The Social Network,Columbia Pictures,David Fincher,Comedy,2010,120,Medium,PG-13,5,2024-04-07
2245,The Lion King,Walt Disney Pictures,Roger Allers,Animation,1994,88,Low,G,4,2025-05-02
264,Mad Max: Fury Road,Warner Bros.,George Miller,Romance,2015,120,Medium,R,2,2025-11-10
2798,La La Land,Summit Entertainment,Damien Chazelle,Comedy,2016,128,High,PG-13,4,2025-11-24
1250,The Godfather,Paramount Pictures,Francis Ford Coppola,Animation,1972,175,High,R,3,2020-01-05
1016,The Dark Knight,Warner Bros.,Christopher Nolan,Comedy,2008,152,High,PG-13,2,2021-07-19
2244,"Crouching Tiger, Hidden Dragon",Sony Pictures Classics,Ang Lee,Crime,2000,120,Medium,PG-13,4,2023-02-01
1075,The Truman Show,Paramount Pictures,Peter Weir,Fantasy,1998,103,Medium,PG,2,2015-11-27
1377,Pulp Fiction,Miramax,Quentin Tarantino,Fantasy,1994,154,High,R,2,2020-08-06
591,Inception,Warner Bros.,Christopher Nolan,Comedy,2010,148,High,PG-13,3,2023-12-24
1753,The Lord of the Rings: The Return of the King,New Line Cinema,Peter Jackson,Action,2003,201,High,PG-13,4,2020-01-01
2535,The Lord of the Rings: The Return of the King,New Line Cinema,Peter Jackson,Animation,2003,201,High,PG-13,5,2022-04-12
1928,Pulp Fiction,Miramax,Quentin Tarantino,Animation,1994,154,High,R,5,2020-03-03
1057,The Godfather,Paramount Pictures,Francis Ford Coppola,Comedy,1972,175,High,R,3,2020-10-01
1138,The Grand Budapest Hotel,Fox Searchlight,Wes Anderson,Comedy,2014,99,Medium,R,1,2017-08-23
2381,The Shawshank Redemption,Castle Rock Entertainment,Frank Darabont,Romance,1994,142,High,R,2,2023-02-05
14,Heat,Warner Bros.,Michael Mann,Thriller,1995,170,High,R,4,2024-12-26
2849,Interstellar,Paramount Pictures,Christopher Nolan,Romance,2014,169,High,PG-13,4,2017-01-15
1029,Pulp Fiction,Miramax,Quentin Tarantino,Crime,1994,154,High,R,5,2017-05-05
112,The Dark Knight,Warner Bros.,Christopher Nolan,Thriller,2008,152,High,PG-13,5,2021-10-05
1207,The Shawshank Redemption,Castle Rock Entertainment,Frank Darabont,Comedy,1994,142,High,R,5,2018-03-18
2741,Forrest Gump,Paramount Pictures,Robert Zemeckis,Thriller,1994,142,High,PG-13,4,2023-01-23
1678,The Dark Knight,Warner Bros.,Christopher Nolan,Crime,2008,152,High,PG-13,1,2019-01-15
542,Fight Club,20th Century Fox,David Fincher,Sci-Fi,1999,139,High,R,2,2022-11-28
1907,Interstellar,Paramount Pictures,Christopher Nolan,Thriller,2014,169,High,PG-13,1,2025-11-01
1034,The Shawshank Redemption,Castle Rock Entertainment,Frank Darabont,Sci-Fi,1994,142,High,R,3,2021-11-17
1552,Inception,Warner Bros.,Christopher Nolan,Adventure,2010,148,High,PG-13,2,2016-02-23
1227,The Shawshank Redemption,Castle Rock Entertainment,Frank Darabont,Action,1994,142,High,R,4,2022-02-16
1803,The Godfather,Paramount Pictures,Francis Ford Coppola,Drama,1972,175,High,R,2,2024-05-21
2200,Toy Story,Pixar,John Lasseter,Action,1995,81,Low,G,4,2015-10-04
1871,Pulp Fiction,Miramax,Quentin Tarantino,Action,1994,154,High,R,3,2018-05-06
257,The Green Mile,Castle Rock Entertainment,Frank Darabont,Adventure,1999,189,High,R,4,2017-02-09
314,Saving Private Ryan,DreamWorks/Amblin,Steven Spielberg,Crime,1998,169,High,R,2,2022-01-06
762,The Shawshank Redemption,Castle Rock Entertainment,Frank Darabont,Drama,1994,142,High,R,4,2021-02-08
195,Fight Club,20th Century Fox,David Fincher,Fantasy,1999,139,High,R,5,2023-07-03
2855,Avengers: Endgame,Marvel Studios,Anthony Russo,Sci-Fi,2019,181,High,PG-13,1,2018-07-30
2092,The Grand Budapest Hotel,Fox Searchlight,Wes Anderson,Adventure,2014,99,Medium,R,5,2024-08-30
1449,The Godfather,Paramount Pictures,Francis Ford Coppola,Sci-Fi,1972,175,High,R,4,2017-08-06
118,Pulp Fiction,Miramax,Quentin Tarantino,Comedy,1994,154,High,R,1,2020-11-11
1387,The Shawshank Redemption,Castle Rock Entertainment,Frank Darabont,Animation,1994,142,High,R,5,2016-12-21
2214,The Shawshank Redemption,Castle Rock Entertainment,Frank Darabont,Action,1994,142,High,R,5,2022-11-27
1295,The Dark Knight,Warner Bros.,Christopher Nolan,Romance,2008,152,High,PG-13,1,2025-03-21
2414,Back to the Future,Universal Pictures,Robert Zemeckis,Romance,1985,116,Medium,PG,3,2019-05-17
1271,The Truman Show,Paramount Pictures,Peter Weir,Romance,1998,103,Medium,PG,5,2023-07-15
2182,The Shawshank Redemption,Castle Rock Entertainment,Frank Darabont,Animation,1994,142,High,R,2,2022-10-08
632,Heat,Warner Bros.,Michael Mann,Fantasy,1995,170,High,R,1,2018-09-06
2763,The Shawshank Redemption,Castle Rock Entertainment,Frank Darabont,Crime,1994,142,High,R,2,2024-06-01
1886,The Shawshank Redemption,Castle Rock Entertainment,Frank Darabont,Romance,1994,142,High,R,5,2021-03-25
653,The Shawshank Redemption,Castle Rock Entertainment,Frank Darabont,Action,1994,142,High,R,2,2023-05-13
1564,The Truman Show,Paramount Pictures,Peter Weir,Thriller,1998,103,Medium,PG,4,2025-08-05
1813,Inception,Warner Bros.,Christopher Nolan,Comedy,2010,148,High,PG-13,2,2023-11-01
558,Blade Runner 2049,Warner Bros.,Denis Villeneuve,Fantasy,2017,164,High,R,5,2019-05-14
1931,Pulp Fiction,Miramax,Quentin Tarantino,Animation,1994,154,High,R,3,2017-02-01
2959,The Shawshank Redemption,Castle Rock Entertainment,Frank Darabont,Fantasy,1994,142,High,R,4,2015-04-30
1979,The Godfather,Paramount Pictures,Francis Ford Coppola,Drama,1972,175,High,R,5,2025-03-27
328,Pulp Fiction,Miramax,Quentin Tarantino,Thriller,1994,154,High,R,3,2019-11-28
2728,Blade Runner,Warner Bros.,Ridley Scott,Drama,1982,117,Medium,R,4,2017-01-15
2594,Inception,Warner Bros.,Christopher Nolan,Thriller,2010,148,High,PG-13,3,2022-02-25
1402,The Dark Knight,Warner Bros.,Christopher Nolan,Adventure,2008,152,High,PG-13,4,2017-09-21
2664,Moonlight,A24,Barry Jenkins,Action,2016,111,Medium,R,2,2025-09-12
2924,The Shawshank Redemption,Castle Rock Entertainment,Frank Darabont,Fantasy,1994,142,High,R,4,2022-03-24
873,The Departed,Warner Bros.,Martin Scorsese,Drama,2006,151,High,R,3,2018-09-16
895,The Dark Knight,Warner Bros.,Christopher Nolan,Adventure,2008,152,High,PG-13,5,2020-04-08
2606,The Shawshank Redemption,Castle Rock Entertainment,Frank Darabont,Action,1994,142,High,R,4,2017-06-22
1411,The Empire Strikes Back,Lucasfilm,Irvin Kershner,Action,1980,124,High,PG,2,2021-03-05
2905,American Beauty,DreamWorks,Sam Mendes,Fantasy,1999,122,High,R,1,2018-07-02
2978,The Shawshank Redemption,Castle Rock Entertainment,Frank Darabont,Comedy,1994,142,High,R,1,2023-07-24
1190,WALL·E,Pixar,Andrew Stanton,Adventure,2008,98,Medium,G,3,2018-10-15
2869,Avengers: Endgame,Marvel Studios,Anthony Russo,Animation,2019,181,High,PG-13,5,2023-02-23
1877,The Empire Strikes Back,Lucasfilm,Irvin Kershner,Romance,1980,124,High,PG,4,2025-01-03
1703,Schindler's List,Universal Pictures,Steven Spielberg,Comedy,1993,195,High,R,1,2016-03-01
284,Forrest Gump,Paramount Pictures,Robert Zemeckis,Animation,1994,142,High,PG-13,5,2024-07-29
1170,The Dark Knight,Warner Bros.,Christopher Nolan,Romance,2008,152,High,PG-13,4,2022-02-24
1602,The Dark Knight,Warner Bros.,Christopher Nolan,Fantasy,2008,152,High,PG-13,2,2020-12-01
42,Parasite,CJ Entertainment,Bong Joon-ho,Adventure,2019,132,High,R,4,2021-10-29
1084,The Godfather,Paramount Pictures,Francis Ford Coppola,Comedy,1972,175,High,R,5,2022-07-12
935,Goodfellas,Warner Bros.,Martin Scorsese,Sci-Fi,1990,146,High,R,4,2023-05-15
289,The Shawshank Redemption,Castle Rock Entertainment,Frank Darabont,Action,1994,142,High,R,5,2024-07-05
2467,Up,Pixar,Pete Docter,Action,2009,96,Medium,PG,3,2021-02-07
2825,The Godfather,Paramount Pictures,Francis Ford Coppola,Animation,1972,175,High,R,4,2025-04-18
663,Pulp Fiction,Miramax,Quentin Tarantino,Drama,1994,154,High,R,4,2024-12-29
1282,The Godfather,Paramount Pictures,Francis Ford Coppola,Romance,1972,175,High,R,3,2025-07-17
654,The Matrix,Warner Bros.,Lana Wachowski,Romance,1999,136,High,R,3,2025-10-02
99,Pulp Fiction,Miramax,Quentin Tarantino,Drama,1994,154,High,R,4,2019-08-17
243,The Silence of the Lambs,Orion Pictures,Jonathan Demme,Romance,1991,118,Medium,R,3,2017-04-25
1004,The Shawshank Redemption,Castle Rock Entertainment,Frank Darabont,Drama,1994,142,High,R,2,2024-08-21
2955,The Matrix,Warner Bros.,Lana Wachowski,Drama,1999,136,High,R,1,2017-09-15
1540,The King's Speech,The Weinstein Company,Tom Hooper,Fantasy,2010,118,Medium,R,1,2024-09-21
1738,The Shawshank Redemption,Castle Rock Entertainment,Frank Darabont,Thriller,1994,142,High,R,2,2018-12-28
2246,Fight Club,20th Century Fox,David Fincher,Drama,1999,139,High,R,3,2024-12-28
2760,Whiplash,Blumhouse Productions,Damien Chazelle,Crime,2014,107,Medium,R,1,2021-01-24
895,The Shawshank Redemption,Castle Rock Entertainment,Frank Darabont,Crime,1994,142,High,R,3,2024-03-07
1654,The Shawshank Redemption,Castle Rock Entertainment,Frank Darabont,Comedy,1994,142,High,R,2,2018-08-28
679,Pulp Fiction,Miramax,Quentin Tarantino,Action,1994,154,High,R,4,2020-07-04
1561,Inception,Warner Bros.,Christopher Nolan,Fantasy,2010,148,High,PG-13,1,2018-07-29
1896,The Dark Knight,Warner Bros.,Christopher Nolan,Sci-Fi,2008,152,High,PG-13,5,2019-02-16
2027,Interstellar,Paramount Pictures,Christopher Nolan,Romance,2014,169,High,PG-13,3,2018-12-18
1520,The Dark Knight,Warner Bros.,Christopher Nolan,Adventure,2008,152,High,PG-13,5,2021-05-23
2657,Inside Out,Pixar,Pete Docter,Drama,2015,95,Medium,PG,3,2018-08-20
2909,The Godfather,Paramount Pictures,Francis Ford Coppola,Sci-Fi,1972,175,High,R,2,2021-04-25
2106,The Silence of the Lambs,Orion Pictures,Jonathan Demme,Fantasy,1991,118,Medium,R,1,2018-05-15
919,The Dark Knight,Warner Bros.,Christopher Nolan,Comedy,2008,152,High,PG-13,1,2021-04-09
2715,The Lord of the Rings: The Return of the King,New Line Cinema,Peter Jackson,Action,2003,201,High,PG-13,3,2016-06-20
1857,No Country for Old Men,Mirage Enterprises,Ethan Coen,Action,2007,122,High,R,1,2025-07-27
305,No Country for Old Men,Mirage Enterprises,Ethan Coen,Animation,2007,122,High,R,5,2016-11-02
275,The Dark Knight,Warner Bros.,Christopher Nolan,Adventure,2008,152,High,PG-13,1,2024-10-18
1533,The Lord of the Rings: The Return of the King,New Line Cinema,Peter Jackson,Action,2003,201,High,PG-13,1,2018-05-11
246,Forrest Gump,Paramount Pictures,Robert Zemeckis,Comedy,1994,142,High,PG-13,3,2016-09-02
2584,Saving Private Ryan,DreamWorks/Amblin,Steven Spielberg,Drama,1998,169,High,R,2,2020-04-23
830,The Dark Knight,Warner Bros.,Christopher Nolan,Romance,2008,152,High,PG-13,3,2020-03-12
233,The Shawshank Redemption,Castle Rock Entertainment,Frank Darabont,Animation,1994,142,High,R,2,2018-05-14
2964,The Shawshank Redemption,Castle Rock Entertainment,Frank Darabont,Adventure,1994,142,High,R,2,2016-12-06
1171,The Pianist,Focus Features,Roman Polanski,Action,2002,150,High,R,3,2024-11-05
1788,The Shawshank Redemption,Castle Rock Entertainment,Frank Darabont,Action,1994,142,High,R,5,2017-03-31
370,The Godfather,Paramount Pictures,Francis Ford Coppola,Drama,1972,175,High,R,5,2017-10-23
159,The Shawshank Redemption,Castle Rock Entertainment,Frank Darabont,Crime,1994,142,High,R,5,2025-02-08
2342,The Dark Knight,Warner Bros.,Christopher Nolan,Action,2008,152,High,PG-13,3,2020-05-12
111,The Godfather,Paramount Pictures,Francis Ford Coppola,Romance,1972,175,High,R,1,2022-12-07
1036,The Godfather,Paramount Pictures,Francis Ford Coppola,Fantasy,1972,175,High,R,5,2025-03-29
1239,The Shawshank Redemption,Castle Rock Entertainment,Frank Darabont,Thriller,1994,142,High,R,2,2018-08-23
2435,Pulp Fiction,Miramax,Quentin Tarantino,Crime,1994,154,High,R,5,2025-02-03
1240,The Shawshank Redemption,Castle Rock Entertainment,Frank Darabont,Crime,1994,142,High,R,2,2023-12-21
2058,Goodfellas,Warner Bros.,Martin Scorsese,Thriller,1990,146,High,R,3,2023-12-26
878,Gladiator,DreamWorks Pictures,Ridley Scott,Fantasy,2000,155,High,R,1,2017-04-07
721,The Matrix,Warner Bros.,Lana Wachowski,Romance,1999,136,High,R,4,2022-10-05
358,No Country for Old Men,Mirage Enterprises,Ethan Coen,Sci-Fi,2007,122,High,R,5,2019-08-31
527,The Shawshank Redemption,Castle Rock Entertainment,Frank Darabont,Thriller,1994,142,High,R,3,2024-03-10
678,The Shawshank Redemption,Castle Rock Entertainment,Frank Darabont,Crime,1994,142,High,R,2,2015-04-17
917,The Lord of the Rings: The Return of the King,New Line Cinema,Peter Jackson,Thriller,2003,201,High,PG-13,5,2015-12-09
1251,The Shawshank Redemption,Castle Rock Entertainment,Frank Darabont,Comedy,1994,142,High,R,5,2024-08-20
2468,Fight Club,20th Century Fox,David Fincher,Action,1999,139,High,R,5,2020-11-23
288,The Shawshank Redemption,Castle Rock Entertainment,Frank Darabont,Animation,1994,142,High,R,5,2022-12-23
1477,The Matrix,Warner Bros.,Lana Wachowski,Sci-Fi,1999,136,High,R,3,2024-01-29
2770,The Shawshank Redemption,Castle Rock Entertainment,Frank Darabont,Crime,1994,142,High,R,5,2016-03-17
632,The Matrix,Warner Bros.,Lana Wachowski,Romance,1999,136,High,R,1,2020-10-02
1608,The Shawshank Redemption,Castle Rock Entertainment,Frank Darabont,Thriller,1994,142,High,R,2,2018-08-07
621,Up,Pixar,Pete Docter,Thriller,2009,96,Medium,PG,1,2019-12-17
221,The Godfather,Paramount Pictures,Francis Ford Coppola,Sci-Fi,1972,175,High,R,4,2020-06-26
47,Django Unchained,Columbia Pictures,Quentin Tarantino,Crime,2012,165,High,R,4,2015-12-15
2307,La La Land,Summit Entertainment,Damien Chazelle,Thriller,2016,128,High,PG-13,5,2025-02-11
1963,The Shawshank Redemption,Castle Rock Entertainment,Frank Darabont,Crime,1994,142,High,R,5,2023-11-23
980,The Godfather,Paramount Pictures,Francis Ford Coppola,Adventure,1972,175,High,R,1,2016-04-03
1020,Titanic,Paramount Pictures,James Cameron,Action,1997,195,High,PG-13,1,2023-07-25
1761,The Godfather,Paramount Pictures,Francis Ford Coppola,Comedy,1972,175,High,R,5,2019-02-15
2127,The Shawshank Redemption,Castle Rock Entertainment,Frank Darabont,Fantasy,1994,142,High,R,1,2017-11-14
2931,Forrest Gump,Paramount Pictures,Robert Zemeckis,Sci-Fi,1994,142,High,PG-13,3,2015-08-26
2898,Forrest Gump,Paramount Pictures,Robert Zemeckis,Adventure,1994,142,High,PG-13,2,2019-01-06
309,La La Land,Summit Entertainment,Damien Chazelle,Fantasy,2016,128,High,PG-13,2,2017-07-15
107,The Lion King,Walt Disney Pictures,Roger Allers,Thriller,1994,88,Low,G,1,2019-06-04
315,Back to the Future,Universal Pictures,Robert Zemeckis,Fantasy,1985,116,Medium,PG,5,2023-03-02
2827,The Shawshank Redemption,Castle Rock Entertainment,Frank Darabont,Drama,1994,142,High,R,3,2023-08-23
2349,Se7en,New Line Cinema,David Fincher,Drama,1995,127,High,R,2,2023-07-09
1635,The Lord of the Rings: The Return of the King,New Line Cinema,Peter Jackson,Thriller,2003,201,High,PG-13,1,2019-10-05
2433,The Green Mile,Castle Rock Entertainment,Frank Darabont,Drama,1999,189,High,R,1,2018-11-15
1626,The Lord of the Rings: The Return of the King,New Line Cinema,Peter Jackson,Sci-Fi,2003,201,High,PG-13,5,2024-09-03
2932,The Dark Knight,Warner Bros.,Christopher Nolan,Romance,2008,152,High,PG-13,2,2024-08-28
1890,The Shawshank Redemption,Castle Rock Entertainment,Frank Darabont,Thriller,1994,142,High,R,2,2022-09-27
2791,The Shawshank Redemption,Castle Rock Entertainment,Frank Darabont,Fantasy,1994,142,High,R,1,2023-04-29
2030,The Godfather,Paramount Pictures,Francis Ford Coppola,Drama,1972,175,High,R,1,2021-07-03
199,Mad Max: Fury Road,Warner Bros.,George Miller,Crime,2015,120,Medium,R,3,2022-05-10
886,Fight Club,20th Century Fox,David Fincher,Thriller,1999,139,High,R,2,2017-01-17
2190,The Godfather,Paramount Pictures,Francis Ford Coppola,Drama,1972,175,High,R,4,2018-10-14
2851,Whiplash,Blumhouse Productions,Damien Chazelle,Comedy,2014,107,Medium,R,3,2024-11-20
2553,Inception,Warner Bros.,Christopher Nolan,Animation,2010,148,High,PG-13,5,2017-02-28
1373,The Green Mile,Castle Rock Entertainment,Frank Darabont,Action,1999,189,High,R,2,2020-04-01
764,The Matrix,Warner Bros.,Lana Wachowski,Drama,1999,136,High,R,5,2020-07-11
2837,The Shawshank Redemption,Castle Rock Entertainment,Frank Darabont,Adventure,1994,142,High,R,5,2024-05-27
1384,The Shawshank Redemption,Castle Rock Entertainment,Frank Darabont,Adventure,1994,142,High,R,5,2025-08-08
462,Goodfellas,Warner Bros.,Martin Scorsese,Adventure,1990,146,High,R,3,2024-10-04
1724,The Shawshank Redemption,Castle Rock Entertainment,Frank Darabont,Crime,1994,142,High,R,5,2025-09-15
677,Whiplash,Blumhouse Productions,Damien Chazelle,Thriller,2014,107,Medium,R,3,2020-10-28
2223,Whiplash,Blumhouse Productions,Damien Chazelle,Thriller,2014,107,Medium,R,4,2020-07-23
2004,Fight Club,20th Century Fox,David Fincher,Thriller,1999,139,High,R,5,2022-12-19
986,The Shawshank Redemption,Castle Rock Entertainment,Frank Darabont,Romance,1994,142,High,R,2,2016-08-18
965,Inception,Warner Bros.,Christopher Nolan,Drama,2010,148,High,PG-13,3,2022-10-17
1275,Pulp Fiction,Miramax,Quentin Tarantino,Fantasy,1994,154,High,R,3,2020-10-26
1965,Pulp Fiction,Miramax,Quentin Tarantino,Comedy,1994,154,High,R,5,2019-10-31
946,The King's Speech,The Weinstein Company,Tom Hooper,Comedy,2010,118,Medium,R,1,2019-05-29
1640,Forrest Gump,Paramount Pictures,Robert Zemeckis,Crime,1994,142,High,PG-13,2,2015-06-08
691,The Godfather,Paramount Pictures,Francis Ford Coppola,Fantasy,1972,175,High,R,3,2018-11-14
500,The Matrix,Warner Bros.,Lana Wachowski,Fantasy,1999,136,High,R,4,2015-06-02
2101,The Godfather,Paramount Pictures,Francis Ford Coppola,Animation,1972,175,High,R,3,2015-01-20
326,The Shawshank Redemption,Castle Rock Entertainment,Frank Darabont,Comedy,1994,142,High,R,3,2023-12-18
2895,The Dark Knight,Warner Bros.,Christopher Nolan,Action,2008,152,High,PG-13,5,2016-04-06
281,The Godfather,Paramount Pictures,Francis Ford Coppola,Thriller,1972,175,High,R,4,2024-12-31
418,The Shawshank Redemption,Castle Rock Entertainment,Frank Darabont,Animation,1994,142,High,R,4,2016-04-29
1537,The Godfather,Paramount Pictures,Francis Ford Coppola,Drama,1972,175,High,R,2,2024-11-03
1638,The Shawshank Redemption,Castle Rock Entertainment,Frank Darabont,Animation,1994,142,High,R,5,2016-11-12
1392,Se7en,New Line Cinema,David Fincher,Drama,1995,127,High,R,3,2018-10-31
1437,Gladiator,DreamWorks Pictures,Ridley Scott,Comedy,2000,155,High,R,4,2025-11-22
1011,Avengers: Endgame,Marvel Studios,Anthony Russo,Action,2019,181,High,PG-13,4,2020-08-13
1852,The Dark Knight,Warner Bros.,Christopher Nolan,Comedy,2008,152,High,PG-13,2,2020-08-09
1189,The Shawshank Redemption,Castle Rock Entertainment,Frank Darabont,Comedy,1994,142,High,R,1,2017-03-23
1385,The Grand Budapest Hotel,Fox Searchlight,Wes Anderson,Comedy,2014,99,Medium,R,3,2018-02-24
1737,The Social Network,Columbia Pictures,David Fincher,Adventure,2010,120,Medium,PG-13,4,2023-11-02
354,The Shawshank Redemption,Castle Rock Entertainment,Frank Darabont,Thriller,1994,142,High,R,1,2024-07-18
2034,The Shawshank Redemption,Castle Rock Entertainment,Frank Darabont,Sci-Fi,1994,142,High,R,2,2016-09-15
2405,Whiplash,Blumhouse Productions,Damien Chazelle,Thriller,2014,107,Medium,R,5,2019-03-22
406,Forrest Gump,Paramount Pictures,Robert Zemeckis,Comedy,1994,142,High,PG-13,2,2022-09-29
2173,Schindler's List,Universal Pictures,Steven Spielberg,Fantasy,1993,195,High,R,2,2019-05-19
2380,The Godfather,Paramount Pictures,Francis Ford Coppola,Adventure,1972,175,High,R,1,2025-07-26
2399,The Godfather,Paramount Pictures,Francis Ford Coppola,Fantasy,1972,175,High,R,1,2025-12-27
349,The Shawshank Redemption,Castle Rock Entertainment,Frank Darabont,Drama,1994,142,High,R,5,2021-06-07
465,Pulp Fiction,Miramax,Quentin Tarantino,Adventure,1994,154,High,R,1,2021-02-04
79,The Shawshank Redemption,Castle Rock Entertainment,Frank Darabont,Sci-Fi,1994,142,High,R,3,2024-08-07
1115,The Godfather,Paramount Pictures,Francis Ford Coppola,Animation,1972,175,High,R,3,2021-04-20
64,The Shawshank Redemption,Castle Rock Entertainment,Frank Darabont,Fantasy,1994,142,High,R,4,2015-05-19
2337,Interstellar,Paramount Pictures,Christopher Nolan,Action,2014,169,High,PG-13,4,2025-05-28
2908,The Godfather,Paramount Pictures,Francis Ford Coppola,Romance,1972,175,High,R,3,2024-10-29
1456,The Shawshank Redemption,Castle Rock Entertainment,Frank Darabont,Action,1994,142,High,R,5,2025-09-15
2360,The Godfather,Paramount Pictures,Francis Ford Coppola,Romance,1972,175,High,R,4,2019-10-19
2854,The Godfather,Paramount Pictures,Francis Ford Coppola,Action,1972,175,High,R,1,2023-04-27
1945,Forrest Gump,Paramount Pictures,Robert Zemeckis,Adventure,1994,142,High,PG-13,4,2016-06-18
50,The Dark Knight,Warner Bros.,Christopher Nolan,Animation,2008,152,High,PG-13,1,2025-11-05
1110,The Shawshank Redemption,Castle Rock Entertainment,Frank Darabont,Crime,1994,142,High,R,4,2017-04-18
1307,The Godfather,Paramount Pictures,Francis Ford Coppola,Romance,1972,175,High,R,3,2022-10-26
482,The Matrix,Warner Bros.,Lana Wachowski,Thriller,1999,136,High,R,3,2022-07-24
665,American Beauty,DreamWorks,Sam Mendes,Thriller,1999,122,High,R,5,2017-07-22
2943,Pulp Fiction,Miramax,Quentin Tarantino,Animation,1994,154,High,R,5,2020-06-15
1823,The Shawshank Redemption,Castle Rock Entertainment,Frank Darabont,Drama,1994,142,High,R,1,2016-01-06
2798,The Shawshank Redemption,Castle Rock Entertainment,Frank Darabont,Animation,1994,142,High,R,1,2016-05-28
1660,Gladiator,DreamWorks Pictures,Ridley Scott,Comedy,2000,155,High,R,3,2020-01-11
1109,Alien,20th Century Fox,Ridley Scott,Thriller,1979,117,Medium,R,1,2024-08-08
1155,The Green Mile,Castle Rock Entertainment,Frank Darabont,Romance,1999,189,High,R,3,2021-04-10
2891,The Shawshank Redemption,Castle Rock Entertainment,Frank Darabont,Comedy,1994,142,High,R,2,2022-01-06
1437,Moonlight,A24,Barry Jenkins,Thriller,2016,111,Medium,R,3,2023-01-02
874,Whiplash,Blumhouse Productions,Damien Chazelle,Animation,2014,107,Medium,R,2,2022-03-06
1472,Forrest Gump,Paramount Pictures,Robert Zemeckis,Animation,1994,142,High,PG-13,4,2022-12-30
511,La La Land,Summit Entertainment,Damien Chazelle,Fantasy,2016,128,High,PG-13,5,2021-03-22
1335,Schindler's List,Universal Pictures,Steven Spielberg,Drama,1993,195,High,R,2,2019-08-26
340,The Dark Knight,Warner Bros.,Christopher Nolan,Fantasy,2008,152,High,PG-13,4,2016-01-28
2986,The Dark Knight,Warner Bros.,Christopher Nolan,Animation,2008,152,High,PG-13,2,2024-11-27
1920,Titanic,Paramount Pictures,James Cameron,Crime,1997,195,High,PG-13,5,2024-09-14
299,Toy Story,Pixar,John Lasseter,Animation,1995,81,Low,G,5,2018-02-11
2363,"Crouching Tiger, Hidden Dragon",Sony Pictures Classics,Ang Lee,Drama,2000,120,Medium,PG-13,4,2023-02-28
1232,The Shawshank Redemption,Castle Rock Entertainment,Frank Darabont,Sci-Fi,1994,142,High,R,1,2015-11-08
2919,"Crouching Tiger, Hidden Dragon",Sony Pictures Classics,Ang Lee,Comedy,2000,120,Medium,PG-13,3,2019-04-13
2068,Schindler's List,Universal Pictures,Steven Spielberg,Crime,1993,195,High,R,5,2024-08-08
1243,The Godfather,Paramount Pictures,Francis Ford Coppola,Romance,1972,175,High,R,4,2019-01-27
2997,The Shawshank Redemption,Castle Rock Entertainment,Frank Darabont,Comedy,1994,142,High,R,4,2017-05-21
2669,American Beauty,DreamWorks,Sam Mendes,Animation,1999,122,High,R,5,2024-08-15
2956,The Departed,Warner Bros.,Martin Scorsese,Action,2006,151,High,R,2,2020-07-28
2982,The Empire Strikes Back,Lucasfilm,Irvin Kershner,Comedy,1980,124,High,PG,5,2022-07-26
2296,Forrest Gump,Paramount Pictures,Robert Zemeckis,Drama,1994,142,High,PG-13,1,2020-04-04
993,Fight Club,20th Century Fox,David Fincher,Crime,1999,139,High,R,2,2018-10-27
2662,The Shawshank Redemption,Castle Rock Entertainment,Frank Darabont,Crime,1994,142,High,R,2,2015-12-21
670,Titanic,Paramount Pictures,James Cameron,Animation,1997,195,High,PG-13,1,2021-03-05
2399,Se7en,New Line Cinema,David Fincher,Sci-Fi,1995,127,High,R,4,2021-05-30
2982,The Shawshank Redemption,Castle Rock Entertainment,Frank Darabont,Sci-Fi,1994,142,High,R,4,2019-08-15
2945,The Shawshank Redemption,Castle Rock Entertainment,Frank Darabont,Animation,1994,142,High,R,4,2019-01-16
2340,Parasite,CJ Entertainment,Bong Joon-ho,Animation,2019,132,High,R,2,2024-04-18
1679,The Silence of the Lambs,Orion Pictures,Jonathan Demme,Adventure,1991,118,Medium,R,4,2015-09-16
445,The Godfather,Paramount Pictures,Francis Ford Coppola,Animation,1972,175,High,R,2,2025-12-07
2798,The Departed,Warner Bros.,Martin Scorsese,Drama,2006,151,High,R,1,2017-02-12
2432,Django Unchained,Columbia Pictures,Quentin Tarantino,Fantasy,2012,165,High,R,1,2024-04-30
1008,Parasite,CJ Entertainment,Bong Joon-ho,Drama,2019,132,High,R,4,2015-07-11
2098,Forrest Gump,Paramount Pictures,Robert Zemeckis,Drama,1994,142,High,PG-13,5,2022-01-30
2376,Se7en,New Line Cinema,David Fincher,Sci-Fi,1995,127,High,R,4,2023-06-05
2894,The Godfather,Paramount Pictures,Francis Ford Coppola,Drama,1972,175,High,R,4,2023-12-24
2067,The Shawshank Redemption,Castle Rock Entertainment,Frank Darabont,Animation,1994,142,High,R,2,2018-01-23
2960,The Godfather,Paramount Pictures,Francis Ford Coppola,Action,1972,175,High,R,4,2020-07-07
2803,The Godfather,Paramount Pictures,Francis Ford Coppola,Fantasy,1972,175,High,R,4,2025-06-22
1945,The Shawshank Redemption,Castle Rock Entertainment,Frank Darabont,Sci-Fi,1994,142,High,R,3,2015-08-31
1298,Saving Private Ryan,DreamWorks/Amblin,Steven Spielberg,Comedy,1998,169,High,R,3,2019-06-06
1477,Pulp Fiction,Miramax,Quentin Tarantino,Sci-Fi,1994,154,High,R,4,2019-06-07
657,The Empire Strikes Back,Lucasfilm,Irvin Kershner,Crime,1980,124,High,PG,5,2020-09-19
2042,Forrest Gump,Paramount Pictures,Robert Zemeckis,Fantasy,1994,142,High,PG-13,5,2018-01-16
166,Forrest Gump,Paramount Pictures,Robert Zemeckis,Adventure,1994,142,High,PG-13,1,2024-08-19
611,The Shawshank Redemption,Castle Rock Entertainment,Frank Darabont,Adventure,1994,142,High,R,2,2023-06-19
2505,The Shawshank Redemption,Castle Rock Entertainment,Frank Darabont,Sci-Fi,1994,142,High,R,2,2019-06-15
513,Django Unchained,Columbia Pictures,Quentin Tarantino,Thriller,2012,165,High,R,1,2017-06-06
704,The Social Network,Columbia Pictures,David Fincher,Sci-Fi,2010,120,Medium,PG-13,3,2018-11-15
990,Blade Runner,Warner Bros.,Ridley Scott,Adventure,1982,117,Medium,R,4,2017-07-01
1057,The Shawshank Redemption,Castle Rock Entertainment,Frank Darabont,Drama,1994,142,High,R,4,2023-06-14
1373,Whiplash,Blumhouse Productions,Damien Chazelle,Drama,2014,107,Medium,R,4,2017-07-19
2652,The Shawshank Redemption,Castle Rock Entertainment,Frank Darabont,Animation,1994,142,High,R,3,2016-08-23
1961,The Shawshank Redemption,Castle Rock Entertainment,Frank Darabont,Fantasy,1994,142,High,R,4,2023-05-09
2286,The Dark Knight,Warner Bros.,Christopher Nolan,Action,2008,152,High,PG-13,3,2022-12-10
254,The Shawshank Redemption,Castle Rock Entertainment,Frank Darabont,Romance,1994,142,High,R,5,2015-04-12
2963,Titanic,Paramount Pictures,James Cameron,Adventure,1997,195,High,PG-13,2,2019-06-25
856,Blade Runner 2049,Warner Bros.,Denis Villeneuve,Sci-Fi,2017,164,High,R,5,2025-06-09
890,The Shawshank Redemption,Castle Rock Entertainment,Frank Darabont,Fantasy,1994,142,High,R,4,2017-08-02
1454,Django Unchained,Columbia Pictures,Quentin Tarantino,Action,2012,165,High,R,2,2020-12-22
1907,Interstellar,Paramount Pictures,Christopher Nolan,Action,2014,169,High,PG-13,5,2017-08-03
724,The Shawshank Redemption,Castle Rock Entertainment,Frank Darabont,Thriller,1994,142,High,R,4,2022-07-24
145,The Shawshank Redemption,Castle Rock Entertainment,Frank Darabont,Romance,1994,142,High,R,2,2016-02-22
2863,The Godfather,Paramount Pictures,Francis Ford Coppola,Thriller,1972,175,High,R,4,2024-03-31
2839,Gladiator,DreamWorks Pictures,Ridley Scott,Drama,2000,155,High,R,1,2021-02-03
140,The Matrix,Warner Bros.,Lana Wachowski,Action,1999,136,High,R,2,2017-10-25
810,The Shawshank Redemption,Castle Rock Entertainment,Frank Darabont,Fantasy,1994,142,High,R,1,2017-12-30
2568,The Shawshank Redemption,Castle Rock Entertainment,Frank Darabont,Thriller,1994,142,High,R,1,2022-02-02
1151,Inception,Warner Bros.,Christopher Nolan,Animation,2010,148,High,PG-13,2,2020-12-24
2645,The Dark Knight,Warner Bros.,Christopher Nolan,Crime,2008,152,High,PG-13,2,2019-01-14
1904,Forrest Gump,Paramount Pictures,Robert Zemeckis,Animation,1994,142,High,PG-13,1,2018-01-08
2912,The Shawshank Redemption,Castle Rock Entertainment,Frank Darabont,Crime,1994,142,High,R,5,2020-11-15
1725,The Silence of the Lambs,Orion Pictures,Jonathan Demme,Adventure,1991,118,Medium,R,1,2020-05-09
2673,Fight Club,20th Century Fox,David Fincher,Sci-Fi,1999,139,High,R,5,2015-03-09
2892,The Silence of the Lambs,Orion Pictures,Jonathan Demme,Comedy,1991,118,Medium,R,3,2024-06-19
1506,The Dark Knight,Warner Bros.,Christopher Nolan,Comedy,2008,152,High,PG-13,2,2016-01-28
2543,Forrest Gump,Paramount Pictures,Robert Zemeckis,Animation,1994,142,High,PG-13,2,2020-03-13
1324,The Empire Strikes Back,Lucasfilm,Irvin Kershner,Sci-Fi,1980,124,High,PG,3,2015-05-04
2653,The Shawshank Redemption,Castle Rock Entertainment,Frank Darabont,Action,1994,142,High,R,4,2017-03-22
2169,WALL·E,Pixar,Andrew Stanton,Romance,2008,98,Medium,G,4,2020-11-09
544,The Dark Knight,Warner Bros.,Christopher Nolan,Thriller,2008,152,High,PG-13,3,2023-02-20
2344,Inception,Warner Bros.,Christopher Nolan,Animation,2010,148,High,PG-13,2,2022-02-16
2488,The Shawshank Redemption,Castle Rock Entertainment,Frank Darabont,Romance,1994,142,High,R,4,2021-11-18
866,Forrest Gump,Paramount Pictures,Robert Zemeckis,Animation,1994,142,High,PG-13,2,2022-08-07
676,The Shawshank Redemption,Castle Rock Entertainment,Frank Darabont,Adventure,1994,142,High,R,1,2017-09-01
2383,The Shawshank Redemption,Castle Rock Entertainment,Frank Darabont,Animation,1994,142,High,R,3,2023-06-30
1487,The Lion King,Walt Disney Pictures,Roger Allers,Sci-Fi,1994,88,Low,G,3,2023-12-13
48,Whiplash,Blumhouse Productions,Damien Chazelle,Drama,2014,107,Medium,R,2,2018-09-20
2613,The Dark Knight,Warner Bros.,Christopher Nolan,Sci-Fi,2008,152,High,PG-13,5,2019-07-17
1875,The Empire Strikes Back,Lucasfilm,Irvin Kershner,Drama,1980,124,High,PG,4,2022-03-31
1930,The Godfather,Paramount Pictures,Francis Ford Coppola,Comedy,1972,175,High,R,4,2019-09-07
2780,The Shawshank Redemption,Castle Rock Entertainment,Frank Darabont,Comedy,1994,142,High,R,5,2021-06-21
2391,Inception,Warner Bros.,Christopher Nolan,Thriller,2010,148,High,PG-13,2,2021-04-10
2994,The Dark Knight,Warner Bros.,Christopher Nolan,Romance,2008,152,High,PG-13,1,2024-12-26
1272,The Shawshank Redemption,Castle Rock Entertainment,Frank Darabont,Animation,1994,142,High,R,3,2017-01-28
626,The Shawshank Redemption,Castle Rock Entertainment,Frank Darabont,Fantasy,1994,142,High,R,4,2016-11-22
1641,The Shawshank Redemption,Castle Rock Entertainment,Frank Darabont,Adventure,1994,142,High,R,5,2023-07-08
2347,The Godfather,Paramount Pictures,Francis Ford Coppola,Fantasy,1972,175,High,R,3,2017-04-23
2473,The Empire Strikes Back,Lucasfilm,Irvin Kershner,Sci-Fi,1980,124,High,PG,2,2021-09-09
30,The Godfather,Paramount Pictures,Francis Ford Coppola,Adventure,1972,175,High,R,5,2018-03-29
1172,The Shawshank Redemption,Castle Rock Entertainment,Frank Darabont,Romance,1994,142,High,R,3,2018-08-05
306,Pulp Fiction,Miramax,Quentin Tarantino,Sci-Fi,1994,154,High,R,3,2017-03-23
129,Forrest Gump,Paramount Pictures,Robert Zemeckis,Animation,1994,142,High,PG-13,4,2017-06-08
600,The Shawshank Redemption,Castle Rock Entertainment,Frank Darabont,Crime,1994,142,High,R,1,2022-06-05
2751,Goodfellas,Warner Bros.,Martin Scorsese,Fantasy,1990,146,High,R,2,2019-04-07
1600,The Dark Knight,Warner Bros.,Christopher Nolan,Action,2008,152,High,PG-13,3,2023-04-02
2886,Schindler's List,Universal Pictures,Steven Spielberg,Fantasy,1993,195,High,R,2,2023-01-27
2069,Back to the Future,Universal Pictures,Robert Zemeckis,Action,1985,116,Medium,PG,2,2018-03-13
268,Pulp Fiction,Miramax,Quentin Tarantino,Romance,1994,154,High,R,2,2021-09-17
394,Pulp Fiction,Miramax,Quentin Tarantino,Sci-Fi,1994,154,High,R,1,2023-12-09
1239,The Matrix,Warner Bros.,Lana Wachowski,Drama,1999,136,High,R,5,2015-02-12
2979,Fight Club,20th Century Fox,David Fincher,Sci-Fi,1999,139,High,R,4,2023-01-28
632,The Shawshank Redemption,Castle Rock Entertainment,Frank Darabont,Fantasy,1994,142,High,R,2,2025-12-12
2285,Pulp Fiction,Miramax,Quentin Tarantino,Comedy,1994,154,High,R,4,2023-09-04
1464,Moonlight,A24,Barry Jenkins,Thriller,2016,111,Medium,R,4,2020-10-06
1765,The Lord of the Rings: The Return of the King,New Line Cinema,Peter Jackson,Comedy,2003,201,High,PG-13,1,2020-06-06
811,The Prestige,Warner Bros.,Christopher Nolan,Romance,2006,130,High,PG-13,1,2021-09-21
2897,Forrest Gump,Paramount Pictures,Robert Zemeckis,Sci-Fi,1994,142,High,PG-13,3,2025-04-07
60,Schindler's List,Universal Pictures,Steven Spielberg,Adventure,1993,195,High,R,5,2016-03-16
1114,The Godfather,Paramount Pictures,Francis Ford Coppola,Fantasy,1972,175,High,R,2,2023-01-10
2023,Pulp Fiction,Miramax,Quentin Tarantino,Romance,1994,154,High,R,3,2017-11-10
2250,The Prestige,Warner Bros.,Christopher Nolan,Thriller,2006,130,High,PG-13,5,2019-12-10
2346,The Grand Budapest Hotel,Fox Searchlight,Wes Anderson,Adventure,2014,99,Medium,R,2,2020-08-14
1413,The Shawshank Redemption,Castle Rock Entertainment,Frank Darabont,Adventure,1994,142,High,R,4,2019-11-24
1813,The Truman Show,Paramount Pictures,Peter Weir,Crime,1998,103,Medium,PG,5,2017-02-22
371,Fight Club,20th Century Fox,David Fincher,Comedy,1999,139,High,R,4,2019-12-18
1823,The Matrix,Warner Bros.,Lana Wachowski,Animation,1999,136,High,R,5,2017-08-26
2484,The Godfather,Paramount Pictures,Francis Ford Coppola,Comedy,1972,175,High,R,3,2015-06-27
878,The Lion King,Walt Disney Pictures,Roger Allers,Animation,1994,88,Low,G,3,2021-12-10
1325,Forrest Gump,Paramount Pictures,Robert Zemeckis,Sci-Fi,1994,142,High,PG-13,2,2023-05-18
2338,The Shawshank Redemption,Castle Rock Entertainment,Frank Darabont,Thriller,1994,142,High,R,1,2020-09-26
2492,The Silence of the Lambs,Orion Pictures,Jonathan Demme,Sci-Fi,1991,118,Medium,R,3,2019-05-30
911,Blade Runner,Warner Bros.,Ridley Scott,Action,1982,117,Medium,R,3,2025-06-07
2165,The Godfather,Paramount Pictures,Francis Ford Coppola,Thriller,1972,175,High,R,3,2017-10-25
765,The Dark Knight,Warner Bros.,Christopher Nolan,Adventure,2008,152,High,PG-13,2,2016-04-04
964,The Lion King,Walt Disney Pictures,Roger Allers,Adventure,1994,88,Low,G,4,2015-05-12
2237,Forrest Gump,Paramount Pictures,Robert Zemeckis,Crime,1994,142,High,PG-13,1,2020-11-04
2548,The Shawshank Redemption,Castle Rock Entertainment,Frank Darabont,Adventure,1994,142,High,R,3,2019-09-15
1228,The Godfather,Paramount Pictures,Francis Ford Coppola,Sci-Fi,1972,175,High,R,1,2025-02-22
1649,The Matrix,Warner Bros.,Lana Wachowski,Drama,1999,136,High,R,2,2020-05-07
2388,The Godfather,Paramount Pictures,Francis Ford Coppola,Comedy,1972,175,High,R,4,2019-10-29
763,The Shawshank Redemption,Castle Rock Entertainment,Frank Darabont,Crime,1994,142,High,R,4,2015-11-29
974,The Shawshank Redemption,Castle Rock Entertainment,Frank Darabont,Adventure,1994,142,High,R,1,2023-06-18
1439,Titanic,Paramount Pictures,James Cameron,Sci-Fi,1997,195,High,PG-13,3,2025-12-24
2876,Fight Club,20th Century Fox,David Fincher,Sci-Fi,1999,139,High,R,5,2022-12-22
1240,The Shawshank Redemption,Castle Rock Entertainment,Frank Darabont,Romance,1994,142,High,R,1,2015-06-23
881,The Shawshank Redemption,Castle Rock Entertainment,Frank Darabont,Animation,1994,142,High,R,5,2017-06-26
2928,The Shawshank Redemption,Castle Rock Entertainment,Frank Darabont,Action,1994,142,High,R,5,2019-08-31
916,Gladiator,DreamWorks Pictures,Ridley Scott,Sci-Fi,2000,155,High,R,1,2016-02-16
107,Inception,Warner Bros.,Christopher Nolan,Adventure,2010,148,High,PG-13,1,2023-08-06
2125,The Shawshank Redemption,Castle Rock Entertainment,Frank Darabont,Adventure,1994,142,High,R,4,2017-03-01
1206,The Shawshank Redemption,Castle Rock Entertainment,Frank Darabont,Drama,1994,142,High,R,1,2017-01-25
2220,American Beauty,DreamWorks,Sam Mendes,Fantasy,1999,122,High,R,1,2025-10-19
1577,The Shawshank Redemption,Castle Rock Entertainment,Frank Darabont,Adventure,1994,142,High,R,5,2015-08-13
2489,Goodfellas,Warner Bros.,Martin Scorsese,Crime,1990,146,High,R,5,2018-04-24
1644,Fight Club,20th Century Fox,David Fincher,Romance,1999,139,High,R,1,2017-02-15
1460,The Lord of the Rings: The Return of the King,New Line Cinema,Peter Jackson,Adventure,2003,201,High,PG-13,1,2024-11-01
2430,The Dark Knight,Warner Bros.,Christopher Nolan,Romance,2008,152,High,PG-13,1,2022-07-14
1795,The Godfather,Paramount Pictures,Francis Ford Coppola,Romance,1972,175,High,R,4,2020-12-20
1979,The Shawshank Redemption,Castle Rock Entertainment,Frank Darabont,Sci-Fi,1994,142,High,R,4,2015-11-11
605,The Shawshank Redemption,Castle Rock Entertainment,Frank Darabont,Drama,1994,142,High,R,3,2021-11-04
2288,The Matrix,Warner Bros.,Lana Wachowski,Thriller,1999,136,High,R,2,2023-06-04
2876,Avengers: Endgame,Marvel Studios,Anthony Russo,Adventure,2019,181,High,PG-13,1,2020-07-01
2421,The Shawshank Redemption,Castle Rock Entertainment,Frank Darabont,Sci-Fi,1994,142,High,R,1,2016-09-21
798,The Shawshank Redemption,Castle Rock Entertainment,Frank Darabont,Action,1994,142,High,R,1,2023-07-20
553,The Godfather,Paramount Pictures,Francis Ford Coppola,Adventure,1972,175,High,R,2,2025-10-14
214,The Shawshank Redemption,Castle Rock Entertainment,Frank Darabont,Comedy,1994,142,High,R,1,2022-06-19
2770,The King's Speech,The Weinstein Company,Tom Hooper,Thriller,2010,118,Medium,R,4,2024-10-14
2139,The Shawshank Redemption,Castle Rock Entertainment,Frank Darabont,Fantasy,1994,142,High,R,4,2019-01-27
1839,Fight Club,20th Century Fox,David Fincher,Sci-Fi,1999,139,High,R,2,2023-01-13
436,The Godfather,Paramount Pictures,Francis Ford Coppola,Drama,1972,175,High,R,4,2019-06-25
538,The Shawshank Redemption,Castle Rock Entertainment,Frank Darabont,Action,1994,142,High,R,4,2023-11-06
2425,Titanic,Paramount Pictures,James Cameron,Thriller,1997,195,High,PG-13,1,2019-05-10
1303,The Avengers,Marvel Studios,Joss Whedon,Adventure,2012,143,High,PG-13,1,2019-10-25
483,Forrest Gump,Paramount Pictures,Robert Zemeckis,Crime,1994,142,High,PG-13,2,2016-03-27
336,Fight Club,20th Century Fox,David Fincher,Drama,1999,139,High,R,1,2021-01-29
2784,There Will Be Blood,Paramount Vantage,Paul Thomas Anderson,Action,2007,158,High,R,2,2024-10-23
243,The Lord of the Rings: The Return of the King,New Line Cinema,Peter Jackson,Romance,2003,201,High,PG-13,2,2017-03-12
2081,The Shawshank Redemption,Castle Rock Entertainment,Frank Darabont,Adventure,1994,142,High,R,5,2024-10-23
1758,The Departed,Warner Bros.,Martin Scorsese,Romance,2006,151,High,R,2,2015-09-01
1166,The Prestige,Warner Bros.,Christopher Nolan,Thriller,2006,130,High,PG-13,1,2023-11-13
2274,American Beauty,DreamWorks,Sam Mendes,Adventure,1999,122,High,R,5,2019-10-30
432,Schindler's List,Universal Pictures,Steven Spielberg,Animation,1993,195,High,R,5,2024-06-28
442,The Social Network,Columbia Pictures,David Fincher,Romance,2010,120,Medium,PG-13,4,2022-02-06
1181,Fight Club,20th Century Fox,David Fincher,Sci-Fi,1999,139,High,R,5,2015-07-18
267,The Dark Knight,Warner Bros.,Christopher Nolan,Adventure,2008,152,High,PG-13,2,2015-12-31
1730,The Shawshank Redemption,Castle Rock Entertainment,Frank Darabont,Drama,1994,142,High,R,2,2023-11-21
1123,The Shawshank Redemption,Castle Rock Entertainment,Frank Darabont,Crime,1994,142,High,R,4,2023-10-25
1045,Whiplash,Blumhouse Productions,Damien Chazelle,Animation,2014,107,Medium,R,1,2017-11-02
2217,Goodfellas,Warner Bros.,Martin Scorsese,Sci-Fi,1990,146,High,R,1,2024-10-29
419,Interstellar,Paramount Pictures,Christopher Nolan,Romance,2014,169,High,PG-13,4,2025-03-04
1741,The Godfather,Paramount Pictures,Francis Ford Coppola,Animation,1972,175,High,R,2,2018-01-23
1444,Fight Club,20th Century Fox,David Fincher,Comedy,1999,139,High,R,3,2021-05-07
2786,The Shawshank Redemption,Castle Rock Entertainment,Frank Darabont,Sci-Fi,1994,142,High,R,1,2021-08-16
1696,American Beauty,DreamWorks,Sam Mendes,Adventure,1999,122,High,R,5,2015-05-23
1632,Back to the Future,Universal Pictures,Robert Zemeckis,Fantasy,1985,116,Medium,PG,3,2018-10-26
2533,Pulp Fiction,Miramax,Quentin Tarantino,Animation,1994,154,High,R,2,2022-09-03
167,The Silence of the Lambs,Orion Pictures,Jonathan Demme,Adventure,1991,118,Medium,R,5,2022-05-02
321,Forrest Gump,Paramount Pictures,Robert Zemeckis,Action,1994,142,High,PG-13,5,2018-01-28
2541,The Godfather,Paramount Pictures,Francis Ford Coppola,Romance,1972,175,High,R,1,2018-04-04
1296,The Dark Knight,Warner Bros.,Christopher Nolan,Fantasy,2008,152,High,PG-13,4,2017-01-03
1664,The Social Network,Columbia Pictures,David Fincher,Animation,2010,120,Medium,PG-13,3,2020-02-04
2460,Se7en,New Line Cinema,David Fincher,Romance,1995,127,High,R,1,2024-11-05
1601,Saving Private Ryan,DreamWorks/Amblin,Steven Spielberg,Thriller,1998,169,High,R,1,2016-01-28
2149,The Pianist,Focus Features,Roman Polanski,Comedy,2002,150,High,R,4,2016-07-23
1203,Spirited Away,Studio Ghibli,Hayao Miyazaki,Sci-Fi,2001,125,High,PG,1,2020-04-06
2386,The Empire Strikes Back,Lucasfilm,Irvin Kershner,Sci-Fi,1980,124,High,PG,5,2018-08-04
2494,Avengers: Endgame,Marvel Studios,Anthony Russo,Action,2019,181,High,PG-13,4,2016-06-14
1599,Saving Private Ryan,DreamWorks/Amblin,Steven Spielberg,Sci-Fi,1998,169,High,R,1,2016-05-10
33,The Dark Knight,Warner Bros.,Christopher Nolan,Animation,2008,152,High,PG-13,4,2019-11-19
523,The Departed,Warner Bros.,Martin Scorsese,Comedy,2006,151,High,R,5,2020-11-08
2586,The Godfather,Paramount Pictures,Francis Ford Coppola,Sci-Fi,1972,175,High,R,5,2021-09-01
189,The Avengers,Marvel Studios,Joss Whedon,Sci-Fi,2012,143,High,PG-13,4,2022-04-18
2039,The Shawshank Redemption,Castle Rock Entertainment,Frank Darabont,Adventure,1994,142,High,R,4,2016-10-06
258,Goodfellas,Warner Bros.,Martin Scorsese,Comedy,1990,146,High,R,1,2016-10-09
356,No Country for Old Men,Mirage Enterprises,Ethan Coen,Fantasy,2007,122,High,R,2,2017-04-24
1121,Gladiator,DreamWorks Pictures,Ridley Scott,Action,2000,155,High,R,3,2016-08-29
1400,The Shawshank Redemption,Castle Rock Entertainment,Frank Darabont,Thriller,1994,142,High,R,3,2016-09-12
2135,Back to the Future,Universal Pictures,Robert Zemeckis,Sci-Fi,1985,116,Medium,PG,1,2015-01-03
2459,The Godfather,Paramount Pictures,Francis Ford Coppola,Animation,1972,175,High,R,5,2018-06-19
443,The Dark Knight,Warner Bros.,Christopher Nolan,Crime,2008,152,High,PG-13,4,2017-01-06
616,The Dark Knight,Warner Bros.,Christopher Nolan,Drama,2008,152,High,PG-13,3,2023-09-01
816,The Shawshank Redemption,Castle Rock Entertainment,Frank Darabont,Adventure,1994,142,High,R,2,2018-09-15
1115,The Departed,Warner Bros.,Martin Scorsese,Thriller,2006,151,High,R,1,2020-10-10
2510,The Dark Knight,Warner Bros.,Christopher Nolan,Sci-Fi,2008,152,High,PG-13,1,2018-09-11
2720,Toy Story,Pixar,John Lasseter,Romance,1995,81,Low,G,2,2018-03-26
2941,The Shawshank Redemption,Castle Rock Entertainment,Frank Darabont,Action,1994,142,High,R,2,2023-02-20
602,Gladiator,DreamWorks Pictures,Ridley Scott,Drama,2000,155,High,R,5,2015-12-15
1058,The Truman Show,Paramount Pictures,Peter Weir,Romance,1998,103,Medium,PG,3,2025-04-11
1136,Moonlight,A24,Barry Jenkins,Thriller,2016,111,Medium,R,1,2023-11-22
127,Avengers: Endgame,Marvel Studios,Anthony Russo,Crime,2019,181,High,PG-13,3,2024-09-01
912,American Beauty,DreamWorks,Sam Mendes,Animation,1999,122,High,R,4,2020-09-28
1974,The Godfather,Paramount Pictures,Francis Ford Coppola,Thriller,1972,175,High,R,4,2024-10-27
1245,The Matrix,Warner Bros.,Lana Wachowski,Animation,1999,136,High,R,2,2022-09-23
471,The Shawshank Redemption,Castle Rock Entertainment,Frank Darabont,Action,1994,142,High,R,1,2025-05-28
380,Pulp Fiction,Miramax,Quentin Tarantino,Animation,1994,154,High,R,2,2017-07-23
2792,The Shawshank Redemption,Castle Rock Entertainment,Frank Darabont,Romance,1994,142,High,R,5,2024-09-15
447,There Will Be Blood,Paramount Vantage,Paul Thomas Anderson,Animation,2007,158,High,R,1,2020-08-19
617,Schindler's List,Universal Pictures,Steven Spielberg,Drama,1993,195,High,R,5,2019-04-18
1898,Mad Max: Fury Road,Warner Bros.,George Miller,Action,2015,120,Medium,R,4,2018-11-09
890,Inception,Warner Bros.,Christopher Nolan,Romance,2010,148,High,PG-13,4,2024-02-03
1850,The Empire Strikes Back,Lucasfilm,Irvin Kershner,Adventure,1980,124,High,PG,5,2020-04-23
874,WALL·E,Pixar,Andrew Stanton,Adventure,2008,98,Medium,G,2,2019-09-05
2184,The Departed,Warner Bros.,Martin Scorsese,Comedy,2006,151,High,R,5,2020-11-10
1274,The Shawshank Redemption,Castle Rock Entertainment,Frank Darabont,Fantasy,1994,142,High,R,2,2018-07-12
1319,The Godfather,Paramount Pictures,Francis Ford Coppola,Action,1972,175,High,R,2,2022-03-03
1909,The Shawshank Redemption,Castle Rock Entertainment,Frank Darabont,Crime,1994,142,High,R,1,2025-01-30
104,WALL·E,Pixar,Andrew Stanton,Animation,2008,98,Medium,G,2,2021-03-17
1498,The Godfather,Paramount Pictures,Francis Ford Coppola,Thriller,1972,175,High,R,3,2018-10-09
1933,The Godfather,Paramount Pictures,Francis Ford Coppola,Animation,1972,175,High,R,2,2020-09-23
1937,The Shawshank Redemption,Castle Rock Entertainment,Frank Darabont,Comedy,1994,142,High,R,4,2019-06-13
527,Pulp Fiction,Miramax,Quentin Tarantino,Sci-Fi,1994,154,High,R,1,2020-12-20
2895,Inception,Warner Bros.,Christopher Nolan,Fantasy,2010,148,High,PG-13,3,2018-08-07
2962,Interstellar,Paramount Pictures,Christopher Nolan,Animation,2014,169,High,PG-13,4,2015-11-20
851,Schindler's List,Universal Pictures,Steven Spielberg,Drama,1993,195,High,R,4,2018-07-07
1475,The Shawshank Redemption,Castle Rock Entertainment,Frank Darabont,Thriller,1994,142,High,R,4,2021-03-25
2906,The Lord of the Rings: The Return of the King,New Line Cinema,Peter Jackson,Crime,2003,201,High,PG-13,3,2023-09-19
2683,The Shawshank Redemption,Castle Rock Entertainment,Frank Darabont,Action,1994,142,High,R,1,2022-05-13
1079,The Shawshank Redemption,Castle Rock Entertainment,Frank Darabont,Comedy,1994,142,High,R,1,2017-11-18
1588,The Shawshank Redemption,Castle Rock Entertainment,Frank Darabont,Crime,1994,142,High,R,1,2024-01-12
2421,The Shawshank Redemption,Castle Rock Entertainment,Frank Darabont,Comedy,1994,142,High,R,3,2016-08-06
1253,The Prestige,Warner Bros.,Christopher Nolan,Romance,2006,130,High,PG-13,4,2025-06-11
839,The Dark Knight,Warner Bros.,Christopher Nolan,Fantasy,2008,152,High,PG-13,3,2018-01-15
1962,The Shawshank Redemption,Castle Rock Entertainment,Frank Darabont,Romance,1994,142,High,R,5,2024-07-14
931,The Shawshank Redemption,Castle Rock Entertainment,Frank Darabont,Crime,1994,142,High,R,3,2017-07-17
1847,The Lion King,Walt Disney Pictures,Roger Allers,Comedy,1994,88,Low,G,5,2025-06-17
117,The Shawshank Redemption,Castle Rock Entertainment,Frank Darabont,Sci-Fi,1994,142,High,R,5,2020-03-29
2594,The Shawshank Redemption,Castle Rock Entertainment,Frank Darabont,Drama,1994,142,High,R,2,2023-11-18
2457,The Godfather,Paramount Pictures,Francis Ford Coppola,Comedy,1972,175,High,R,3,2021-09-22
2260,Forrest Gump,Paramount Pictures,Robert Zemeckis,Animation,1994,142,High,PG-13,3,2024-02-16
2075,Gladiator,DreamWorks Pictures,Ridley Scott,Crime,2000,155,High,R,5,2020-11-14
220,The Shawshank Redemption,Castle Rock Entertainment,Frank Darabont,Fantasy,1994,142,High,R,5,2019-07-11
2346,Alien,20th Century Fox,Ridley Scott,Action,1979,117,Medium,R,1,2019-02-09
891,The Matrix,Warner Bros.,Lana Wachowski,Fantasy,1999,136,High,R,5,2017-11-11
2012,Pulp Fiction,Miramax,Quentin Tarantino,Thriller,1994,154,High,R,5,2016-06-06
863,There Will Be Blood,Paramount Vantage,Paul Thomas Anderson,Romance,2007,158,High,R,1,2025-09-06
939,The Shawshank Redemption,Castle Rock Entertainment,Frank Darabont,Action,1994,142,High,R,2,2017-02-01
168,The Green Mile,Castle Rock Entertainment,Frank Darabont,Adventure,1999,189,High,R,3,2021-03-30
1846,Blade Runner 2049,Warner Bros.,Denis Villeneuve,Fantasy,2017,164,High,R,1,2018-04-02
2152,The Shawshank Redemption,Castle Rock Entertainment,Frank Darabont,Crime,1994,142,High,R,3,2023-03-17
1269,The Shawshank Redemption,Castle Rock Entertainment,Frank Darabont,Sci-Fi,1994,142,High,R,5,2020-03-12
1881,Pulp Fiction,Miramax,Quentin Tarantino,Fantasy,1994,154,High,R,3,2015-01-27
1447,The Shawshank Redemption,Castle Rock Entertainment,Frank Darabont,Sci-Fi,1994,142,High,R,4,2019-08-11
2938,The Dark Knight,Warner Bros.,Christopher Nolan,Drama,2008,152,High,PG-13,4,2019-03-27
742,The Shawshank Redemption,Castle Rock Entertainment,Frank Darabont,Animation,1994,142,High,R,2,2016-05-07
2380,The Prestige,Warner Bros.,Christopher Nolan,Animation,2006,130,High,PG-13,2,2016-05-10
2201,Back to the Future,Universal Pictures,Robert Zemeckis,Thriller,1985,116,Medium,PG,5,2019-08-29
1804,The Shawshank Redemption,Castle Rock Entertainment,Frank Darabont,Animation,1994,142,High,R,3,2023-07-21
844,The Shawshank Redemption,Castle Rock Entertainment,Frank Darabont,Comedy,1994,142,High,R,2,2021-09-18
1476,The Shawshank Redemption,Castle Rock Entertainment,Frank Darabont,Drama,1994,142,High,R,3,2023-02-04
2713,The Silence of the Lambs,Orion Pictures,Jonathan Demme,Sci-Fi,1991,118,Medium,R,5,2016-11-11
1627,Se7en,New Line Cinema,David Fincher,Sci-Fi,1995,127,High,R,4,2022-05-27
949,The Shawshank Redemption,Castle Rock Entertainment,Frank Darabont,Comedy,1994,142,High,R,5,2018-12-14
1084,The Shawshank Redemption,Castle Rock Entertainment,Frank Darabont,Thriller,1994,142,High,R,3,2022-04-30
2978,The Shawshank Redemption,Castle Rock Entertainment,Frank Darabont,Adventure,1994,142,High,R,5,2024-02-06
2134,The Godfather,Paramount Pictures,Francis Ford Coppola,Animation,1972,175,High,R,1,2016-04-05
631,Schindler's List,Universal Pictures,Steven Spielberg,Sci-Fi,1993,195,High,R,3,2016-02-06
1593,Up,Pixar,Pete Docter,Action,2009,96,Medium,PG,1,2015-04-30
362,Se7en,New Line Cinema,David Fincher,Fantasy,1995,127,High,R,5,2022-08-26
2910,Forrest Gump,Paramount Pictures,Robert Zemeckis,Drama,1994,142,High,PG-13,3,2021-04-09
2564,Titanic,Paramount Pictures,James Cameron,Thriller,1997,195,High,PG-13,4,2017-10-30
1683,Alien,20th Century Fox,Ridley Scott,Crime,1979,117,Medium,R,1,2022-09-24
1481,Titanic,Paramount Pictures,James Cameron,Romance,1997,195,High,PG-13,3,2025-05-19
1057,Goodfellas,Warner Bros.,Martin Scorsese,Animation,1990,146,High,R,3,2021-06-03
2351,The Shawshank Redemption,Castle Rock Entertainment,Frank Darabont,Romance,1994,142,High,R,2,2020-08-08
1680,Se7en,New Line Cinema,David Fincher,Crime,1995,127,High,R,2,2023-07-23
2034,The Shawshank Redemption,Castle Rock Entertainment,Frank Darabont,Sci-Fi,1994,142,High,R,3,2021-06-18
2129,The Shawshank Redemption,Castle Rock Entertainment,Frank Darabont,Sci-Fi,1994,142,High,R,4,2019-10-18
859,Forrest Gump,Paramount Pictures,Robert Zemeckis,Fantasy,1994,142,High,PG-13,3,2021-05-15
855,The Dark Knight,Warner Bros.,Christopher Nolan,Animation,2008,152,High,PG-13,4,2015-10-22
1053,Back to the Future,Universal Pictures,Robert Zemeckis,Comedy,1985,116,Medium,PG,1,2020-06-11
902,The Avengers,Marvel Studios,Joss Whedon,Crime,2012,143,High,PG-13,5,2018-11-18
2244,Whiplash,Blumhouse Productions,Damien Chazelle,Animation,2014,107,Medium,R,1,2025-10-06
2013,Schindler's List,Universal Pictures,Steven Spielberg,Comedy,1993,195,High,R,2,2019-11-06
2486,La La Land,Summit Entertainment,Damien Chazelle,Thriller,2016,128,High,PG-13,2,2021-10-25
1489,The Shawshank Redemption,Castle Rock Entertainment,Frank Darabont,Fantasy,1994,142,High,R,4,2016-04-15
336,Mad Max: Fury Road,Warner Bros.,George Miller,Drama,2015,120,Medium,R,1,2015-11-04
2154,The Godfather,Paramount Pictures,Francis Ford Coppola,Crime,1972,175,High,R,3,2018-06-15
815,Up,Pixar,Pete Docter,Comedy,2009,96,Medium,PG,3,2017-01-21
641,Pulp Fiction,Miramax,Quentin Tarantino,Comedy,1994,154,High,R,4,2021-12-08
53,Se7en,New Line Cinema,David Fincher,Comedy,1995,127,High,R,5,2021-10-08
1575,The Shawshank Redemption,Castle Rock Entertainment,Frank Darabont,Animation,1994,142,High,R,4,2016-02-03
2481,Whiplash,Blumhouse Productions,Damien Chazelle,Comedy,2014,107,Medium,R,4,2022-11-23
367,The Shawshank Redemption,Castle Rock Entertainment,Frank Darabont,Romance,1994,142,High,R,5,2025-09-19
2710,The Dark Knight,Warner Bros.,Christopher Nolan,Fantasy,2008,152,High,PG-13,2,2020-12-12
2345,The Truman Show,Paramount Pictures,Peter Weir,Sci-Fi,1998,103,Medium,PG,4,2021-11-16
744,The Dark Knight,Warner Bros.,Christopher Nolan,Thriller,2008,152,High,PG-13,4,2020-01-26
185,Spirited Away,Studio Ghibli,Hayao Miyazaki,Romance,2001,125,High,PG,4,2016-04-29
1771,Saving Private Ryan,DreamWorks/Amblin,Steven Spielberg,Thriller,1998,169,High,R,4,2017-01-12
2085,The Godfather,Paramount Pictures,Francis Ford Coppola,Action,1972,175,High,R,1,2019-01-30
649,Saving Private Ryan,DreamWorks/Amblin,Steven Spielberg,Romance,1998,169,High,R,5,2019-12-03
425,No Country for Old Men,Mirage Enterprises,Ethan Coen,Adventure,2007,122,High,R,5,2020-04-04
2794,Schindler's List,Universal Pictures,Steven Spielberg,Adventure,1993,195,High,R,3,2025-04-05
2003,Pulp Fiction,Miramax,Quentin Tarantino,Thriller,1994,154,High,R,2,2023-08-13
1375,Forrest Gump,Paramount Pictures,Robert Zemeckis,Crime,1994,142,High,PG-13,1,2022-08-22
1911,The Godfather,Paramount Pictures,Francis Ford Coppola,Romance,1972,175,High,R,1,2024-05-07
1695,The Empire Strikes Back,Lucasfilm,Irvin Kershner,Thriller,1980,124,High,PG,2,2023-03-10
1394,The Shawshank Redemption,Castle Rock Entertainment,Frank Darabont,Romance,1994,142,High,R,4,2020-09-11
2625,Pulp Fiction,Miramax,Quentin Tarantino,Animation,1994,154,High,R,5,2024-09-23
2146,The Empire Strikes Back,Lucasfilm,Irvin Kershner,Sci-Fi,1980,124,High,PG,1,2015-05-24
1421,The Dark Knight,Warner Bros.,Christopher Nolan,Romance,2008,152,High,PG-13,4,2017-04-01
871,Forrest Gump,Paramount Pictures,Robert Zemeckis,Fantasy,1994,142,High,PG-13,5,2018-04-16
1113,Alien,20th Century Fox,Ridley Scott,Thriller,1979,117,Medium,R,4,2018-01-26
823,The Grand Budapest Hotel,Fox Searchlight,Wes Anderson,Drama,2014,99,Medium,R,2,2019-04-17
1738,The Shawshank Redemption,Castle Rock Entertainment,Frank Darabont,Sci-Fi,1994,142,High,R,4,2022-05-18
1081,Moonlight,A24,Barry Jenkins,Adventure,2016,111,Medium,R,5,2019-06-01
1587,Goodfellas,Warner Bros.,Martin Scorsese,Animation,1990,146,High,R,4,2022-05-10
1086,The Dark Knight,Warner Bros.,Christopher Nolan,Comedy,2008,152,High,PG-13,5,2022-02-05
2574,WALL·E,Pixar,Andrew Stanton,Crime,2008,98,Medium,G,3,2018-12-19
1816,American Beauty,DreamWorks,Sam Mendes,Thriller,1999,122,High,R,3,2024-07-28
2616,Avengers: Endgame,Marvel Studios,Anthony Russo,Adventure,2019,181,High,PG-13,1,2023-01-15
1814,The Shawshank Redemption,Castle Rock Entertainment,Frank Darabont,Drama,1994,142,High,R,3,2017-09-15
2970,Forrest Gump,Paramount Pictures,Robert Zemeckis,Romance,1994,142,High,PG-13,1,2021-04-09
1290,The Godfather,Paramount Pictures,Francis Ford Coppola,Animation,1972,175,High,R,5,2019-06-20
111,The Grand Budapest Hotel,Fox Searchlight,Wes Anderson,Romance,2014,99,Medium,R,3,2018-09-25
134,The Godfather,Paramount Pictures,Francis Ford Coppola,Adventure,1972,175,High,R,3,2021-03-19
1535,The Departed,Warner Bros.,Martin Scorsese,Fantasy,2006,151,High,R,5,2015-01-30
2186,The Godfather,Paramount Pictures,Francis Ford Coppola,Thriller,1972,175,High,R,2,2023-03-07
765,The Dark Knight,Warner Bros.,Christopher Nolan,Sci-Fi,2008,152,High,PG-13,5,2017-02-11
2462,Titanic,Paramount Pictures,James Cameron,Crime,1997,195,High,PG-13,2,2019-07-26
1134,The Dark Knight,Warner Bros.,Christopher Nolan,Animation,2008,152,High,PG-13,1,2022-10-24
1879,American Beauty,DreamWorks,Sam Mendes,Drama,1999,122,High,R,4,2017-06-25
6,The Shawshank Redemption,Castle Rock Entertainment,Frank Darabont,Comedy,1994,142,High,R,1,2018-12-11
2894,Titanic,Paramount Pictures,James Cameron,Sci-Fi,1997,195,High,PG-13,2,2016-12-24
188,The Godfather,Paramount Pictures,Francis Ford Coppola,Drama,1972,175,High,R,3,2016-02-28
2116,Saving Private Ryan,DreamWorks/Amblin,Steven Spielberg,Action,1998,169,High,R,4,2019-01-18
2382,The Godfather,Paramount Pictures,Francis Ford Coppola,Animation,1972,175,High,R,4,2022-01-31
1617,Pulp Fiction,Miramax,Quentin Tarantino,Thriller,1994,154,High,R,3,2025-05-14
1615,Forrest Gump,Paramount Pictures,Robert Zemeckis,Sci-Fi,1994,142,High,PG-13,3,2022-10-04
560,Mad Max: Fury Road,Warner Bros.,George Miller,Drama,2015,120,Medium,R,2,2017-06-13
1944,There Will Be Blood,Paramount Vantage,Paul Thomas Anderson,Thriller,2007,158,High,R,5,2021-12-11
220,The Godfather,Paramount Pictures,Francis Ford Coppola,Adventure,1972,175,High,R,5,2016-08-23
286,Gladiator,DreamWorks Pictures,Ridley Scott,Romance,2000,155,High,R,3,2024-03-05
2574,The Shawshank Redemption,Castle Rock Entertainment,Frank Darabont,Crime,1994,142,High,R,1,2017-01-03
2185,Forrest Gump,Paramount Pictures,Robert Zemeckis,Drama,1994,142,High,PG-13,4,2024-01-07
1605,The Shawshank Redemption,Castle Rock Entertainment,Frank Darabont,Romance,1994,142,High,R,3,2016-04-15
1891,The Godfather,Paramount Pictures,Francis Ford Coppola,Animation,1972,175,High,R,3,2021-08-21
805,Forrest Gump,Paramount Pictures,Robert Zemeckis,Fantasy,1994,142,High,PG-13,2,2020-10-24
1080,The Avengers,Marvel Studios,Joss Whedon,Drama,2012,143,High,PG-13,4,2015-12-24
2685,The Godfather,Paramount Pictures,Francis Ford Coppola,Adventure,1972,175,High,R,4,2024-09-01
862,The Dark Knight,Warner Bros.,Christopher Nolan,Fantasy,2008,152,High,PG-13,5,2021-08-13
2627,La La Land,Summit Entertainment,Damien Chazelle,Drama,2016,128,High,PG-13,3,2022-07-01
1915,The Empire Strikes Back,Lucasfilm,Irvin Kershner,Sci-Fi,1980,124,High,PG,1,2017-01-30
1369,The Shawshank Redemption,Castle Rock Entertainment,Frank Darabont,Sci-Fi,1994,142,High,R,5,2020-04-10
349,Pulp Fiction,Miramax,Quentin Tarantino,Fantasy,1994,154,High,R,1,2020-05-23
656,The Silence of the Lambs,Orion Pictures,Jonathan Demme,Animation,1991,118,Medium,R,1,2025-07-23
389,The Matrix,Warner Bros.,Lana Wachowski,Thriller,1999,136,High,R,4,2025-05-06
769,Mad Max: Fury Road,Warner Bros.,George Miller,Romance,2015,120,Medium,R,1,2016-06-05
2641,Forrest Gump,Paramount Pictures,Robert Zemeckis,Comedy,1994,142,High,PG-13,3,2021-09-16
849,The Matrix,Warner Bros.,Lana Wachowski,Comedy,1999,136,High,R,1,2022-11-06
2051,Avengers: Endgame,Marvel Studios,Anthony Russo,Thriller,2019,181,High,PG-13,4,2019-08-12
48,Pulp Fiction,Miramax,Quentin Tarantino,Adventure,1994,154,High,R,5,2023-09-24
1657,Forrest Gump,Paramount Pictures,Robert Zemeckis,Crime,1994,142,High,PG-13,1,2022-01-16
123,The Social Network,Columbia Pictures,David Fincher,Adventure,2010,120,Medium,PG-13,1,2024-12-09
147,The Lion King,Walt Disney Pictures,Roger Allers,Comedy,1994,88,Low,G,1,2020-07-24
2204,Up,Pixar,Pete Docter,Animation,2009,96,Medium,PG,2,2023-07-16
2994,The Empire Strikes Back,Lucasfilm,Irvin Kershner,Comedy,1980,124,High,PG,4,2020-12-14
1042,The Godfather,Paramount Pictures,Francis Ford Coppola,Thriller,1972,175,High,R,1,2017-07-22
1773,Inception,Warner Bros.,Christopher Nolan,Adventure,2010,148,High,PG-13,4,2017-05-22
2779,Blade Runner 2049,Warner Bros.,Denis Villeneuve,Adventure,2017,164,High,R,3,2022-09-27
530,The Shawshank Redemption,Castle Rock Entertainment,Frank Darabont,Comedy,1994,142,High,R,3,2021-12-15
41,Forrest Gump,Paramount Pictures,Robert Zemeckis,Animation,1994,142,High,PG-13,1,2021-11-21
2073,The Shawshank Redemption,Castle Rock Entertainment,Frank Darabont,Fantasy,1994,142,High,R,5,2024-09-29
339,The Godfather,Paramount Pictures,Francis Ford Coppola,Sci-Fi,1972,175,High,R,3,2017-10-03
2557,Pulp Fiction,Miramax,Quentin Tarantino,Animation,1994,154,High,R,3,2023-05-15
171,Forrest Gump,Paramount Pictures,Robert Zemeckis,Comedy,1994,142,High,PG-13,3,2017-12-30
2407,Fight Club,20th Century Fox,David Fincher,Romance,1999,139,High,R,3,2023-04-30
2563,The Shawshank Redemption,Castle Rock Entertainment,Frank Darabont,Thriller,1994,142,High,R,2,2025-11-24
2922,The Shawshank Redemption,Castle Rock Entertainment,Frank Darabont,Adventure,1994,142,High,R,4,2015-01-21
2560,The Lion King,Walt Disney Pictures,Roger Allers,Action,1994,88,Low,G,4,2021-12-11
847,Whiplash,Blumhouse Productions,Damien Chazelle,Crime,2014,107,Medium,R,3,2016-10-13
2450,Back to the Future,Universal Pictures,Robert Zemeckis,Drama,1985,116,Medium,PG,2,2021-10-22
897,Schindler's List,Universal Pictures,Steven Spielberg,Sci-Fi,1993,195,High,R,4,2017-03-13
1008,The Shawshank Redemption,Castle Rock Entertainment,Frank Darabont,Romance,1994,142,High,R,2,2025-03-17
14,The Dark Knight,Warner Bros.,Christopher Nolan,Sci-Fi,2008,152,High,PG-13,3,2017-12-20
2633,Spirited Away,Studio Ghibli,Hayao Miyazaki,Drama,2001,125,High,PG,4,2021-09-12
247,The Matrix,Warner Bros.,Lana Wachowski,Adventure,1999,136,High,R,3,2024-01-11
670,Saving Private Ryan,DreamWorks/Amblin,Steven Spielberg,Fantasy,1998,169,High,R,2,2025-05-14
881,The Shawshank Redemption,Castle Rock Entertainment,Frank Darabont,Action,1994,142,High,R,5,2019-01-03
1197,The Shawshank Redemption,Castle Rock Entertainment,Frank Darabont,Adventure,1994,142,High,R,1,2015-04-01
2867,The Shawshank Redemption,Castle Rock Entertainment,Frank Darabont,Crime,1994,142,High,R,5,2016-07-27
228,The Shawshank Redemption,Castle Rock Entertainment,Frank Darabont,Sci-Fi,1994,142,High,R,5,2016-06-01
973,The Godfather,Paramount Pictures,Francis Ford Coppola,Crime,1972,175,High,R,1,2021-05-09
2174,Avengers: Endgame,Marvel Studios,Anthony Russo,Drama,2019,181,High,PG-13,3,2018-05-02
2115,The Godfather,Paramount Pictures,Francis Ford Coppola,Fantasy,1972,175,High,R,2,2025-04-06
838,The Dark Knight,Warner Bros.,Christopher Nolan,Fantasy,2008,152,High,PG-13,5,2020-01-06
2936,The Matrix,Warner Bros.,Lana Wachowski,Animation,1999,136,High,R,2,2018-01-14
430,The Godfather,Paramount Pictures,Francis Ford Coppola,Adventure,1972,175,High,R,2,2020-11-25
1991,The Dark Knight,Warner Bros.,Christopher Nolan,Crime,2008,152,High,PG-13,5,2016-10-04
566,The Shawshank Redemption,Castle Rock Entertainment,Frank Darabont,Thriller,1994,142,High,R,5,2024-10-04
1455,Pulp Fiction,Miramax,Quentin Tarantino,Comedy,1994,154,High,R,2,2021-07-31
757,Mad Max: Fury Road,Warner Bros.,George Miller,Crime,2015,120,Medium,R,5,2018-11-07
1716,The Green Mile,Castle Rock Entertainment,Frank Darabont,Adventure,1999,189,High,R,4,2022-09-09
1387,Whiplash,Blumhouse Productions,Damien Chazelle,Animation,2014,107,Medium,R,1,2018-10-10
2103,The Matrix,Warner Bros.,Lana Wachowski,Thriller,1999,136,High,R,1,2025-07-04
1243,The Shawshank Redemption,Castle Rock Entertainment,Frank Darabont,Sci-Fi,1994,142,High,R,5,2018-09-06
424,The Godfather,Paramount Pictures,Francis Ford Coppola,Animation,1972,175,High,R,4,2019-05-07
2903,The Empire Strikes Back,Lucasfilm,Irvin Kershner,Adventure,1980,124,High,PG,1,2024-03-31
2397,The Departed,Warner Bros.,Martin Scorsese,Animation,2006,151,High,R,5,2018-02-27
2344,Goodfellas,Warner Bros.,Martin Scorsese,Adventure,1990,146,High,R,1,2020-09-21
2916,The Shawshank Redemption,Castle Rock Entertainment,Frank Darabont,Comedy,1994,142,High,R,3,2019-07-26
1818,The Godfather,Paramount Pictures,Francis Ford Coppola,Thriller,1972,175,High,R,3,2015-04-20
1480,"Crouching Tiger, Hidden Dragon",Sony Pictures Classics,Ang Lee,Sci-Fi,2000,120,Medium,PG-13,5,2025-06-07
862,The Dark Knight,Warner Bros.,Christopher Nolan,Adventure,2008,152,High,PG-13,5,2022-10-29
319,The Dark Knight,Warner Bros.,Christopher Nolan,Adventure,2008,152,High,PG-13,5,2020-09-23
625,La La Land,Summit Entertainment,Damien Chazelle,Animation,2016,128,High,PG-13,2,2022-06-12
1852,Pulp Fiction,Miramax,Quentin Tarantino,Adventure,1994,154,High,R,3,2020-01-06
2353,The Silence of the Lambs,Orion Pictures,Jonathan Demme,Fantasy,1991,118,Medium,R,3,2019-03-05
2901,The Green Mile,Castle Rock Entertainment,Frank Darabont,Adventure,1999,189,High,R,3,2024-11-10
608,The Shawshank Redemption,Castle Rock Entertainment,Frank Darabont,Thriller,1994,142,High,R,5,2020-01-07
2442,The Social Network,Columbia Pictures,David Fincher,Romance,2010,120,Medium,PG-13,2,2020-05-30
255,Forrest Gump,Paramount Pictures,Robert Zemeckis,Drama,1994,142,High,PG-13,1,2020-07-14
1165,Gladiator,DreamWorks Pictures,Ridley Scott,Adventure,2000,155,High,R,3,2021-09-22
1705,Fight Club,20th Century Fox,David Fincher,Comedy,1999,139,High,R,5,2022-09-19
1747,Forrest Gump,Paramount Pictures,Robert Zemeckis,Comedy,1994,142,High,PG-13,1,2019-11-23
1728,The Shawshank Redemption,Castle Rock Entertainment,Frank Darabont,Romance,1994,142,High,R,3,2023-11-03
1352,Schindler's List,Universal Pictures,Steven Spielberg,Fantasy,1993,195,High,R,1,2016-09-22
123,The Dark Knight,Warner Bros.,Christopher Nolan,Thriller,2008,152,High,PG-13,3,2025-02-10
1080,"Crouching Tiger, Hidden Dragon",Sony Pictures Classics,Ang Lee,Fantasy,2000,120,Medium,PG-13,4,2020-01-04
508,The Lord of the Rings: The Return of the King,New Line Cinema,Peter Jackson,Drama,2003,201,High,PG-13,4,2018-05-18
2784,Whiplash,Blumhouse Productions,Damien Chazelle,Action,2014,107,Medium,R,4,2016-08-27
258,Forrest Gump,Paramount Pictures,Robert Zemeckis,Adventure,1994,142,High,PG-13,2,2024-01-12
2571,The King's Speech,The Weinstein Company,Tom Hooper,Adventure,2010,118,Medium,R,1,2022-10-11
2610,The Shawshank Redemption,Castle Rock Entertainment,Frank Darabont,Crime,1994,142,High,R,4,2025-03-01
1494,The Lion King,Walt Disney Pictures,Roger Allers,Drama,1994,88,Low,G,3,2018-03-04
1457,The Dark Knight,Warner Bros.,Christopher Nolan,Thriller,2008,152,High,PG-13,3,2018-12-17
1783,The Lord of the Rings: The Return of the King,New Line Cinema,Peter Jackson,Adventure,2003,201,High,PG-13,3,2025-05-11
2718,Saving Private Ryan,DreamWorks/Amblin,Steven Spielberg,Crime,1998,169,High,R,4,2021-04-05
1699,The Shawshank Redemption,Castle Rock Entertainment,Frank Darabont,Adventure,1994,142,High,R,4,2022-11-04
2510,Pulp Fiction,Miramax,Quentin Tarantino,Drama,1994,154,High,R,5,2024-03-14
2378,The Dark Knight,Warner Bros.,Christopher Nolan,Drama,2008,152,High,PG-13,3,2024-01-05
2940,The Shawshank Redemption,Castle Rock Entertainment,Frank Darabont,Animation,1994,142,High,R,4,2023-07-07
364,The Shawshank Redemption,Castle Rock Entertainment,Frank Darabont,Thriller,1994,142,High,R,1,2020-04-24
1316,The Dark Knight,Warner Bros.,Christopher Nolan,Adventure,2008,152,High,PG-13,4,2021-04-09
2389,The Departed,Warner Bros.,Martin Scorsese,Crime,2006,151,High,R,5,2020-02-15
190,The Godfather,Paramount Pictures,Francis Ford Coppola,Sci-Fi,1972,175,High,R,5,2019-04-21
281,Whiplash,Blumhouse Productions,Damien Chazelle,Romance,2014,107,Medium,R,2,2024-10-04
2359,Schindler's List,Universal Pictures,Steven Spielberg,Sci-Fi,1993,195,High,R,1,2020-11-14
1435,Blade Runner,Warner Bros.,Ridley Scott,Animation,1982,117,Medium,R,5,2021-02-15
1510,The Silence of the Lambs,Orion Pictures,Jonathan Demme,Drama,1991,118,Medium,R,1,2015-05-17
321,The Dark Knight,Warner Bros.,Christopher Nolan,Animation,2008,152,High,PG-13,2,2021-09-12
180,The Shawshank Redemption,Castle Rock Entertainment,Frank Darabont,Adventure,1994,142,High,R,2,2016-12-10
2504,The Shawshank Redemption,Castle Rock Entertainment,Frank Darabont,Comedy,1994,142,High,R,1,2015-05-16
2338,Gladiator,DreamWorks Pictures,Ridley Scott,Thriller,2000,155,High,R,2,2025-07-19
758,Pulp Fiction,Miramax,Quentin Tarantino,Fantasy,1994,154,High,R,5,2015-06-24
2607,Avengers: Endgame,Marvel Studios,Anthony Russo,Thriller,2019,181,High,PG-13,5,2021-04-14
2181,Pulp Fiction,Miramax,Quentin Tarantino,Action,1994,154,High,R,1,2021-04-11
1843,The Lord of the Rings: The Return of the King,New Line Cinema,Peter Jackson,Animation,2003,201,High,PG-13,3,2018-03-06
1656,Inception,Warner Bros.,Christopher Nolan,Sci-Fi,2010,148,High,PG-13,4,2019-11-06
33,The Godfather,Paramount Pictures,Francis Ford Coppola,Comedy,1972,175,High,R,2,2023-04-16
380,Fight Club,20th Century Fox,David Fincher,Comedy,1999,139,High,R,5,2022-11-04
1197,The Shawshank Redemption,Castle Rock Entertainment,Frank Darabont,Action,1994,142,High,R,4,2019-11-17
1126,Forrest Gump,Paramount Pictures,Robert Zemeckis,Action,1994,142,High,PG-13,4,2018-06-11
2289,The Social Network,Columbia Pictures,David Fincher,Comedy,2010,120,Medium,PG-13,4,2022-04-09
1779,The Shawshank Redemption,Castle Rock Entertainment,Frank Darabont,Action,1994,142,High,R,4,2021-09-20
2668,Pulp Fiction,Miramax,Quentin Tarantino,Fantasy,1994,154,High,R,5,2023-10-20
1818,The Godfather,Paramount Pictures,Francis Ford Coppola,Crime,1972,175,High,R,5,2020-04-27
2321,The Lion King,Walt Disney Pictures,Roger Allers,Comedy,1994,88,Low,G,3,2021-11-01
2719,The Shawshank Redemption,Castle Rock Entertainment,Frank Darabont,Sci-Fi,1994,142,High,R,5,2020-01-01
2498,The Shawshank Redemption,Castle Rock Entertainment,Frank Darabont,Comedy,1994,142,High,R,4,2024-02-23
1372,The Shawshank Redemption,Castle Rock Entertainment,Frank Darabont,Romance,1994,142,High,R,5,2022-11-20
1791,The Godfather,Paramount Pictures,Francis Ford Coppola,Adventure,1972,175,High,R,3,2024-01-23
1144,The Dark Knight,Warner Bros.,Christopher Nolan,Action,2008,152,High,PG-13,2,2021-11-24
2390,The Shawshank Redemption,Castle Rock Entertainment,Frank Darabont,Action,1994,142,High,R,4,2023-11-20
1537,Se7en,New Line Cinema,David Fincher,Animation,1995,127,High,R,5,2024-01-12
1714,The Godfather,Paramount Pictures,Francis Ford Coppola,Romance,1972,175,High,R,4,2019-05-19
499,Schindler's List,Universal Pictures,Steven Spielberg,Animation,1993,195,High,R,1,2025-10-01
570,Schindler's List,Universal Pictures,Steven Spielberg,Animation,1993,195,High,R,2,2024-06-01
2663,The Matrix,Warner Bros.,Lana Wachowski,Action,1999,136,High,R,2,2022-06-16
2295,The Silence of the Lambs,Orion Pictures,Jonathan Demme,Action,1991,118,Medium,R,3,2019-04-21
1916,Forrest Gump,Paramount Pictures,Robert Zemeckis,Action,1994,142,High,PG-13,1,2017-07-16
1106,The Shawshank Redemption,Castle Rock Entertainment,Frank Darabont,Fantasy,1994,142,High,R,5,2023-09-04
2109,The Shawshank Redemption,Castle Rock Entertainment,Frank Darabont,Sci-Fi,1994,142,High,R,1,2017-04-14
1339,Pulp Fiction,Miramax,Quentin Tarantino,Comedy,1994,154,High,R,5,2025-10-22
1088,Forrest Gump,Paramount Pictures,Robert Zemeckis,Thriller,1994,142,High,PG-13,1,2025-05-30
2812,The Prestige,Warner Bros.,Christopher Nolan,Adventure,2006,130,High,PG-13,5,2019-04-27
1636,Saving Private Ryan,DreamWorks/Amblin,Steven Spielberg,Adventure,1998,169,High,R,4,2022-06-06
1579,Schindler's List,Universal Pictures,Steven Spielberg,Adventure,1993,195,High,R,4,2020-08-19
1445,Fight Club,20th Century Fox,David Fincher,Drama,1999,139,High,R,1,2024-12-10
1962,The Dark Knight,Warner Bros.,Christopher Nolan,Action,2008,152,High,PG-13,4,2022-02-22
2465,Schindler's List,Universal Pictures,Steven Spielberg,Comedy,1993,195,High,R,3,2025-07-19
1913,The Godfather,Paramount Pictures,Francis Ford Coppola,Sci-Fi,1972,175,High,R,2,2016-11-09
1780,The Shawshank Redemption,Castle Rock Entertainment,Frank Darabont,Sci-Fi,1994,142,High,R,1,2017-11-11
174,The Dark Knight,Warner Bros.,Christopher Nolan,Comedy,2008,152,High,PG-13,3,2016-12-28
2806,The Shawshank Redemption,Castle Rock Entertainment,Frank Darabont,Action,1994,142,High,R,1,2025-12-30
2931,Inception,Warner Bros.,Christopher Nolan,Fantasy,2010,148,High,PG-13,3,2020-02-11
1023,The Shawshank Redemption,Castle Rock Entertainment,Frank Darabont,Adventure,1994,142,High,R,2,2015-07-27
2162,The Godfather,Paramount Pictures,Francis Ford Coppola,Romance,1972,175,High,R,1,2021-05-30
1533,The Dark Knight,Warner Bros.,Christopher Nolan,Drama,2008,152,High,PG-13,3,2019-08-02
2242,The Silence of the Lambs,Orion Pictures,Jonathan Demme,Thriller,1991,118,Medium,R,2,2018-07-20
1078,The Godfather,Paramount Pictures,Francis Ford Coppola,Animation,1972,175,High,R,1,2022-01-07
2305,Heat,Warner Bros.,Michael Mann,Action,1995,170,High,R,2,2022-12-16
2910,Forrest Gump,Paramount Pictures,Robert Zemeckis,Fantasy,1994,142,High,PG-13,4,2019-08-10
2421,Django Unchained,Columbia Pictures,Quentin Tarantino,Action,2012,165,High,R,4,2022-07-13
849,Interstellar,Paramount Pictures,Christopher Nolan,Drama,2014,169,High,PG-13,3,2016-06-11
167,The Shawshank Redemption,Castle Rock Entertainment,Frank Darabont,Crime,1994,142,High,R,1,2019-07-06
318,The Truman Show,Paramount Pictures,Peter Weir,Animation,1998,103,Medium,PG,5,2025-11-19
1490,Goodfellas,Warner Bros.,Martin Scorsese,Fantasy,1990,146,High,R,1,2015-06-06
1095,The Shawshank Redemption,Castle Rock Entertainment,Frank Darabont,Romance,1994,142,High,R,1,2020-12-05
1665,The Dark Knight,Warner Bros.,Christopher Nolan,Comedy,2008,152,High,PG-13,5,2024-04-30
544,The Dark Knight,Warner Bros.,Christopher Nolan,Romance,2008,152,High,PG-13,1,2018-09-29
2542,Forrest Gump,Paramount Pictures,Robert Zemeckis,Action,1994,142,High,PG-13,3,2021-11-29
1297,Pulp Fiction,Miramax,Quentin Tarantino,Crime,1994,154,High,R,3,2017-06-01
1279,There Will Be Blood,Paramount Vantage,Paul Thomas Anderson,Animation,2007,158,High,R,2,2015-07-03
2997,The King's Speech,The Weinstein Company,Tom Hooper,Drama,2010,118,Medium,R,4,2020-05-16
165,No Country for Old Men,Mirage Enterprises,Ethan Coen,Adventure,2007,122,High,R,1,2017-06-23
628,Pulp Fiction,Miramax,Quentin Tarantino,Drama,1994,154,High,R,5,2023-06-04
2252,No Country for Old Men,Mirage Enterprises,Ethan Coen,Action,2007,122,High,R,1,2019-07-03
824,The Matrix,Warner Bros.,Lana Wachowski,Comedy,1999,136,High,R,3,2024-01-05
980,The Lion King,Walt Disney Pictures,Roger Allers,Crime,1994,88,Low,G,3,2020-01-05
1007,Up,Pixar,Pete Docter,Action,2009,96,Medium,PG,1,2018-03-06
1020,The Shawshank Redemption,Castle Rock Entertainment,Frank Darabont,Action,1994,142,High,R,4,2018-03-01
1685,Saving Private Ryan,DreamWorks/Amblin,Steven Spielberg,Action,1998,169,High,R,4,2019-10-07
825,The Dark Knight,Warner Bros.,Christopher Nolan,Drama,2008,152,High,PG-13,2,2017-06-26
2090,The Dark Knight,Warner Bros.,Christopher Nolan,Sci-Fi,2008,152,High,PG-13,3,2018-10-23
1335,The Shawshank Redemption,Castle Rock Entertainment,Frank Darabont,Action,1994,142,High,R,3,2020-02-02
569,The Godfather,Paramount Pictures,Francis Ford Coppola,Action,1972,175,High,R,4,2020-02-15
1938,No Country for Old Men,Mirage Enterprises,Ethan Coen,Thriller,2007,122,High,R,4,2022-01-20
1287,Goodfellas,Warner Bros.,Martin Scorsese,Action,1990,146,High,R,4,2023-02-13
2807,The Shawshank Redemption,Castle Rock Entertainment,Frank Darabont,Drama,1994,142,High,R,3,2025-02-17
1746,The Truman Show,Paramount Pictures,Peter Weir,Animation,1998,103,Medium,PG,4,2015-06-20
312,The Matrix,Warner Bros.,Lana Wachowski,Adventure,1999,136,High,R,4,2025-09-24
2141,The Departed,Warner Bros.,Martin Scorsese,Action,2006,151,High,R,1,2022-10-29
2819,The Shawshank Redemption,Castle Rock Entertainment,Frank Darabont,Sci-Fi,1994,142,High,R,4,2024-10-01
769,The Matrix,Warner Bros.,Lana Wachowski,Action,1999,136,High,R,2,2019-02-03
2580,The Matrix,Warner Bros.,Lana Wachowski,Thriller,1999,136,High,R,2,2015-03-10
2387,Mad Max: Fury Road,Warner Bros.,George Miller,Comedy,2015,120,Medium,R,5,2018-02-28
1938,Interstellar,Paramount Pictures,Christopher Nolan,Crime,2014,169,High,PG-13,4,2018-09-17
772,The Lion King,Walt Disney Pictures,Roger Allers,Fantasy,1994,88,Low,G,5,2018-04-30
132,The Shawshank Redemption,Castle Rock Entertainment,Frank Darabont,Crime,1994,142,High,R,5,2017-07-19
1086,The Shawshank Redemption,Castle Rock Entertainment,Frank Darabont,Action,1994,142,High,R,4,2022-08-31
2803,Pulp Fiction,Miramax,Quentin Tarantino,Animation,1994,154,High,R,3,2022-01-16
585,The Godfather,Paramount Pictures,Francis Ford Coppola,Crime,1972,175,High,R,5,2015-04-11
2673,Titanic,Paramount Pictures,James Cameron,Comedy,1997,195,High,PG-13,1,2024-08-07
2067,Avengers: Endgame,Marvel Studios,Anthony Russo,Adventure,2019,181,High,PG-13,3,2021-02-07
2486,The Shawshank Redemption,Castle Rock Entertainment,Frank Darabont,Adventure,1994,142,High,R,1,2015-07-24
1496,The Godfather,Paramount Pictures,Francis Ford Coppola,Comedy,1972,175,High,R,4,2023-09-09
976,Titanic,Paramount Pictures,James Cameron,Thriller,1997,195,High,PG-13,4,2017-04-11
1240,The Shawshank Redemption,Castle Rock Entertainment,Frank Darabont,Fantasy,1994,142,High,R,3,2022-11-06
2213,The Shawshank Redemption,Castle Rock Entertainment,Frank Darabont,Drama,1994,142,High,R,1,2021-06-24
1080,There Will Be Blood,Paramount Vantage,Paul Thomas Anderson,Crime,2007,158,High,R,4,2023-08-25
2650,The Godfather,Paramount Pictures,Francis Ford Coppola,Fantasy,1972,175,High,R,1,2022-03-05
1105,The Shawshank Redemption,Castle Rock Entertainment,Frank Darabont,Fantasy,1994,142,High,R,1,2024-04-16
2883,Pulp Fiction,Miramax,Quentin Tarantino,Crime,1994,154,High,R,2,2018-10-28
2786,Interstellar,Paramount Pictures,Christopher Nolan,Romance,2014,169,High,PG-13,2,2021-03-10
2571,Back to the Future,Universal Pictures,Robert Zemeckis,Thriller,1985,116,Medium,PG,2,2025-04-28
2630,The Lion King,Walt Disney Pictures,Roger Allers,Fantasy,1994,88,Low,G,1,2020-01-14
2168,Parasite,CJ Entertainment,Bong Joon-ho,Animation,2019,132,High,R,3,2019-04-09
1536,The Shawshank Redemption,Castle Rock Entertainment,Frank Darabont,Sci-Fi,1994,142,High,R,5,2019-12-26
970,The Shawshank Redemption,Castle Rock Entertainment,Frank Darabont,Romance,1994,142,High,R,1,2020-07-14
2874,WALL·E,Pixar,Andrew Stanton,Romance,2008,98,Medium,G,2,2015-05-06
1488,The Shawshank Redemption,Castle Rock Entertainment,Frank Darabont,Drama,1994,142,High,R,3,2023-02-01
1551,No Country for Old Men,Mirage Enterprises,Ethan Coen,Romance,2007,122,High,R,1,2023-09-08
2939,The Lord of the Rings: The Return of the King,New Line Cinema,Peter Jackson,Animation,2003,201,High,PG-13,2,2017-10-10
1540,Schindler's List,Universal Pictures,Steven Spielberg,Fantasy,1993,195,High,R,5,2017-05-17
2467,The Godfather,Paramount Pictures,Francis Ford Coppola,Fantasy,1972,175,High,R,1,2020-10-27
1580,Gladiator,DreamWorks Pictures,Ridley Scott,Comedy,2000,155,High,R,3,2015-06-26
612,The Dark Knight,Warner Bros.,Christopher Nolan,Comedy,2008,152,High,PG-13,3,2024-04-14
1510,Spirited Away,Studio Ghibli,Hayao Miyazaki,Adventure,2001,125,High,PG,5,2017-04-09
1511,Forrest Gump,Paramount Pictures,Robert Zemeckis,Fantasy,1994,142,High,PG-13,4,2024-09-13
51,The Shawshank Redemption,Castle Rock Entertainment,Frank Darabont,Comedy,1994,142,High,R,4,2017-01-06
2673,Forrest Gump,Paramount Pictures,Robert Zemeckis,Adventure,1994,142,High,PG-13,4,2016-08-25
2380,The King's Speech,The Weinstein Company,Tom Hooper,Action,2010,118,Medium,R,4,2016-03-29
528,Schindler's List,Universal Pictures,Steven Spielberg,Action,1993,195,High,R,4,2015-04-17
2299,Spirited Away,Studio Ghibli,Hayao Miyazaki,Sci-Fi,2001,125,High,PG,1,2016-05-11
2484,Pulp Fiction,Miramax,Quentin Tarantino,Drama,1994,154,High,R,1,2015-04-19
14,Moonlight,A24,Barry Jenkins,Thriller,2016,111,Medium,R,4,2024-05-27
2342,The Matrix,Warner Bros.,Lana Wachowski,Crime,1999,136,High,R,5,2018-02-14
1915,The Shawshank Redemption,Castle Rock Entertainment,Frank Darabont,Animation,1994,142,High,R,1,2022-05-01
2828,The Shawshank Redemption,Castle Rock Entertainment,Frank Darabont,Thriller,1994,142,High,R,2,2020-08-08
1412,Pulp Fiction,Miramax,Quentin Tarantino,Action,1994,154,High,R,5,2015-04-09
2011,Blade Runner 2049,Warner Bros.,Denis Villeneuve,Animation,2017,164,High,R,4,2020-03-19
2749,The Social Network,Columbia Pictures,David Fincher,Drama,2010,120,Medium,PG-13,1,2018-02-10
531,The Matrix,Warner Bros.,Lana Wachowski,Action,1999,136,High,R,4,2020-09-05
1376,The Grand Budapest Hotel,Fox Searchlight,Wes Anderson,Crime,2014,99,Medium,R,1,2021-04-25
1778,Pulp Fiction,Miramax,Quentin Tarantino,Romance,1994,154,High,R,4,2018-06-07
2604,The Shawshank Redemption,Castle Rock Entertainment,Frank Darabont,Fantasy,1994,142,High,R,4,2017-04-08
2849,The Godfather,Paramount Pictures,Francis Ford Coppola,Romance,1972,175,High,R,3,2019-05-18
686,Saving Private Ryan,DreamWorks/Amblin,Steven Spielberg,Crime,1998,169,High,R,5,2024-03-02
839,The Shawshank Redemption,Castle Rock Entertainment,Frank Darabont,Adventure,1994,142,High,R,1,2025-11-20
2716,The Dark Knight,Warner Bros.,Christopher Nolan,Thriller,2008,152,High,PG-13,5,2025-06-21
2746,Pulp Fiction,Miramax,Quentin Tarantino,Comedy,1994,154,High,R,5,2023-10-10
2032,The Lord of the Rings: The Return of the King,New Line Cinema,Peter Jackson,Adventure,2003,201,High,PG-13,1,2015-07-19
1089,The Dark Knight,Warner Bros.,Christopher Nolan,Sci-Fi,2008,152,High,PG-13,4,2023-05-18
1937,The Grand Budapest Hotel,Fox Searchlight,Wes Anderson,Animation,2014,99,Medium,R,4,2022-03-02
536,The Shawshank Redemption,Castle Rock Entertainment,Frank Darabont,Animation,1994,142,High,R,1,2021-03-06
2088,Titanic,Paramount Pictures,James Cameron,Fantasy,1997,195,High,PG-13,4,2017-12-09
2488,Pulp Fiction,Miramax,Quentin Tarantino,Comedy,1994,154,High,R,4,2020-01-22
2778,The Godfather,Paramount Pictures,Francis Ford Coppola,Romance,1972,175,High,R,5,2022-06-23
2200,The King's Speech,The Weinstein Company,Tom Hooper,Animation,2010,118,Medium,R,3,2017-06-04
2418,The Godfather,Paramount Pictures,Francis Ford Coppola,Sci-Fi,1972,175,High,R,5,2021-06-28
593,Forrest Gump,Paramount Pictures,Robert Zemeckis,Crime,1994,142,High,PG-13,2,2018-12-07
253,The Departed,Warner Bros.,Martin Scorsese,Crime,2006,151,High,R,5,2017-03-30
2368,Interstellar,Paramount Pictures,Christopher Nolan,Comedy,2014,169,High,PG-13,4,2022-03-08
2365,The Shawshank Redemption,Castle Rock Entertainment,Frank Darabont,Sci-Fi,1994,142,High,R,4,2016-04-03
775,The Shawshank Redemption,Castle Rock Entertainment,Frank Darabont,Sci-Fi,1994,142,High,R,5,2021-06-14
2569,The Shawshank Redemption,Castle Rock Entertainment,Frank Darabont,Thriller,1994,142,High,R,1,2017-05-21
888,The Shawshank Redemption,Castle Rock Entertainment,Frank Darabont,Animation,1994,142,High,R,4,2021-03-30
2112,The Shawshank Redemption,Castle Rock Entertainment,Frank Darabont,Sci-Fi,1994,142,High,R,5,2016-06-27
965,Saving Private Ryan,DreamWorks/Amblin,Steven Spielberg,Fantasy,1998,169,High,R,3,2017-08-08
2825,The Godfather,Paramount Pictures,Francis Ford Coppola,Adventure,1972,175,High,R,2,2019-10-01
1134,The Shawshank Redemption,Castle Rock Entertainment,Frank Darabont,Action,1994,142,High,R,5,2022-07-29
2066,Whiplash,Blumhouse Productions,Damien Chazelle,Fantasy,2014,107,Medium,R,3,2020-05-20
1652,The Shawshank Redemption,Castle Rock Entertainment,Frank Darabont,Action,1994,142,High,R,5,2016-10-07
1509,The Matrix,Warner Bros.,Lana Wachowski,Romance,1999,136,High,R,2,2018-04-04
677,The Shawshank Redemption,Castle Rock Entertainment,Frank Darabont,Thriller,1994,142,High,R,5,2025-12-01
339,Saving Private Ryan,DreamWorks/Amblin,Steven Spielberg,Action,1998,169,High,R,5,2017-06-24
1375,Pulp Fiction,Miramax,Quentin Tarantino,Fantasy,1994,154,High,R,5,2019-11-03
2667,Avengers: Endgame,Marvel Studios,Anthony Russo,Drama,2019,181,High,PG-13,2,2021-05-14
2639,The Godfather,Paramount Pictures,Francis Ford Coppola,Fantasy,1972,175,High,R,3,2024-05-19
1976,Schindler's List,Universal Pictures,Steven Spielberg,Adventure,1993,195,High,R,3,2025-10-29
2305,Interstellar,Paramount Pictures,Christopher Nolan,Fantasy,2014,169,High,PG-13,4,2023-10-04
515,The Shawshank Redemption,Castle Rock Entertainment,Frank Darabont,Comedy,1994,142,High,R,2,2015-10-31
1308,The Empire Strikes Back,Lucasfilm,Irvin Kershner,Thriller,1980,124,High,PG,3,2022-03-09
2850,The Shawshank Redemption,Castle Rock Entertainment,Frank Darabont,Thriller,1994,142,High,R,5,2025-05-16
130,The Shawshank Redemption,Castle Rock Entertainment,Frank Darabont,Adventure,1994,142,High,R,4,2018-12-11
206,La La Land,Summit Entertainment,Damien Chazelle,Action,2016,128,High,PG-13,4,2016-10-08
771,The Lord of the Rings: The Return of the King,New Line Cinema,Peter Jackson,Animation,2003,201,High,PG-13,1,2023-03-22
1444,The Dark Knight,Warner Bros.,Christopher Nolan,Adventure,2008,152,High,PG-13,4,2022-03-21
808,Django Unchained,Columbia Pictures,Quentin Tarantino,Action,2012,165,High,R,5,2017-11-16
1547,The Shawshank Redemption,Castle Rock Entertainment,Frank Darabont,Crime,1994,142,High,R,4,2021-01-03
2134,Moonlight,A24,Barry Jenkins,Fantasy,2016,111,Medium,R,1,2024-01-17
2346,Inception,Warner Bros.,Christopher Nolan,Adventure,2010,148,High,PG-13,1,2019-06-26
1117,Se7en,New Line Cinema,David Fincher,Thriller,1995,127,High,R,5,2022-03-19
2937,The Godfather,Paramount Pictures,Francis Ford Coppola,Crime,1972,175,High,R,1,2023-10-24
1994,The Shawshank Redemption,Castle Rock Entertainment,Frank Darabont,Comedy,1994,142,High,R,2,2024-08-15
2549,Whiplash,Blumhouse Productions,Damien Chazelle,Romance,2014,107,Medium,R,4,2017-12-02
470,The Shawshank Redemption,Castle Rock Entertainment,Frank Darabont,Comedy,1994,142,High,R,5,2016-09-07
2149,The Truman Show,Paramount Pictures,Peter Weir,Drama,1998,103,Medium,PG,1,2024-07-16
2623,Saving Private Ryan,DreamWorks/Amblin,Steven Spielberg,Animation,1998,169,High,R,5,2024-11-02
466,The Lord of the Rings: The Return of the King,New Line Cinema,Peter Jackson,Romance,2003,201,High,PG-13,5,2022-03-12
1515,The Shawshank Redemption,Castle Rock Entertainment,Frank Darabont,Action,1994,142,High,R,5,2017-10-02
1257,Pulp Fiction,Miramax,Quentin Tarantino,Adventure,1994,154,High,R,2,2020-12-05
1331,Saving Private Ryan,DreamWorks/Amblin,Steven Spielberg,Crime,1998,169,High,R,1,2016-01-01
1877,Gladiator,DreamWorks Pictures,Ridley Scott,Drama,2000,155,High,R,2,2018-05-12
1688,The Dark Knight,Warner Bros.,Christopher Nolan,Drama,2008,152,High,PG-13,1,2024-10-06
1237,The Godfather,Paramount Pictures,Francis Ford Coppola,Action,1972,175,High,R,4,2017-02-06
1705,Back to the Future,Universal Pictures,Robert Zemeckis,Adventure,1985,116,Medium,PG,3,2018-03-08
506,Heat,Warner Bros.,Michael Mann,Drama,1995,170,High,R,2,2025-10-13
1595,Back to the Future,Universal Pictures,Robert Zemeckis,Adventure,1985,116,Medium,PG,3,2023-11-23
1024,The Lord of the Rings: The Return of the King,New Line Cinema,Peter Jackson,Action,2003,201,High,PG-13,2,2022-06-11
342,Fight Club,20th Century Fox,David Fincher,Drama,1999,139,High,R,4,2024-05-19
1132,Se7en,New Line Cinema,David Fincher,Thriller,1995,127,High,R,3,2017-07-27
1395,The Dark Knight,Warner Bros.,Christopher Nolan,Drama,2008,152,High,PG-13,5,2025-05-20
204,Back to the Future,Universal Pictures,Robert Zemeckis,Comedy,1985,116,Medium,PG,4,2022-09-07
1024,Titanic,Paramount Pictures,James Cameron,Drama,1997,195,High,PG-13,4,2015-07-27
1809,Blade Runner 2049,Warner Bros.,Denis Villeneuve,Animation,2017,164,High,R,1,2015-07-30
778,The Matrix,Warner Bros.,Lana Wachowski,Adventure,1999,136,High,R,1,2019-05-22
350,The Dark Knight,Warner Bros.,Christopher Nolan,Crime,2008,152,High,PG-13,3,2022-02-03
1193,Goodfellas,Warner Bros.,Martin Scorsese,Drama,1990,146,High,R,2,2016-11-08
276,The Silence of the Lambs,Orion Pictures,Jonathan Demme,Fantasy,1991,118,Medium,R,3,2019-06-24
1787,The Dark Knight,Warner Bros.,Christopher Nolan,Drama,2008,152,High,PG-13,5,2018-10-14
1376,The Godfather,Paramount Pictures,Francis Ford Coppola,Crime,1972,175,High,R,5,2023-03-17
808,The Godfather,Paramount Pictures,Francis Ford Coppola,Thriller,1972,175,High,R,2,2022-07-24
2122,Pulp Fiction,Miramax,Quentin Tarantino,Adventure,1994,154,High,R,1,2016-07-29
1766,The Dark Knight,Warner Bros.,Christopher Nolan,Romance,2008,152,High,PG-13,1,2018-09-08
1800,Interstellar,Paramount Pictures,Christopher Nolan,Adventure,2014,169,High,PG-13,5,2016-04-22
1940,The Silence of the Lambs,Orion Pictures,Jonathan Demme,Crime,1991,118,Medium,R,3,2023-02-25
1349,Fight Club,20th Century Fox,David Fincher,Romance,1999,139,High,R,1,2022-11-23
698,The Shawshank Redemption,Castle Rock Entertainment,Frank Darabont,Comedy,1994,142,High,R,5,2016-12-31
2809,The Shawshank Redemption,Castle Rock Entertainment,Frank Darabont,Romance,1994,142,High,R,1,2022-03-19
2388,The Shawshank Redemption,Castle Rock Entertainment,Frank Darabont,Comedy,1994,142,High,R,2,2021-05-25
1189,Avengers: Endgame,Marvel Studios,Anthony Russo,Comedy,2019,181,High,PG-13,5,2016-04-07
2103,The Shawshank Redemption,Castle Rock Entertainment,Frank Darabont,Drama,1994,142,High,R,1,2017-06-05
777,Toy Story,Pixar,John Lasseter,Sci-Fi,1995,81,Low,G,5,2021-07-08
1317,The Matrix,Warner Bros.,Lana Wachowski,Comedy,1999,136,High,R,2,2019-08-16
2911,The Shawshank Redemption,Castle Rock Entertainment,Frank Darabont,Crime,1994,142,High,R,2,2024-03-15
176,The Shawshank Redemption,Castle Rock Entertainment,Frank Darabont,Fantasy,1994,142,High,R,3,2024-12-24
1240,The Shawshank Redemption,Castle Rock Entertainment,Frank Darabont,Romance,1994,142,High,R,5,2022-04-02
2062,Interstellar,Paramount Pictures,Christopher Nolan,Sci-Fi,2014,169,High,PG-13,5,2025-12-26
1491,Inception,Warner Bros.,Christopher Nolan,Animation,2010,148,High,PG-13,4,2019-07-10
2222,The Lord of the Rings: The Return of the King,New Line Cinema,Peter Jackson,Animation,2003,201,High,PG-13,1,2022-10-01
1013,The Shawshank Redemption,Castle Rock Entertainment,Frank Darabont,Action,1994,142,High,R,5,2016-05-25
2485,Schindler's List,Universal Pictures,Steven Spielberg,Fantasy,1993,195,High,R,3,2025-08-24
1119,Alien,20th Century Fox,Ridley Scott,Sci-Fi,1979,117,Medium,R,3,2025-09-23
1284,Interstellar,Paramount Pictures,Christopher Nolan,Romance,2014,169,High,PG-13,1,2025-03-11
2682,The Shawshank Redemption,Castle Rock Entertainment,Frank Darabont,Action,1994,142,High,R,1,2021-04-11
253,The Shawshank Redemption,Castle Rock Entertainment,Frank Darabont,Crime,1994,142,High,R,1,2017-02-20
1472,Inception,Warner Bros.,Christopher Nolan,Action,2010,148,High,PG-13,2,2016-02-24
966,The Dark Knight,Warner Bros.,Christopher Nolan,Animation,2008,152,High,PG-13,2,2024-12-13
2930,The Godfather,Paramount Pictures,Francis Ford Coppola,Animation,1972,175,High,R,3,2025-06-23
2976,Inside Out,Pixar,Pete Docter,Action,2015,95,Medium,PG,2,2024-11-19
1610,The Grand Budapest Hotel,Fox Searchlight,Wes Anderson,Comedy,2014,99,Medium,R,4,2016-12-14
648,Forrest Gump,Paramount Pictures,Robert Zemeckis,Crime,1994,142,High,PG-13,2,2023-10-02
1037,The Shawshank Redemption,Castle Rock Entertainment,Frank Darabont,Action,1994,142,High,R,3,2017-10-08
162,The Shawshank Redemption,Castle Rock Entertainment,Frank Darabont,Animation,1994,142,High,R,4,2019-12-12
1274,American Beauty,DreamWorks,Sam Mendes,Fantasy,1999,122,High,R,4,2015-05-02
2599,The Departed,Warner Bros.,Martin Scorsese,Romance,2006,151,High,R,2,2022-04-23
2621,"Crouching Tiger, Hidden Dragon",Sony Pictures Classics,Ang Lee,Romance,2000,120,Medium,PG-13,5,2020-07-14
1925,Gladiator,DreamWorks Pictures,Ridley Scott,Sci-Fi,2000,155,High,R,4,2025-03-16
550,The Godfather,Paramount Pictures,Francis Ford Coppola,Animation,1972,175,High,R,4,2020-06-16
1197,The Shawshank Redemption,Castle Rock Entertainment,Frank Darabont,Fantasy,1994,142,High,R,3,2017-01-01
896,Parasite,CJ Entertainment,Bong Joon-ho,Drama,2019,132,High,R,1,2017-09-14
2818,Interstellar,Paramount Pictures,Christopher Nolan,Adventure,2014,169,High,PG-13,1,2015-03-18
593,The Empire Strikes Back,Lucasfilm,Irvin Kershner,Romance,1980,124,High,PG,4,2025-11-02
1133,The Godfather,Paramount Pictures,Francis Ford Coppola,Fantasy,1972,175,High,R,2,2018-11-12
266,The Shawshank Redemption,Castle Rock Entertainment,Frank Darabont,Adventure,1994,142,High,R,3,2024-12-05
850,Pulp Fiction,Miramax,Quentin Tarantino,Animation,1994,154,High,R,5,2022-07-11
2966,The Matrix,Warner Bros.,Lana Wachowski,Fantasy,1999,136,High,R,4,2023-06-10
1307,Blade Runner,Warner Bros.,Ridley Scott,Thriller,1982,117,Medium,R,5,2021-03-06
424,Interstellar,Paramount Pictures,Christopher Nolan,Thriller,2014,169,High,PG-13,5,2022-05-17
782,Saving Private Ryan,DreamWorks/Amblin,Steven Spielberg,Action,1998,169,High,R,5,2021-06-19
1882,Avengers: Endgame,Marvel Studios,Anthony Russo,Thriller,2019,181,High,PG-13,2,2023-09-18
1959,Fight Club,20th Century Fox,David Fincher,Sci-Fi,1999,139,High,R,5,2015-03-29
2666,Moonlight,A24,Barry Jenkins,Drama,2016,111,Medium,R,3,2017-01-09
2665,The Green Mile,Castle Rock Entertainment,Frank Darabont,Adventure,1999,189,High,R,4,2023-09-03
1505,The Godfather,Paramount Pictures,Francis Ford Coppola,Animation,1972,175,High,R,5,2021-10-02
1747,The Matrix,Warner Bros.,Lana Wachowski,Crime,1999,136,High,R,1,2023-02-19
332,The Empire Strikes Back,Lucasfilm,Irvin Kershner,Romance,1980,124,High,PG,2,2022-07-25
2897,Schindler's List,Universal Pictures,Steven Spielberg,Adventure,1993,195,High,R,2,2018-07-03
1923,Forrest Gump,Paramount Pictures,Robert Zemeckis,Drama,1994,142,High,PG-13,3,2015-01-29
1536,The Usual Suspects,Gramercy Pictures,Bryan Singer,Drama,1995,106,Medium,R,4,2020-05-17
1219,The Shawshank Redemption,Castle Rock Entertainment,Frank Darabont,Animation,1994,142,High,R,5,2025-04-21
1637,Fight Club,20th Century Fox,David Fincher,Romance,1999,139,High,R,5,2021-11-11
2067,The Shawshank Redemption,Castle Rock Entertainment,Frank Darabont,Adventure,1994,142,High,R,4,2019-03-28
290,Pulp Fiction,Miramax,Quentin Tarantino,Sci-Fi,1994,154,High,R,2,2023-08-15
2371,The Godfather,Paramount Pictures,Francis Ford Coppola,Drama,1972,175,High,R,3,2025-03-24
1145,The Dark Knight,Warner Bros.,Christopher Nolan,Romance,2008,152,High,PG-13,3,2021-03-12
1519,Goodfellas,Warner Bros.,Martin Scorsese,Comedy,1990,146,High,R,2,2016-10-29
774,The Matrix,Warner Bros.,Lana Wachowski,Adventure,1999,136,High,R,1,2017-03-14
1438,Gladiator,DreamWorks Pictures,Ridley Scott,Adventure,2000,155,High,R,5,2015-10-03
2702,The Godfather,Paramount Pictures,Francis Ford Coppola,Romance,1972,175,High,R,4,2017-05-02
2444,Interstellar,Paramount Pictures,Christopher Nolan,Crime,2014,169,High,PG-13,1,2015-04-17
2755,Pulp Fiction,Miramax,Quentin Tarantino,Comedy,1994,154,High,R,3,2016-03-15
1457,The Godfather,Paramount Pictures,Francis Ford Coppola,Sci-Fi,1972,175,High,R,2,2019-07-05
125,Titanic,Paramount Pictures,James Cameron,Drama,1997,195,High,PG-13,3,2023-03-26
584,The Godfather,Paramount Pictures,Francis Ford Coppola,Fantasy,1972,175,High,R,2,2020-07-27
2876,The Shawshank Redemption,Castle Rock Entertainment,Frank Darabont,Comedy,1994,142,High,R,2,2019-09-16
162,Forrest Gump,Paramount Pictures,Robert Zemeckis,Animation,1994,142,High,PG-13,4,2024-09-26
2595,Django Unchained,Columbia Pictures,Quentin Tarantino,Thriller,2012,165,High,R,2,2017-06-05
329,The Lion King,Walt Disney Pictures,Roger Allers,Crime,1994,88,Low,G,2,2020-10-14
2972,Pulp Fiction,Miramax,Quentin Tarantino,Animation,1994,154,High,R,5,2022-05-02
1259,Fight Club,20th Century Fox,David Fincher,Thriller,1999,139,High,R,3,2025-08-04
492,The Empire Strikes Back,Lucasfilm,Irvin Kershner,Adventure,1980,124,High,PG,2,2025-09-13
1300,The Shawshank Redemption,Castle Rock Entertainment,Frank Darabont,Action,1994,142,High,R,4,2023-05-27
2040,Alien,20th Century Fox,Ridley Scott,Sci-Fi,1979,117,Medium,R,2,2023-06-30
1253,Moonlight,A24,Barry Jenkins,Thriller,2016,111,Medium,R,1,2015-12-26
67,The Lord of the Rings: The Return of the King,New Line Cinema,Peter Jackson,Thriller,2003,201,High,PG-13,2,2016-03-06
987,The Avengers,Marvel Studios,Joss Whedon,Animation,2012,143,High,PG-13,4,2016-10-25
2382,The Shawshank Redemption,Castle Rock Entertainment,Frank Darabont,Sci-Fi,1994,142,High,R,3,2023-10-06
2182,Moonlight,A24,Barry Jenkins,Drama,2016,111,Medium,R,1,2017-08-20
1711,The Shawshank Redemption,Castle Rock Entertainment,Frank Darabont,Drama,1994,142,High,R,2,2022-11-27
154,The Godfather,Paramount Pictures,Francis Ford Coppola,Adventure,1972,175,High,R,1,2022-08-07
627,The Truman Show,Paramount Pictures,Peter Weir,Action,1998,103,Medium,PG,1,2020-08-13
358,The Godfather,Paramount Pictures,Francis Ford Coppola,Comedy,1972,175,High,R,1,2021-02-06
1732,Pulp Fiction,Miramax,Quentin Tarantino,Action,1994,154,High,R,5,2017-12-08
1826,The Shawshank Redemption,Castle Rock Entertainment,Frank Darabont,Animation,1994,142,High,R,4,2020-12-22
264,The Silence of the Lambs,Orion Pictures,Jonathan Demme,Thriller,1991,118,Medium,R,2,2023-07-08
45,The Godfather,Paramount Pictures,Francis Ford Coppola,Romance,1972,175,High,R,5,2020-05-12
769,The Shawshank Redemption,Castle Rock Entertainment,Frank Darabont,Action,1994,142,High,R,1,2018-02-21
2967,The Silence of the Lambs,Orion Pictures,Jonathan Demme,Fantasy,1991,118,Medium,R,3,2017-05-22
178,The Shawshank Redemption,Castle Rock Entertainment,Frank Darabont,Comedy,1994,142,High,R,2,2016-03-03
86,Pulp Fiction,Miramax,Quentin Tarantino,Crime,1994,154,High,R,1,2024-01-10
50,The Godfather,Paramount Pictures,Francis Ford Coppola,Sci-Fi,1972,175,High,R,1,2015-09-26
961,The Silence of the Lambs,Orion Pictures,Jonathan Demme,Crime,1991,118,Medium,R,2,2016-05-14
1243,The Dark Knight,Warner Bros.,Christopher Nolan,Adventure,2008,152,High,PG-13,4,2021-05-28
2790,The Shawshank Redemption,Castle Rock Entertainment,Frank Darabont,Fantasy,1994,142,High,R,2,2022-09-05
1464,The Shawshank Redemption,Castle Rock Entertainment,Frank Darabont,Thriller,1994,142,High,R,5,2025-10-07
349,Pulp Fiction,Miramax,Quentin Tarantino,Fantasy,1994,154,High,R,2,2022-05-14
2458,Forrest Gump,Paramount Pictures,Robert Zemeckis,Crime,1994,142,High,PG-13,5,2023-12-24
2035,No Country for Old Men,Mirage Enterprises,Ethan Coen,Animation,2007,122,High,R,5,2021-03-20
1951,Gladiator,DreamWorks Pictures,Ridley Scott,Fantasy,2000,155,High,R,4,2019-10-01
2049,Goodfellas,Warner Bros.,Martin Scorsese,Adventure,1990,146,High,R,1,2017-06-10
873,Forrest Gump,Paramount Pictures,Robert Zemeckis,Crime,1994,142,High,PG-13,2,2023-11-10
2351,The Lord of the Rings: The Return of the King,New Line Cinema,Peter Jackson,Crime,2003,201,High,PG-13,5,2025-11-21
1138,The Godfather,Paramount Pictures,Francis Ford Coppola,Fantasy,1972,175,High,R,2,2015-06-20
1480,Inception,Warner Bros.,Christopher Nolan,Thriller,2010,148,High,PG-13,1,2018-01-31
2054,The Shawshank Redemption,Castle Rock Entertainment,Frank Darabont,Comedy,1994,142,High,R,3,2018-10-31
1869,Pulp Fiction,Miramax,Quentin Tarantino,Animation,1994,154,High,R,1,2022-03-27
2206,Back to the Future,Universal Pictures,Robert Zemeckis,Thriller,1985,116,Medium,PG,3,2016-04-09
2371,Fight Club,20th Century Fox,David Fincher,Drama,1999,139,High,R,4,2025-10-14
2566,Schindler's List,Universal Pictures,Steven Spielberg,Comedy,1993,195,High,R,1,2017-10-12
1985,The Silence of the Lambs,Orion Pictures,Jonathan Demme,Crime,1991,118,Medium,R,3,2024-10-29
790,Saving Private Ryan,DreamWorks/Amblin,Steven Spielberg,Animation,1998,169,High,R,3,2021-12-13
1333,Avengers: Endgame,Marvel Studios,Anthony Russo,Crime,2019,181,High,PG-13,5,2022-02-24
1482,The Godfather,Paramount Pictures,Francis Ford Coppola,Sci-Fi,1972,175,High,R,2,2015-05-16
965,There Will Be Blood,Paramount Vantage,Paul Thomas Anderson,Comedy,2007,158,High,R,5,2017-02-22
2309,The Matrix,Warner Bros.,Lana Wachowski,Fantasy,1999,136,High,R,1,2022-07-24
2116,The Godfather,Paramount Pictures,Francis Ford Coppola,Drama,1972,175,High,R,4,2017-07-22
575,The Godfather,Paramount Pictures,Francis Ford Coppola,Sci-Fi,1972,175,High,R,4,2015-02-04
1455,Inside Out,Pixar,Pete Docter,Fantasy,2015,95,Medium,PG,1,2023-08-11
226,The Shawshank Redemption,Castle Rock Entertainment,Frank Darabont,Animation,1994,142,High,R,3,2017-01-31
2658,Interstellar,Paramount Pictures,Christopher Nolan,Adventure,2014,169,High,PG-13,3,2022-08-27
1310,The Dark Knight,Warner Bros.,Christopher Nolan,Adventure,2008,152,High,PG-13,2,2022-07-22
2115,The Godfather,Paramount Pictures,Francis Ford Coppola,Drama,1972,175,High,R,4,2023-07-06
2862,Gladiator,DreamWorks Pictures,Ridley Scott,Sci-Fi,2000,155,High,R,4,2020-03-31
2408,WALL·E,Pixar,Andrew Stanton,Animation,2008,98,Medium,G,5,2025-11-25
434,Blade Runner 2049,Warner Bros.,Denis Villeneuve,Action,2017,164,High,R,2,2025-12-07
573,The Departed,Warner Bros.,Martin Scorsese,Drama,2006,151,High,R,1,2020-02-09
2534,The Empire Strikes Back,Lucasfilm,Irvin Kershner,Drama,1980,124,High,PG,3,2015-03-30
712,The Godfather,Paramount Pictures,Francis Ford Coppola,Crime,1972,175,High,R,1,2023-10-10
2739,The Godfather,Paramount Pictures,Francis Ford Coppola,Crime,1972,175,High,R,4,2019-02-12
95,Forrest Gump,Paramount Pictures,Robert Zemeckis,Drama,1994,142,High,PG-13,3,2016-01-24
1675,Blade Runner,Warner Bros.,Ridley Scott,Comedy,1982,117,Medium,R,5,2019-10-18
1120,Forrest Gump,Paramount Pictures,Robert Zemeckis,Animation,1994,142,High,PG-13,4,2017-11-19
1198,The Shawshank Redemption,Castle Rock Entertainment,Frank Darabont,Sci-Fi,1994,142,High,R,2,2023-08-19
1060,The Godfather,Paramount Pictures,Francis Ford Coppola,Fantasy,1972,175,High,R,1,2022-10-20
471,Fight Club,20th Century Fox,David Fincher,Sci-Fi,1999,139,High,R,4,2015-12-03
1910,Saving Private Ryan,DreamWorks/Amblin,Steven Spielberg,Crime,1998,169,High,R,5,2020-03-12
1337,Whiplash,Blumhouse Productions,Damien Chazelle,Thriller,2014,107,Medium,R,2,2016-10-05
1204,Forrest Gump,Paramount Pictures,Robert Zemeckis,Drama,1994,142,High,PG-13,3,2022-05-25
552,The Godfather,Paramount Pictures,Francis Ford Coppola,Drama,1972,175,High,R,4,2017-09-27
2172,The Godfather,Paramount Pictures,Francis Ford Coppola,Sci-Fi,1972,175,High,R,4,2023-08-31
1051,Fight Club,20th Century Fox,David Fincher,Romance,1999,139,High,R,4,2022-05-16
234,The Matrix,Warner Bros.,Lana Wachowski,Drama,1999,136,High,R,2,2022-03-02
1901,The Godfather,Paramount Pictures,Francis Ford Coppola,Thriller,1972,175,High,R,5,2016-02-19
2417,Pulp Fiction,Miramax,Quentin Tarantino,Romance,1994,154,High,R,5,2025-06-20
2350,Fight Club,20th Century Fox,David Fincher,Comedy,1999,139,High,R,4,2024-06-08
2161,The Shawshank Redemption,Castle Rock Entertainment,Frank Darabont,Fantasy,1994,142,High,R,1,2018-03-03
2096,The Shawshank Redemption,Castle Rock Entertainment,Frank Darabont,Thriller,1994,142,High,R,1,2016-01-17
1014,Pulp Fiction,Miramax,Quentin Tarantino,Comedy,1994,154,High,R,2,2016-07-10
1553,The Shawshank Redemption,Castle Rock Entertainment,Frank Darabont,Comedy,1994,142,High,R,3,2022-09-24
511,American Beauty,DreamWorks,Sam Mendes,Crime,1999,122,High,R,5,2023-10-30
1945,The Shawshank Redemption,Castle Rock Entertainment,Frank Darabont,Adventure,1994,142,High,R,5,2015-11-27
1886,The Shawshank Redemption,Castle Rock Entertainment,Frank Darabont,Thriller,1994,142,High,R,3,2017-09-18
1562,The Godfather,Paramount Pictures,Francis Ford Coppola,Action,1972,175,High,R,3,2024-12-17
2822,Saving Private Ryan,DreamWorks/Amblin,Steven Spielberg,Fantasy,1998,169,High,R,3,2015-04-27
375,The Godfather,Paramount Pictures,Francis Ford Coppola,Sci-Fi,1972,175,High,R,2,2018-07-15
300,The Green Mile,Castle Rock Entertainment,Frank Darabont,Action,1999,189,High,R,2,2016-05-20
273,The Lion King,Walt Disney Pictures,Roger Allers,Comedy,1994,88,Low,G,1,2022-02-22
1554,The Shawshank Redemption,Castle Rock Entertainment,Frank Darabont,Drama,1994,142,High,R,2,2015-04-24
1647,The Shawshank Redemption,Castle Rock Entertainment,Frank Darabont,Crime,1994,142,High,R,2,2023-04-07
136,Schindler's List,Universal Pictures,Steven Spielberg,Thriller,1993,195,High,R,1,2023-10-17
2765,The Dark Knight,Warner Bros.,Christopher Nolan,Action,2008,152,High,PG-13,2,2015-11-05
1793,The Godfather,Paramount Pictures,Francis Ford Coppola,Action,1972,175,High,R,4,2023-10-17
820,Schindler's List,Universal Pictures,Steven Spielberg,Thriller,1993,195,High,R,3,2024-02-26
1739,Fight Club,20th Century Fox,David Fincher,Action,1999,139,High,R,3,2023-09-10
2808,The Shawshank Redemption,Castle Rock Entertainment,Frank Darabont,Sci-Fi,1994,142,High,R,1,2025-10-20
2504,The Godfather,Paramount Pictures,Francis Ford Coppola,Romance,1972,175,High,R,5,2023-01-09
2875,The Godfather,Paramount Pictures,Francis Ford Coppola,Action,1972,175,High,R,4,2023-11-19
859,The Shawshank Redemption,Castle Rock Entertainment,Frank Darabont,Comedy,1994,142,High,R,3,2018-07-12
632,Pulp Fiction,Miramax,Quentin Tarantino,Adventure,1994,154,High,R,5,2025-11-22
246,The Dark Knight,Warner Bros.,Christopher Nolan,Action,2008,152,High,PG-13,5,2019-02-19
2691,Inception,Warner Bros.,Christopher Nolan,Comedy,2010,148,High,PG-13,5,2021-07-05
785,The Godfather,Paramount Pictures,Francis Ford Coppola,Drama,1972,175,High,R,2,2023-12-17
2430,The Shawshank Redemption,Castle Rock Entertainment,Frank Darabont,Adventure,1994,142,High,R,5,2019-02-26
2842,The Godfather,Paramount Pictures,Francis Ford Coppola,Adventure,1972,175,High,R,5,2015-08-18
2122,The Shawshank Redemption,Castle Rock Entertainment,Frank Darabont,Adventure,1994,142,High,R,2,2020-09-11
187,The Shawshank Redemption,Castle Rock Entertainment,Frank Darabont,Drama,1994,142,High,R,4,2018-07-18
2811,The Green Mile,Castle Rock Entertainment,Frank Darabont,Animation,1999,189,High,R,1,2021-07-27
1062,The Grand Budapest Hotel,Fox Searchlight,Wes Anderson,Fantasy,2014,99,Medium,R,2,2019-01-17
741,The Prestige,Warner Bros.,Christopher Nolan,Comedy,2006,130,High,PG-13,2,2019-01-06
1977,The Godfather,Paramount Pictures,Francis Ford Coppola,Fantasy,1972,175,High,R,4,2020-06-24
1084,The Godfather,Paramount Pictures,Francis Ford Coppola,Comedy,1972,175,High,R,5,2019-05-19
1750,The Prestige,Warner Bros.,Christopher Nolan,Thriller,2006,130,High,PG-13,1,2018-06-07
36,The Godfather,Paramount Pictures,Francis Ford Coppola,Drama,1972,175,High,R,1,2019-11-16
556,The Dark Knight,Warner Bros.,Christopher Nolan,Animation,2008,152,High,PG-13,5,2025-05-12
2751,The Dark Knight,Warner Bros.,Christopher Nolan,Animation,2008,152,High,PG-13,4,2016-05-30
1895,Pulp Fiction,Miramax,Quentin Tarantino,Adventure,1994,154,High,R,2,2020-07-28
2669,The Matrix,Warner Bros.,Lana Wachowski,Animation,1999,136,High,R,3,2025-02-16
413,Mad Max: Fury Road,Warner Bros.,George Miller,Sci-Fi,2015,120,Medium,R,1,2021-07-15
1917,The Shawshank Redemption,Castle Rock Entertainment,Frank Darabont,Drama,1994,142,High,R,3,2015-04-10
1451,The Shawshank Redemption,Castle Rock Entertainment,Frank Darabont,Adventure,1994,142,High,R,3,2024-01-31
380,Titanic,Paramount Pictures,James Cameron,Romance,1997,195,High,PG-13,4,2015-06-28
2517,Se7en,New Line Cinema,David Fincher,Drama,1995,127,High,R,5,2024-05-08
2590,La La Land,Summit Entertainment,Damien Chazelle,Thriller,2016,128,High,PG-13,2,2024-06-12
2309,Goodfellas,Warner Bros.,Martin Scorsese,Fantasy,1990,146,High,R,1,2019-12-09
427,The Shawshank Redemption,Castle Rock Entertainment,Frank Darabont,Action,1994,142,High,R,3,2022-06-30
2809,Gladiator,DreamWorks Pictures,Ridley Scott,Comedy,2000,155,High,R,2,2016-05-24
1523,The Dark Knight,Warner Bros.,Christopher Nolan,Drama,2008,152,High,PG-13,2,2016-06-23
1010,The Shawshank Redemption,Castle Rock Entertainment,Frank Darabont,Thriller,1994,142,High,R,5,2018-05-02
2176,The Empire Strikes Back,Lucasfilm,Irvin Kershner,Romance,1980,124,High,PG,5,2025-06-24
2281,The Godfather,Paramount Pictures,Francis Ford Coppola,Comedy,1972,175,High,R,2,2020-02-27
372,Fight Club,20th Century Fox,David Fincher,Action,1999,139,High,R,2,2019-10-17
1084,The Prestige,Warner Bros.,Christopher Nolan,Fantasy,2006,130,High,PG-13,5,2025-03-17
1255,Fight Club,20th Century Fox,David Fincher,Comedy,1999,139,High,R,3,2025-05-22
1870,The Lord of the Rings: The Return of the King,New Line Cinema,Peter Jackson,Adventure,2003,201,High,PG-13,5,2018-12-21
2971,Titanic,Paramount Pictures,James Cameron,Crime,1997,195,High,PG-13,2,2020-01-12
1180,The Shawshank Redemption,Castle Rock Entertainment,Frank Darabont,Crime,1994,142,High,R,4,2022-12-16
437,The Empire Strikes Back,Lucasfilm,Irvin Kershner,Action,1980,124,High,PG,4,2023-03-07
2797,Inception,Warner Bros.,Christopher Nolan,Action,2010,148,High,PG-13,2,2025-06-13
2457,The Godfather,Paramount Pictures,Francis Ford Coppola,Drama,1972,175,High,R,2,2017-05-23
1588,Up,Pixar,Pete Docter,Sci-Fi,2009,96,Medium,PG,2,2020-05-02
125,The Shawshank Redemption,Castle Rock Entertainment,Frank Darabont,Sci-Fi,1994,142,High,R,3,2022-12-20
2984,The Departed,Warner Bros.,Martin Scorsese,Comedy,2006,151,High,R,1,2018-02-13
331,The Truman Show,Paramount Pictures,Peter Weir,Adventure,1998,103,Medium,PG,3,2016-02-11
326,The Shawshank Redemption,Castle Rock Entertainment,Frank Darabont,Sci-Fi,1994,142,High,R,2,2020-08-29
557,Blade Runner,Warner Bros.,Ridley Scott,Drama,1982,117,Medium,R,3,2015-01-27
2471,Gladiator,DreamWorks Pictures,Ridley Scott,Action,2000,155,High,R,5,2023-01-21
2607,The Shawshank Redemption,Castle Rock Entertainment,Frank Darabont,Fantasy,1994,142,High,R,3,2022-08-13
2155,The Dark Knight,Warner Bros.,Christopher Nolan,Adventure,2008,152,High,PG-13,2,2023-11-23
1721,Inside Out,Pixar,Pete Docter,Action,2015,95,Medium,PG,4,2023-09-30
2560,Forrest Gump,Paramount Pictures,Robert Zemeckis,Comedy,1994,142,High,PG-13,2,2017-04-24
939,The Shawshank Redemption,Castle Rock Entertainment,Frank Darabont,Comedy,1994,142,High,R,2,2025-03-19
546,The Lion King,Walt Disney Pictures,Roger Allers,Fantasy,1994,88,Low,G,2,2023-03-15
1714,Gladiator,DreamWorks Pictures,Ridley Scott,Animation,2000,155,High,R,2,2021-10-26
1412,The Departed,Warner Bros.,Martin Scorsese,Romance,2006,151,High,R,2,2015-11-23
6,The Shawshank Redemption,Castle Rock Entertainment,Frank Darabont,Drama,1994,142,High,R,2,2019-04-03
794,Forrest Gump,Paramount Pictures,Robert Zemeckis,Action,1994,142,High,PG-13,1,2017-11-20
2332,No Country for Old Men,Mirage Enterprises,Ethan Coen,Comedy,2007,122,High,R,5,2019-04-28
2035,Schindler's List,Universal Pictures,Steven Spielberg,Sci-Fi,1993,195,High,R,3,2017-06-06
457,The Shawshank Redemption,Castle Rock Entertainment,Frank Darabont,Adventure,1994,142,High,R,4,2017-10-15
2296,WALL·E,Pixar,Andrew Stanton,Adventure,2008,98,Medium,G,2,2015-01-18
1857,Fight Club,20th Century Fox,David Fincher,Thriller,1999,139,High,R,1,2021-03-27
1951,The Godfather,Paramount Pictures,Francis Ford Coppola,Romance,1972,175,High,R,3,2015-07-31
933,The Lord of the Rings: The Return of the King,New Line Cinema,Peter Jackson,Thriller,2003,201,High,PG-13,4,2020-01-15
790,The Shawshank Redemption,Castle Rock Entertainment,Frank Darabont,Action,1994,142,High,R,5,2020-05-05
1276,Moonlight,A24,Barry Jenkins,Comedy,2016,111,Medium,R,1,2023-04-28
2828,Inception,Warner Bros.,Christopher Nolan,Drama,2010,148,High,PG-13,2,2022-09-04
2854,Pulp Fiction,Miramax,Quentin Tarantino,Adventure,1994,154,High,R,5,2022-03-01
2934,The Shawshank Redemption,Castle Rock Entertainment,Frank Darabont,Action,1994,142,High,R,4,2021-02-06
618,The Shawshank Redemption,Castle Rock Entertainment,Frank Darabont,Romance,1994,142,High,R,1,2020-04-17
642,The Shawshank Redemption,Castle Rock Entertainment,Frank Darabont,Animation,1994,142,High,R,4,2015-12-16
1144,The King's Speech,The Weinstein Company,Tom Hooper,Crime,2010,118,Medium,R,5,2021-07-21
2866,The Dark Knight,Warner Bros.,Christopher Nolan,Thriller,2008,152,High,PG-13,5,2022-03-19
961,The Godfather,Paramount Pictures,Francis Ford Coppola,Sci-Fi,1972,175,High,R,1,2016-06-22
2556,The Shawshank Redemption,Castle Rock Entertainment,Frank Darabont,Adventure,1994,142,High,R,5,2025-03-03
1886,Inception,Warner Bros.,Christopher Nolan,Fantasy,2010,148,High,PG-13,3,2016-04-15
686,The Dark Knight,Warner Bros.,Christopher Nolan,Romance,2008,152,High,PG-13,1,2017-03-20
233,The Shawshank Redemption,Castle Rock Entertainment,Frank Darabont,Animation,1994,142,High,R,5,2021-01-14
275,The Prestige,Warner Bros.,Christopher Nolan,Drama,2006,130,High,PG-13,5,2018-03-05
1146,Forrest Gump,Paramount Pictures,Robert Zemeckis,Drama,1994,142,High,PG-13,2,2025-09-15
1818,The Shawshank Redemption,Castle Rock Entertainment,Frank Darabont,Thriller,1994,142,High,R,1,2015-07-12
2661,Inception,Warner Bros.,Christopher Nolan,Animation,2010,148,High,PG-13,4,2020-07-14
2797,The Dark Knight,Warner Bros.,Christopher Nolan,Fantasy,2008,152,High,PG-13,3,2018-10-27
2356,Inception,Warner Bros.,Christopher Nolan,Drama,2010,148,High,PG-13,5,2018-10-19
1216,Se7en,New Line Cinema,David Fincher,Comedy,1995,127,High,R,3,2015-06-26
1017,The Lord of the Rings: The Return of the King,New Line Cinema,Peter Jackson,Fantasy,2003,201,High,PG-13,2,2025-02-08
1612,The Dark Knight,Warner Bros.,Christopher Nolan,Romance,2008,152,High,PG-13,3,2022-08-05
1390,The Shawshank Redemption,Castle Rock Entertainment,Frank Darabont,Action,1994,142,High,R,5,2019-10-25
2826,The Shawshank Redemption,Castle Rock Entertainment,Frank Darabont,Crime,1994,142,High,R,3,2023-08-09
2267,The Shawshank Redemption,Castle Rock Entertainment,Frank Darabont,Comedy,1994,142,High,R,2,2022-04-21
2822,The Godfather,Paramount Pictures,Francis Ford Coppola,Adventure,1972,175,High,R,1,2022-08-25
1995,The Godfather,Paramount Pictures,Francis Ford Coppola,Sci-Fi,1972,175,High,R,2,2016-03-10
1212,The Grand Budapest Hotel,Fox Searchlight,Wes Anderson,Comedy,2014,99,Medium,R,2,2025-06-02
1174,The Lord of the Rings: The Return of the King,New Line Cinema,Peter Jackson,Thriller,2003,201,High,PG-13,5,2025-02-20
138,The Shawshank Redemption,Castle Rock Entertainment,Frank Darabont,Sci-Fi,1994,142,High,R,4,2017-11-16
2093,Pulp Fiction,Miramax,Quentin Tarantino,Animation,1994,154,High,R,4,2021-04-27
1829,Goodfellas,Warner Bros.,Martin Scorsese,Adventure,1990,146,High,R,5,2018-07-12
1620,The Godfather,Paramount Pictures,Francis Ford Coppola,Crime,1972,175,High,R,1,2015-08-12
620,The Silence of the Lambs,Orion Pictures,Jonathan Demme,Sci-Fi,1991,118,Medium,R,4,2022-03-10
1834,Spirited Away,Studio Ghibli,Hayao Miyazaki,Comedy,2001,125,High,PG,1,2020-08-26
2504,The Lord of the Rings: The Return of the King,New Line Cinema,Peter Jackson,Romance,2003,201,High,PG-13,4,2021-01-12
215,No Country for Old Men,Mirage Enterprises,Ethan Coen,Thriller,2007,122,High,R,4,2020-04-20
872,The Shawshank Redemption,Castle Rock Entertainment,Frank Darabont,Action,1994,142,High,R,3,2021-06-13
1090,The Grand Budapest Hotel,Fox Searchlight,Wes Anderson,Crime,2014,99,Medium,R,4,2023-04-22
1060,The Dark Knight,Warner Bros.,Christopher Nolan,Romance,2008,152,High,PG-13,5,2016-08-26
1108,The Usual Suspects,Gramercy Pictures,Bryan Singer,Fantasy,1995,106,Medium,R,5,2015-03-01
2574,Pulp Fiction,Miramax,Quentin Tarantino,Comedy,1994,154,High,R,1,2020-05-30
2085,The Matrix,Warner Bros.,Lana Wachowski,Sci-Fi,1999,136,High,R,3,2015-10-07
2376,Parasite,CJ Entertainment,Bong Joon-ho,Adventure,2019,132,High,R,4,2023-10-26
206,The Shawshank Redemption,Castle Rock Entertainment,Frank Darabont,Sci-Fi,1994,142,High,R,5,2016-07-25
854,Back to the Future,Universal Pictures,Robert Zemeckis,Thriller,1985,116,Medium,PG,2,2020-04-07
1492,Up,Pixar,Pete Docter,Fantasy,2009,96,Medium,PG,1,2016-07-31
633,The Dark Knight,Warner Bros.,Christopher Nolan,Fantasy,2008,152,High,PG-13,2,2015-10-24
1399,The Social Network,Columbia Pictures,David Fincher,Drama,2010,120,Medium,PG-13,1,2021-03-13
2405,Pulp Fiction,Miramax,Quentin Tarantino,Animation,1994,154,High,R,5,2018-11-30
1250,The Shawshank Redemption,Castle Rock Entertainment,Frank Darabont,Thriller,1994,142,High,R,2,2022-11-30
29,The Shawshank Redemption,Castle Rock Entertainment,Frank Darabont,Sci-Fi,1994,142,High,R,4,2015-03-22
2012,The Matrix,Warner Bros.,Lana Wachowski,Drama,1999,136,High,R,3,2025-04-13
2482,American Beauty,DreamWorks,Sam Mendes,Thriller,1999,122,High,R,4,2022-04-30
1101,The Shawshank Redemption,Castle Rock Entertainment,Frank Darabont,Thriller,1994,142,High,R,1,2017-04-08
2680,The Shawshank Redemption,Castle Rock Entertainment,Frank Darabont,Thriller,1994,142,High,R,4,2018-10-17
1777,The Shawshank Redemption,Castle Rock Entertainment,Frank Darabont,Romance,1994,142,High,R,5,2018-08-16
2784,Titanic,Paramount Pictures,James Cameron,Animation,1997,195,High,PG-13,3,2021-11-30
114,The Lord of the Rings: The Return of the King,New Line Cinema,Peter Jackson,Fantasy,2003,201,High,PG-13,4,2024-02-26
102,Goodfellas,Warner Bros.,Martin Scorsese,Drama,1990,146,High,R,4,2015-06-30
1139,Forrest Gump,Paramount Pictures,Robert Zemeckis,Sci-Fi,1994,142,High,PG-13,1,2024-04-29
209,The Prestige,Warner Bros.,Christopher Nolan,Thriller,2006,130,High,PG-13,4,2015-05-09
2706,Whiplash,Blumhouse Productions,Damien Chazelle,Romance,2014,107,Medium,R,1,2023-03-08
1588,Forrest Gump,Paramount Pictures,Robert Zemeckis,Comedy,1994,142,High,PG-13,3,2017-03-17
2064,Fight Club,20th Century Fox,David Fincher,Crime,1999,139,High,R,4,2017-09-03
325,Avengers: Endgame,Marvel Studios,Anthony Russo,Fantasy,2019,181,High,PG-13,4,2017-02-02
1234,Avengers: Endgame,Marvel Studios,Anthony Russo,Fantasy,2019,181,High,PG-13,4,2023-12-21
1535,Back to the Future,Universal Pictures,Robert Zemeckis,Adventure,1985,116,Medium,PG,3,2025-11-26
2145,Back to the Future,Universal Pictures,Robert Zemeckis,Sci-Fi,1985,116,Medium,PG,4,2016-05-14
275,The Shawshank Redemption,Castle Rock Entertainment,Frank Darabont,Animation,1994,142,High,R,4,2018-06-13
958,The Godfather,Paramount Pictures,Francis Ford Coppola,Fantasy,1972,175,High,R,5,2019-01-20
2476,The Silence of the Lambs,Orion Pictures,Jonathan Demme,Comedy,1991,118,Medium,R,1,2023-02-20
849,Forrest Gump,Paramount Pictures,Robert Zemeckis,Fantasy,1994,142,High,PG-13,2,2019-09-10
2593,Gladiator,DreamWorks Pictures,Ridley Scott,Romance,2000,155,High,R,2,2015-12-03
2398,The Shawshank Redemption,Castle Rock Entertainment,Frank Darabont,Thriller,1994,142,High,R,2,2021-06-18
1287,Back to the Future,Universal Pictures,Robert Zemeckis,Animation,1985,116,Medium,PG,2,2016-05-17
2862,Fight Club,20th Century Fox,David Fincher,Drama,1999,139,High,R,1,2020-03-03
2851,The Lion King,Walt Disney Pictures,Roger Allers,Thriller,1994,88,Low,G,2,2022-06-03
1439,The Shawshank Redemption,Castle Rock Entertainment,Frank Darabont,Comedy,1994,142,High,R,5,2017-11-25
2732,Pulp Fiction,Miramax,Quentin Tarantino,Fantasy,1994,154,High,R,1,2019-01-28
29,The Godfather,Paramount Pictures,Francis Ford Coppola,Fantasy,1972,175,High,R,4,2019-05-19
945,The Godfather,Paramount Pictures,Francis Ford Coppola,Sci-Fi,1972,175,High,R,5,2021-08-09
1271,The Matrix,Warner Bros.,Lana Wachowski,Crime,1999,136,High,R,4,2022-09-09
2734,The Dark Knight,Warner Bros.,Christopher Nolan,Sci-Fi,2008,152,High,PG-13,4,2025-04-28
1941,The King's Speech,The Weinstein Company,Tom Hooper,Sci-Fi,2010,118,Medium,R,3,2024-02-27
1031,Titanic,Paramount Pictures,James Cameron,Sci-Fi,1997,195,High,PG-13,4,2024-08-28
1446,Forrest Gump,Paramount Pictures,Robert Zemeckis,Sci-Fi,1994,142,High,PG-13,1,2021-04-21
2625,The Shawshank Redemption,Castle Rock Entertainment,Frank Darabont,Animation,1994,142,High,R,3,2024-07-13
1314,The Shawshank Redemption,Castle Rock Entertainment,Frank Darabont,Sci-Fi,1994,142,High,R,3,2018-09-11
255,Blade Runner 2049,Warner Bros.,Denis Villeneuve,Crime,2017,164,High,R,4,2019-01-29
2028,The Godfather,Paramount Pictures,Francis Ford Coppola,Romance,1972,175,High,R,5,2020-10-28
1998,Inception,Warner Bros.,Christopher Nolan,Romance,2010,148,High,PG-13,5,2020-08-15
1130,The Avengers,Marvel Studios,Joss Whedon,Fantasy,2012,143,High,PG-13,3,2018-05-10
2814,The Shawshank Redemption,Castle Rock Entertainment,Frank Darabont,Drama,1994,142,High,R,4,2015-11-12
2488,Interstellar,Paramount Pictures,Christopher Nolan,Adventure,2014,169,High,PG-13,1,2019-08-24
2783,The Shawshank Redemption,Castle Rock Entertainment,Frank Darabont,Animation,1994,142,High,R,4,2023-10-15
2809,The Godfather,Paramount Pictures,Francis Ford Coppola,Animation,1972,175,High,R,4,2023-10-21
1962,The Godfather,Paramount Pictures,Francis Ford Coppola,Drama,1972,175,High,R,4,2023-12-23
2393,The Shawshank Redemption,Castle Rock Entertainment,Frank Darabont,Sci-Fi,1994,142,High,R,4,2017-04-08
1013,The Shawshank Redemption,Castle Rock Entertainment,Frank Darabont,Action,1994,142,High,R,1,2017-11-18
778,The Shawshank Redemption,Castle Rock Entertainment,Frank Darabont,Crime,1994,142,High,R,5,2022-10-23
82,The Avengers,Marvel Studios,Joss Whedon,Thriller,2012,143,High,PG-13,2,2024-03-15
2083,No Country for Old Men,Mirage Enterprises,Ethan Coen,Crime,2007,122,High,R,1,2023-12-25
1031,The Godfather,Paramount Pictures,Francis Ford Coppola,Drama,1972,175,High,R,4,2018-12-19
2041,Forrest Gump,Paramount Pictures,Robert Zemeckis,Adventure,1994,142,High,PG-13,3,2020-11-12
629,The Godfather,Paramount Pictures,Francis Ford Coppola,Action,1972,175,High,R,3,2018-12-27
1133,Fight Club,20th Century Fox,David Fincher,Crime,1999,139,High,R,3,2015-11-03
1037,The Shawshank Redemption,Castle Rock Entertainment,Frank Darabont,Romance,1994,142,High,R,4,2025-07-02
299,The Dark Knight,Warner Bros.,Christopher Nolan,Animation,2008,152,High,PG-13,2,2018-07-23
2664,The Pianist,Focus Features,Roman Polanski,Romance,2002,150,High,R,5,2017-03-29
1430,Forrest Gump,Paramount Pictures,Robert Zemeckis,Crime,1994,142,High,PG-13,2,2018-09-06
1014,WALL·E,Pixar,Andrew Stanton,Sci-Fi,2008,98,Medium,G,5,2019-11-05
2356,Schindler's List,Universal Pictures,Steven Spielberg,Thriller,1993,195,High,R,5,2022-12-26
1026,The Dark Knight,Warner Bros.,Christopher Nolan,Animation,2008,152,High,PG-13,4,2022-06-13
2796,The Shawshank Redemption,Castle Rock Entertainment,Frank Darabont,Animation,1994,142,High,R,2,2018-09-01
2518,The Dark Knight,Warner Bros.,Christopher Nolan,Drama,2008,152,High,PG-13,1,2021-09-23
1081,Se7en,New Line Cinema,David Fincher,Crime,1995,127,High,R,4,2016-06-12
1928,La La Land,Summit Entertainment,Damien Chazelle,Romance,2016,128,High,PG-13,3,2022-02-09
1612,Pulp Fiction,Miramax,Quentin Tarantino,Action,1994,154,High,R,5,2017-03-13
1768,Saving Private Ryan,DreamWorks/Amblin,Steven Spielberg,Animation,1998,169,High,R,3,2016-07-16
2417,Inception,Warner Bros.,Christopher Nolan,Adventure,2010,148,High,PG-13,1,2020-06-10
2978,Pulp Fiction,Miramax,Quentin Tarantino,Sci-Fi,1994,154,High,R,4,2021-05-01
17,Parasite,CJ Entertainment,Bong Joon-ho,Drama,2019,132,High,R,1,2024-02-11
239,The Shawshank Redemption,Castle Rock Entertainment,Frank Darabont,Fantasy,1994,142,High,R,1,2021-10-21
2951,The Empire Strikes Back,Lucasfilm,Irvin Kershner,Romance,1980,124,High,PG,3,2024-08-07
2212,Goodfellas,Warner Bros.,Martin Scorsese,Action,1990,146,High,R,1,2017-02-08
527,Blade Runner,Warner Bros.,Ridley Scott,Fantasy,1982,117,Medium,R,2,2016-02-18
170,The Shawshank Redemption,Castle Rock Entertainment,Frank Darabont,Adventure,1994,142,High,R,1,2021-06-01
1249,The Silence of the Lambs,Orion Pictures,Jonathan Demme,Adventure,1991,118,Medium,R,4,2016-12-03
750,American Beauty,DreamWorks,Sam Mendes,Comedy,1999,122,High,R,4,2022-09-21
1741,The Shawshank Redemption,Castle Rock Entertainment,Frank Darabont,Crime,1994,142,High,R,4,2018-10-10
2778,Pulp Fiction,Miramax,Quentin Tarantino,Thriller,1994,154,High,R,5,2017-05-18
773,The Dark Knight,Warner Bros.,Christopher Nolan,Animation,2008,152,High,PG-13,2,2018-03-25
986,Titanic,Paramount Pictures,James Cameron,Sci-Fi,1997,195,High,PG-13,2,2018-08-16
963,The Empire Strikes Back,Lucasfilm,Irvin Kershner,Crime,1980,124,High,PG,3,2015-03-01
2439,The Shawshank Redemption,Castle Rock Entertainment,Frank Darabont,Fantasy,1994,142,High,R,3,2018-07-07
1121,Se7en,New Line Cinema,David Fincher,Comedy,1995,127,High,R,1,2022-07-17
1160,No Country for Old Men,Mirage Enterprises,Ethan Coen,Drama,2007,122,High,R,2,2024-11-30
1999,Inception,Warner Bros.,Christopher Nolan,Thriller,2010,148,High,PG-13,3,2015-07-21
1011,The Godfather,Paramount Pictures,Francis Ford Coppola,Drama,1972,175,High,R,5,2017-05-19
2394,The King's Speech,The Weinstein Company,Tom Hooper,Animation,2010,118,Medium,R,1,2024-08-02
1908,The Silence of the Lambs,Orion Pictures,Jonathan Demme,Romance,1991,118,Medium,R,5,2023-11-15
1239,The Shawshank Redemption,Castle Rock Entertainment,Frank Darabont,Comedy,1994,142,High,R,3,2015-01-17
2539,Blade Runner 2049,Warner Bros.,Denis Villeneuve,Thriller,2017,164,High,R,1,2015-04-09
2283,The Shawshank Redemption,Castle Rock Entertainment,Frank Darabont,Fantasy,1994,142,High,R,1,2022-07-04
530,The Shawshank Redemption,Castle Rock Entertainment,Frank Darabont,Adventure,1994,142,High,R,2,2025-07-11
2635,Se7en,New Line Cinema,David Fincher,Fantasy,1995,127,High,R,4,2022-01-22
1054,The Shawshank Redemption,Castle Rock Entertainment,Frank Darabont,Sci-Fi,1994,142,High,R,3,2018-11-06
1818,Pulp Fiction,Miramax,Quentin Tarantino,Crime,1994,154,High,R,4,2016-06-05
1270,The Dark Knight,Warner Bros.,Christopher Nolan,Thriller,2008,152,High,PG-13,3,2018-08-05
399,Fight Club,20th Century Fox,David Fincher,Crime,1999,139,High,R,3,2020-04-01
434,The Shawshank Redemption,Castle Rock Entertainment,Frank Darabont,Sci-Fi,1994,142,High,R,4,2019-10-20
2364,The Dark Knight,Warner Bros.,Christopher Nolan,Thriller,2008,152,High,PG-13,5,2017-06-08
735,Goodfellas,Warner Bros.,Martin Scorsese,Action,1990,146,High,R,5,2017-12-26
283,Forrest Gump,Paramount Pictures,Robert Zemeckis,Drama,1994,142,High,PG-13,2,2025-10-14
1044,The Dark Knight,Warner Bros.,Christopher Nolan,Crime,2008,152,High,PG-13,2,2024-12-02
208,Back to the Future,Universal Pictures,Robert Zemeckis,Thriller,1985,116,Medium,PG,2,2021-05-21
2211,Pulp Fiction,Miramax,Quentin Tarantino,Fantasy,1994,154,High,R,5,2024-08-01
1180,WALL·E,Pixar,Andrew Stanton,Adventure,2008,98,Medium,G,5,2017-01-11
2888,American Beauty,DreamWorks,Sam Mendes,Fantasy,1999,122,High,R,2,2017-05-31
540,Moonlight,A24,Barry Jenkins,Romance,2016,111,Medium,R,1,2024-04-28
1843,The Lord of the Rings: The Return of the King,New Line Cinema,Peter Jackson,Romance,2003,201,High,PG-13,1,2017-06-24
1809,The Truman Show,Paramount Pictures,Peter Weir,Romance,1998,103,Medium,PG,1,2016-08-29
1486,The Dark Knight,Warner Bros.,Christopher Nolan,Thriller,2008,152,High,PG-13,5,2022-10-25
741,The Godfather,Paramount Pictures,Francis Ford Coppola,Crime,1972,175,High,R,3,2023-12-30
2759,The Shawshank Redemption,Castle Rock Entertainment,Frank Darabont,Crime,1994,142,High,R,4,2025-07-18
2893,The Shawshank Redemption,Castle Rock Entertainment,Frank Darabont,Action,1994,142,High,R,1,2024-05-05
188,The Dark Knight,Warner Bros.,Christopher Nolan,Adventure,2008,152,High,PG-13,5,2015-12-30
1614,The Shawshank Redemption,Castle Rock Entertainment,Frank Darabont,Comedy,1994,142,High,R,3,2017-02-15
1189,The Godfather,Paramount Pictures,Francis Ford Coppola,Thriller,1972,175,High,R,4,2017-12-29
1714,The Godfather,Paramount Pictures,Francis Ford Coppola,Action,1972,175,High,R,5,2024-01-25
2827,The Matrix,Warner Bros.,Lana Wachowski,Comedy,1999,136,High,R,2,2016-10-02
2578,Se7en,New Line Cinema,David Fincher,Drama,1995,127,High,R,1,2020-03-13
2049,The Shawshank Redemption,Castle Rock Entertainment,Frank Darabont,Fantasy,1994,142,High,R,4,2023-01-19
193,The Godfather,Paramount Pictures,Francis Ford Coppola,Action,1972,175,High,R,4,2020-09-14
2234,The Social Network,Columbia Pictures,David Fincher,Animation,2010,120,Medium,PG-13,4,2025-05-03
2465,The Godfather,Paramount Pictures,Francis Ford Coppola,Fantasy,1972,175,High,R,1,2015-08-19
1525,Joker,Warner Bros.,Todd Phillips,Thriller,2019,122,High,R,5,2023-06-02
178,The Shawshank Redemption,Castle Rock Entertainment,Frank Darabont,Drama,1994,142,High,R,1,2021-08-05
576,There Will Be Blood,Paramount Vantage,Paul Thomas Anderson,Sci-Fi,2007,158,High,R,2,2022-02-10
1827,The Dark Knight,Warner Bros.,Christopher Nolan,Sci-Fi,2008,152,High,PG-13,4,2025-06-13
2260,Moonlight,A24,Barry Jenkins,Comedy,2016,111,Medium,R,4,2019-02-23
2696,Pulp Fiction,Miramax,Quentin Tarantino,Fantasy,1994,154,High,R,2,2021-03-14
1185,The Godfather,Paramount Pictures,Francis Ford Coppola,Fantasy,1972,175,High,R,1,2017-09-15
753,The Godfather,Paramount Pictures,Francis Ford Coppola,Sci-Fi,1972,175,High,R,2,2017-06-21
2745,Gladiator,DreamWorks Pictures,Ridley Scott,Sci-Fi,2000,155,High,R,3,2022-04-10
267,Pulp Fiction,Miramax,Quentin Tarantino,Animation,1994,154,High,R,3,2025-07-10
496,The Dark Knight,Warner Bros.,Christopher Nolan,Sci-Fi,2008,152,High,PG-13,2,2018-09-25
279,Forrest Gump,Paramount Pictures,Robert Zemeckis,Fantasy,1994,142,High,PG-13,2,2018-07-08
2987,The Lion King,Walt Disney Pictures,Roger Allers,Animation,1994,88,Low,G,3,2016-03-19
2764,Parasite,CJ Entertainment,Bong Joon-ho,Fantasy,2019,132,High,R,4,2021-05-19
2376,The Dark Knight,Warner Bros.,Christopher Nolan,Romance,2008,152,High,PG-13,3,2025-03-29
2624,Pulp Fiction,Miramax,Quentin Tarantino,Sci-Fi,1994,154,High,R,1,2015-06-21
1290,The Truman Show,Paramount Pictures,Peter Weir,Thriller,1998,103,Medium,PG,2,2020-01-08
1115,The Shawshank Redemption,Castle Rock Entertainment,Frank Darabont,Romance,1994,142,High,R,4,2023-04-06
2310,Inception,Warner Bros.,Christopher Nolan,Action,2010,148,High,PG-13,1,2015-02-05
3000,The Shawshank Redemption,Castle Rock Entertainment,Frank Darabont,Action,1994,142,High,R,3,2016-01-15
2408,The Godfather,Paramount Pictures,Francis Ford Coppola,Adventure,1972,175,High,R,4,2025-04-17
535,The Silence of the Lambs,Orion Pictures,Jonathan Demme,Thriller,1991,118,Medium,R,4,2022-03-11
1119,The Godfather,Paramount Pictures,Francis Ford Coppola,Sci-Fi,1972,175,High,R,4,2015-07-04
877,The Shawshank Redemption,Castle Rock Entertainment,Frank Darabont,Action,1994,142,High,R,4,2018-06-11
2233,The Shawshank Redemption,Castle Rock Entertainment,Frank Darabont,Romance,1994,142,High,R,4,2015-07-09
2419,The Shawshank Redemption,Castle Rock Entertainment,Frank Darabont,Fantasy,1994,142,High,R,2,2017-01-02
821,Fight Club,20th Century Fox,David Fincher,Crime,1999,139,High,R,1,2021-12-14
2750,The Dark Knight,Warner Bros.,Christopher Nolan,Action,2008,152,High,PG-13,3,2025-01-03
2614,The Shawshank Redemption,Castle Rock Entertainment,Frank Darabont,Action,1994,142,High,R,2,2021-10-23
1615,The Dark Knight,Warner Bros.,Christopher Nolan,Crime,2008,152,High,PG-13,3,2021-05-14
1888,No Country for Old Men,Mirage Enterprises,Ethan Coen,Animation,2007,122,High,R,3,2015-04-15
2472,Saving Private Ryan,DreamWorks/Amblin,Steven Spielberg,Romance,1998,169,High,R,3,2017-03-22
871,The Shawshank Redemption,Castle Rock Entertainment,Frank Darabont,Animation,1994,142,High,R,4,2021-01-14
1876,Schindler's List,Universal Pictures,Steven Spielberg,Comedy,1993,195,High,R,4,2019-07-09
1796,Interstellar,Paramount Pictures,Christopher Nolan,Drama,2014,169,High,PG-13,1,2025-08-30
1766,Inception,Warner Bros.,Christopher Nolan,Comedy,2010,148,High,PG-13,3,2019-06-24
2818,Spirited Away,Studio Ghibli,Hayao Miyazaki,Sci-Fi,2001,125,High,PG,5,2018-06-18
2315,Fight Club,20th Century Fox,David Fincher,Sci-Fi,1999,139,High,R,1,2022-08-17
2071,The Silence of the Lambs,Orion Pictures,Jonathan Demme,Thriller,1991,118,Medium,R,5,2019-08-01
1340,The Shawshank Redemption,Castle Rock Entertainment,Frank Darabont,Adventure,1994,142,High,R,1,2020-12-08
2594,The Dark Knight,Warner Bros.,Christopher Nolan,Action,2008,152,High,PG-13,3,2023-10-30
756,Pulp Fiction,Miramax,Quentin Tarantino,Romance,1994,154,High,R,4,2023-11-22
585,The Dark Knight,Warner Bros.,Christopher Nolan,Romance,2008,152,High,PG-13,2,2017-05-13
2589,The Godfather,Paramount Pictures,Francis Ford Coppola,Action,1972,175,High,R,4,2017-09-30
2940,The King's Speech,The Weinstein Company,Tom Hooper,Sci-Fi,2010,118,Medium,R,5,2024-03-12
225,The Lord of the Rings: The Return of the King,New Line Cinema,Peter Jackson,Action,2003,201,High,PG-13,4,2025-10-11
789,Titanic,Paramount Pictures,James Cameron,Comedy,1997,195,High,PG-13,4,2016-12-25
1030,Whiplash,Blumhouse Productions,Damien Chazelle,Thriller,2014,107,Medium,R,3,2022-02-26
432,The Green Mile,Castle Rock Entertainment,Frank Darabont,Sci-Fi,1999,189,High,R,4,2019-06-18
2986,The Shawshank Redemption,Castle Rock Entertainment,Frank Darabont,Crime,1994,142,High,R,3,2021-09-21
1551,Goodfellas,Warner Bros.,Martin Scorsese,Crime,1990,146,High,R,5,2015-07-17
2249,The Green Mile,Castle Rock Entertainment,Frank Darabont,Sci-Fi,1999,189,High,R,2,2020-08-18
1929,The Dark Knight,Warner Bros.,Christopher Nolan,Animation,2008,152,High,PG-13,5,2025-09-19
1027,The King's Speech,The Weinstein Company,Tom Hooper,Romance,2010,118,Medium,R,2,2018-01-18
1007,The Lord of the Rings: The Return of the King,New Line Cinema,Peter Jackson,Comedy,2003,201,High,PG-13,1,2023-06-16
2131,The Empire Strikes Back,Lucasfilm,Irvin Kershner,Romance,1980,124,High,PG,3,2015-12-08
356,Blade Runner,Warner Bros.,Ridley Scott,Romance,1982,117,Medium,R,3,2019-09-05
2300,The Godfather,Paramount Pictures,Francis Ford Coppola,Comedy,1972,175,High,R,3,2015-07-12
416,Inside Out,Pixar,Pete Docter,Thriller,2015,95,Medium,PG,2,2024-09-28
1619,Fight Club,20th Century Fox,David Fincher,Animation,1999,139,High,R,1,2016-05-11
1724,The Matrix,Warner Bros.,Lana Wachowski,Thriller,1999,136,High,R,3,2020-04-04
2023,The Matrix,Warner Bros.,Lana Wachowski,Action,1999,136,High,R,2,2020-07-16
10,The Lord of the Rings: The Return of the King,New Line Cinema,Peter Jackson,Thriller,2003,201,High,PG-13,5,2021-03-07
114,The Shawshank Redemption,Castle Rock Entertainment,Frank Darabont,Action,1994,142,High,R,2,2025-06-07
1504,The Shawshank Redemption,Castle Rock Entertainment,Frank Darabont,Thriller,1994,142,High,R,1,2020-08-14
2376,The Shawshank Redemption,Castle Rock Entertainment,Frank Darabont,Drama,1994,142,High,R,2,2017-09-11
799,The Shawshank Redemption,Castle Rock Entertainment,Frank Darabont,Action,1994,142,High,R,2,2015-10-27
273,The Godfather,Paramount Pictures,Francis Ford Coppola,Sci-Fi,1972,175,High,R,2,2022-08-12
727,The Godfather,Paramount Pictures,Francis Ford Coppola,Drama,1972,175,High,R,5,2021-03-16
1002,The Shawshank Redemption,Castle Rock Entertainment,Frank Darabont,Fantasy,1994,142,High,R,1,2017-01-21
768,The Shawshank Redemption,Castle Rock Entertainment,Frank Darabont,Romance,1994,142,High,R,4,2020-06-05
1425,The Shawshank Redemption,Castle Rock Entertainment,Frank Darabont,Crime,1994,142,High,R,2,2021-12-24
1870,The Lord of the Rings: The Return of the King,New Line Cinema,Peter Jackson,Thriller,2003,201,High,PG-13,1,2022-06-09
2357,Forrest Gump,Paramount Pictures,Robert Zemeckis,Adventure,1994,142,High,PG-13,4,2025-02-19
24,Interstellar,Paramount Pictures,Christopher Nolan,Drama,2014,169,High,PG-13,1,2022-11-03
1897,Interstellar,Paramount Pictures,Christopher Nolan,Romance,2014,169,High,PG-13,1,2025-09-01
714,The Dark Knight,Warner Bros.,Christopher Nolan,Adventure,2008,152,High,PG-13,2,2024-03-16
1054,The Pianist,Focus Features,Roman Polanski,Comedy,2002,150,High,R,5,2017-09-03
1527,Heat,Warner Bros.,Michael Mann,Animation,1995,170,High,R,4,2016-04-10
2019,Joker,Warner Bros.,Todd Phillips,Adventure,2019,122,High,R,3,2023-01-23
1906,The Godfather,Paramount Pictures,Francis Ford Coppola,Romance,1972,175,High,R,1,2016-04-10
45,Inside Out,Pixar,Pete Docter,Drama,2015,95,Medium,PG,5,2020-01-27
764,The Shawshank Redemption,Castle Rock Entertainment,Frank Darabont,Action,1994,142,High,R,5,2025-11-06
2553,Avengers: Endgame,Marvel Studios,Anthony Russo,Comedy,2019,181,High,PG-13,1,2015-07-10
2234,The Godfather,Paramount Pictures,Francis Ford Coppola,Animation,1972,175,High,R,1,2024-08-27
2923,"Crouching Tiger, Hidden Dragon",Sony Pictures Classics,Ang Lee,Thriller,2000,120,Medium,PG-13,3,2022-01-12
840,Fight Club,20th Century Fox,David Fincher,Crime,1999,139,High,R,2,2024-05-22
1535,The Shawshank Redemption,Castle Rock Entertainment,Frank Darabont,Sci-Fi,1994,142,High,R,1,2015-04-13
2859,La La Land,Summit Entertainment,Damien Chazelle,Thriller,2016,128,High,PG-13,2,2017-12-22
1435,The Shawshank Redemption,Castle Rock Entertainment,Frank Darabont,Thriller,1994,142,High,R,2,2022-08-30
1479,The Shawshank Redemption,Castle Rock Entertainment,Frank Darabont,Fantasy,1994,142,High,R,4,2016-10-18
903,The Shawshank Redemption,Castle Rock Entertainment,Frank Darabont,Drama,1994,142,High,R,2,2015-12-28
1419,The Shawshank Redemption,Castle Rock Entertainment,Frank Darabont,Sci-Fi,1994,142,High,R,4,2021-04-29
882,Titanic,Paramount Pictures,James Cameron,Action,1997,195,High,PG-13,5,2025-09-14
109,The Shawshank Redemption,Castle Rock Entertainment,Frank Darabont,Sci-Fi,1994,142,High,R,4,2022-08-15
2071,The Shawshank Redemption,Castle Rock Entertainment,Frank Darabont,Crime,1994,142,High,R,4,2020-01-01
2200,The Shawshank Redemption,Castle Rock Entertainment,Frank Darabont,Sci-Fi,1994,142,High,R,4,2023-11-29
736,Pulp Fiction,Miramax,Quentin Tarantino,Action,1994,154,High,R,5,2015-01-29
1627,The Godfather,Paramount Pictures,Francis Ford Coppola,Adventure,1972,175,High,R,2,2020-09-08
958,The Green Mile,Castle Rock Entertainment,Frank Darabont,Action,1999,189,High,R,4,2019-12-18
2519,Whiplash,Blumhouse Productions,Damien Chazelle,Action,2014,107,Medium,R,2,2015-06-17
1385,Fight Club,20th Century Fox,David Fincher,Crime,1999,139,High,R,4,2022-09-09
2760,The Shawshank Redemption,Castle Rock Entertainment,Frank Darabont,Drama,1994,142,High,R,3,2025-08-08
2138,The Shawshank Redemption,Castle Rock Entertainment,Frank Darabont,Thriller,1994,142,High,R,1,2021-10-27
1404,The Godfather,Paramount Pictures,Francis Ford Coppola,Crime,1972,175,High,R,1,2022-06-15
2162,The Shawshank Redemption,Castle Rock Entertainment,Frank Darabont,Adventure,1994,142,High,R,3,2015-01-11
1193,The Godfather,Paramount Pictures,Francis Ford Coppola,Adventure,1972,175,High,R,2,2021-02-21
954,Pulp Fiction,Miramax,Quentin Tarantino,Fantasy,1994,154,High,R,4,2015-09-13
1852,Whiplash,Blumhouse Productions,Damien Chazelle,Animation,2014,107,Medium,R,3,2019-11-22
2684,The Lord of the Rings: The Return of the King,New Line Cinema,Peter Jackson,Drama,2003,201,High,PG-13,1,2021-04-09
1117,Titanic,Paramount Pictures,James Cameron,Drama,1997,195,High,PG-13,4,2019-05-28
2089,Schindler's List,Universal Pictures,Steven Spielberg,Drama,1993,195,High,R,3,2025-06-21
2038,The Godfather,Paramount Pictures,Francis Ford Coppola,Adventure,1972,175,High,R,1,2015-12-11
2627,There Will Be Blood,Paramount Vantage,Paul Thomas Anderson,Fantasy,2007,158,High,R,2,2020-02-05
2970,The Matrix,Warner Bros.,Lana Wachowski,Fantasy,1999,136,High,R,2,2025-06-05
483,The Shawshank Redemption,Castle Rock Entertainment,Frank Darabont,Action,1994,142,High,R,5,2015-04-16
45,The Social Network,Columbia Pictures,David Fincher,Animation,2010,120,Medium,PG-13,2,2016-06-18
792,The Dark Knight,Warner Bros.,Christopher Nolan,Crime,2008,152,High,PG-13,2,2015-09-16
1571,The Godfather,Paramount Pictures,Francis Ford Coppola,Sci-Fi,1972,175,High,R,2,2024-07-12
162,Inception,Warner Bros.,Christopher Nolan,Crime,2010,148,High,PG-13,5,2021-09-09
1644,The Dark Knight,Warner Bros.,Christopher Nolan,Action,2008,152,High,PG-13,3,2015-06-19
2922,The Godfather,Paramount Pictures,Francis Ford Coppola,Crime,1972,175,High,R,4,2022-02-26
364,Back to the Future,Universal Pictures,Robert Zemeckis,Fantasy,1985,116,Medium,PG,1,2023-01-24
1441,Pulp Fiction,Miramax,Quentin Tarantino,Sci-Fi,1994,154,High,R,3,2021-01-23
2090,The Pianist,Focus Features,Roman Polanski,Fantasy,2002,150,High,R,5,2019-11-20
1043,Fight Club,20th Century Fox,David Fincher,Thriller,1999,139,High,R,1,2016-10-31
1262,Back to the Future,Universal Pictures,Robert Zemeckis,Fantasy,1985,116,Medium,PG,5,2015-04-14
1010,The Silence of the Lambs,Orion Pictures,Jonathan Demme,Animation,1991,118,Medium,R,1,2025-07-17
256,Fight Club,20th Century Fox,David Fincher,Animation,1999,139,High,R,1,2021-06-23
1374,Joker,Warner Bros.,Todd Phillips,Crime,2019,122,High,R,3,2024-03-16
1799,Interstellar,Paramount Pictures,Christopher Nolan,Fantasy,2014,169,High,PG-13,4,2020-03-18
1386,Pulp Fiction,Miramax,Quentin Tarantino,Crime,1994,154,High,R,5,2024-08-25
119,The Shawshank Redemption,Castle Rock Entertainment,Frank Darabont,Romance,1994,142,High,R,4,2023-04-11
388,The Shawshank Redemption,Castle Rock Entertainment,Frank Darabont,Drama,1994,142,High,R,5,2016-09-19
1980,Pulp Fiction,Miramax,Quentin Tarantino,Comedy,1994,154,High,R,3,2015-11-04
625,The Green Mile,Castle Rock Entertainment,Frank Darabont,Fantasy,1999,189,High,R,1,2016-06-12
2884,Schindler's List,Universal Pictures,Steven Spielberg,Animation,1993,195,High,R,1,2017-10-27
2068,The Usual Suspects,Gramercy Pictures,Bryan Singer,Thriller,1995,106,Medium,R,3,2020-01-26
557,The Green Mile,Castle Rock Entertainment,Frank Darabont,Fantasy,1999,189,High,R,4,2022-05-15
2529,The Godfather,Paramount Pictures,Francis Ford Coppola,Thriller,1972,175,High,R,2,2015-08-31
1097,Joker,Warner Bros.,Todd Phillips,Romance,2019,122,High,R,2,2020-12-19
966,Inception,Warner Bros.,Christopher Nolan,Animation,2010,148,High,PG-13,4,2023-10-16
1879,The Dark Knight,Warner Bros.,Christopher Nolan,Animation,2008,152,High,PG-13,4,2016-12-16
779,Blade Runner,Warner Bros.,Ridley Scott,Romance,1982,117,Medium,R,5,2024-10-29
2804,The Shawshank Redemption,Castle Rock Entertainment,Frank Darabont,Adventure,1994,142,High,R,4,2024-12-31
2509,The Silence of the Lambs,Orion Pictures,Jonathan Demme,Action,1991,118,Medium,R,3,2015-05-03
1736,The Godfather,Paramount Pictures,Francis Ford Coppola,Animation,1972,175,High,R,4,2022-06-20
1574,The Shawshank Redemption,Castle Rock Entertainment,Frank Darabont,Romance,1994,142,High,R,5,2018-06-16
2775,The Godfather,Paramount Pictures,Francis Ford Coppola,Comedy,1972,175,High,R,3,2016-07-08
1308,Pulp Fiction,Miramax,Quentin Tarantino,Romance,1994,154,High,R,5,2017-08-10
2909,Titanic,Paramount Pictures,James Cameron,Sci-Fi,1997,195,High,PG-13,3,2016-06-20
2265,The Godfather,Paramount Pictures,Francis Ford Coppola,Crime,1972,175,High,R,5,2023-03-22
638,Pulp Fiction,Miramax,Quentin Tarantino,Fantasy,1994,154,High,R,4,2016-11-11
962,Forrest Gump,Paramount Pictures,Robert Zemeckis,Adventure,1994,142,High,PG-13,2,2024-04-24
648,La La Land,Summit Entertainment,Damien Chazelle,Drama,2016,128,High,PG-13,4,2022-01-27
797,The Shawshank Redemption,Castle Rock Entertainment,Frank Darabont,Crime,1994,142,High,R,4,2019-10-04
2831,The Godfather,Paramount Pictures,Francis Ford Coppola,Drama,1972,175,High,R,1,2017-12-08
2826,The Grand Budapest Hotel,Fox Searchlight,Wes Anderson,Crime,2014,99,Medium,R,3,2019-06-20
1703,The Shawshank Redemption,Castle Rock Entertainment,Frank Darabont,Adventure,1994,142,High,R,2,2025-11-26
1719,The Shawshank Redemption,Castle Rock Entertainment,Frank Darabont,Action,1994,142,High,R,5,2021-03-29
1882,The Shawshank Redemption,Castle Rock Entertainment,Frank Darabont,Thriller,1994,142,High,R,2,2019-02-01
1488,The Shawshank Redemption,Castle Rock Entertainment,Frank Darabont,Comedy,1994,142,High,R,3,2019-01-30
1110,Saving Private Ryan,DreamWorks/Amblin,Steven Spielberg,Crime,1998,169,High,R,3,2017-04-13
432,The Green Mile,Castle Rock Entertainment,Frank Darabont,Action,1999,189,High,R,1,2015-11-14
1201,Forrest Gump,Paramount Pictures,Robert Zemeckis,Comedy,1994,142,High,PG-13,5,2017-12-21
1184,Django Unchained,Columbia Pictures,Quentin Tarantino,Adventure,2012,165,High,R,4,2022-03-12
2944,The Shawshank Redemption,Castle Rock Entertainment,Frank Darabont,Crime,1994,142,High,R,5,2020-12-16
2072,The Godfather,Paramount Pictures,Francis Ford Coppola,Comedy,1972,175,High,R,4,2017-08-31
2557,The Shawshank Redemption,Castle Rock Entertainment,Frank Darabont,Adventure,1994,142,High,R,1,2016-10-23
2012,The Shawshank Redemption,Castle Rock Entertainment,Frank Darabont,Sci-Fi,1994,142,High,R,3,2023-06-09
1587,The Silence of the Lambs,Orion Pictures,Jonathan Demme,Action,1991,118,Medium,R,3,2022-05-29
2053,The Godfather,Paramount Pictures,Francis Ford Coppola,Romance,1972,175,High,R,5,2024-11-07
2984,Heat,Warner Bros.,Michael Mann,Action,1995,170,High,R,3,2019-12-12
2164,The Shawshank Redemption,Castle Rock Entertainment,Frank Darabont,Thriller,1994,142,High,R,5,2021-12-07
485,The Grand Budapest Hotel,Fox Searchlight,Wes Anderson,Adventure,2014,99,Medium,R,5,2024-02-08
1295,The Dark Knight,Warner Bros.,Christopher Nolan,Drama,2008,152,High,PG-13,1,2020-03-18
2667,American Beauty,DreamWorks,Sam Mendes,Comedy,1999,122,High,R,3,2025-08-02
1139,The Shawshank Redemption,Castle Rock Entertainment,Frank Darabont,Animation,1994,142,High,R,2,2024-08-09
2816,Forrest Gump,Paramount Pictures,Robert Zemeckis,Romance,1994,142,High,PG-13,2,2025-04-15
1907,No Country for Old Men,Mirage Enterprises,Ethan Coen,Drama,2007,122,High,R,3,2025-09-28
1329,American Beauty,DreamWorks,Sam Mendes,Animation,1999,122,High,R,2,2017-12-01
2061,Goodfellas,Warner Bros.,Martin Scorsese,Crime,1990,146,High,R,1,2023-02-14
1229,The Shawshank Redemption,Castle Rock Entertainment,Frank Darabont,Comedy,1994,142,High,R,4,2025-12-26
2622,There Will Be Blood,Paramount Vantage,Paul Thomas Anderson,Thriller,2007,158,High,R,4,2020-12-31
843,The Empire Strikes Back,Lucasfilm,Irvin Kershner,Sci-Fi,1980,124,High,PG,2,2018-06-17
1703,Goodfellas,Warner Bros.,Martin Scorsese,Crime,1990,146,High,R,3,2022-02-01
468,The Shawshank Redemption,Castle Rock Entertainment,Frank Darabont,Sci-Fi,1994,142,High,R,5,2019-05-14
1693,Titanic,Paramount Pictures,James Cameron,Sci-Fi,1997,195,High,PG-13,5,2022-01-10
420,The Godfather,Paramount Pictures,Francis Ford Coppola,Fantasy,1972,175,High,R,3,2021-10-22
2012,The Grand Budapest Hotel,Fox Searchlight,Wes Anderson,Action,2014,99,Medium,R,1,2020-10-26
37,The Matrix,Warner Bros.,Lana Wachowski,Drama,1999,136,High,R,4,2018-10-17
1434,Pulp Fiction,Miramax,Quentin Tarantino,Comedy,1994,154,High,R,4,2015-12-09
675,The Matrix,Warner Bros.,Lana Wachowski,Crime,1999,136,High,R,1,2025-02-05
1702,The Godfather,Paramount Pictures,Francis Ford Coppola,Action,1972,175,High,R,2,2015-11-30
1969,The Shawshank Redemption,Castle Rock Entertainment,Frank Darabont,Comedy,1994,142,High,R,1,2017-02-05
2095,The Shawshank Redemption,Castle Rock Entertainment,Frank Darabont,Romance,1994,142,High,R,5,2019-08-30
708,Toy Story,Pixar,John Lasseter,Action,1995,81,Low,G,1,2025-05-18
2876,The Shawshank Redemption,Castle Rock Entertainment,Frank Darabont,Sci-Fi,1994,142,High,R,1,2017-12-18
151,The Lord of the Rings: The Return of the King,New Line Cinema,Peter Jackson,Comedy,2003,201,High,PG-13,2,2019-03-04
1560,The Social Network,Columbia Pictures,David Fincher,Romance,2010,120,Medium,PG-13,4,2023-07-22
1071,The Lord of the Rings: The Return of the King,New Line Cinema,Peter Jackson,Fantasy,2003,201,High,PG-13,5,2024-10-24
348,The Shawshank Redemption,Castle Rock Entertainment,Frank Darabont,Drama,1994,142,High,R,1,2018-03-17
1607,The Godfather,Paramount Pictures,Francis Ford Coppola,Comedy,1972,175,High,R,2,2017-11-20
2001,The Shawshank Redemption,Castle Rock Entertainment,Frank Darabont,Fantasy,1994,142,High,R,2,2024-06-11
2943,The Shawshank Redemption,Castle Rock Entertainment,Frank Darabont,Animation,1994,142,High,R,4,2015-10-05
2126,Spirited Away,Studio Ghibli,Hayao Miyazaki,Romance,2001,125,High,PG,3,2016-11-25
2457,Gladiator,DreamWorks Pictures,Ridley Scott,Adventure,2000,155,High,R,5,2022-12-12
1790,The Godfather,Paramount Pictures,Francis Ford Coppola,Adventure,1972,175,High,R,4,2022-10-28
699,The Shawshank Redemption,Castle Rock Entertainment,Frank Darabont,Fantasy,1994,142,High,R,5,2020-08-25
2044,The Matrix,Warner Bros.,Lana Wachowski,Drama,1999,136,High,R,3,2018-07-11
2190,Forrest Gump,Paramount Pictures,Robert Zemeckis,Fantasy,1994,142,High,PG-13,5,2022-03-11
1780,The Social Network,Columbia Pictures,David Fincher,Thriller,2010,120,Medium,PG-13,4,2019-12-22
1512,The Shawshank Redemption,Castle Rock Entertainment,Frank Darabont,Comedy,1994,142,High,R,1,2015-06-15
2756,The Matrix,Warner Bros.,Lana Wachowski,Romance,1999,136,High,R,3,2023-03-09
1150,Inception,Warner Bros.,Christopher Nolan,Adventure,2010,148,High,PG-13,1,2023-08-28
969,The Lion King,Walt Disney Pictures,Roger Allers,Thriller,1994,88,Low,G,5,2015-08-17
547,The Dark Knight,Warner Bros.,Christopher Nolan,Sci-Fi,2008,152,High,PG-13,1,2024-10-22
2592,Inception,Warner Bros.,Christopher Nolan,Animation,2010,148,High,PG-13,4,2021-12-10
2529,Up,Pixar,Pete Docter,Sci-Fi,2009,96,Medium,PG,1,2024-08-01
1917,Pulp Fiction,Miramax,Quentin Tarantino,Adventure,1994,154,High,R,3,2022-08-02
1992,Avengers: Endgame,Marvel Studios,Anthony Russo,Sci-Fi,2019,181,High,PG-13,1,2025-03-03
234,The Godfather,Paramount Pictures,Francis Ford Coppola,Crime,1972,175,High,R,2,2015-12-23
677,The Shawshank Redemption,Castle Rock Entertainment,Frank Darabont,Comedy,1994,142,High,R,2,2019-05-15
2685,Schindler's List,Universal Pictures,Steven Spielberg,Sci-Fi,1993,195,High,R,3,2024-05-27
536,The Godfather,Paramount Pictures,Francis Ford Coppola,Crime,1972,175,High,R,5,2015-04-06
250,La La Land,Summit Entertainment,Damien Chazelle,Adventure,2016,128,High,PG-13,5,2018-04-16
1661,Forrest Gump,Paramount Pictures,Robert Zemeckis,Romance,1994,142,High,PG-13,2,2018-08-10
1133,The Dark Knight,Warner Bros.,Christopher Nolan,Adventure,2008,152,High,PG-13,2,2023-12-26
2990,The Silence of the Lambs,Orion Pictures,Jonathan Demme,Fantasy,1991,118,Medium,R,4,2023-07-26
1832,The King's Speech,The Weinstein Company,Tom Hooper,Adventure,2010,118,Medium,R,1,2024-03-24
1322,Titanic,Paramount Pictures,James Cameron,Sci-Fi,1997,195,High,PG-13,3,2023-09-04
1033,Pulp Fiction,Miramax,Quentin Tarantino,Thriller,1994,154,High,R,4,2024-10-25
312,Fight Club,20th Century Fox,David Fincher,Adventure,1999,139,High,R,2,2018-09-14
1190,The Shawshank Redemption,Castle Rock Entertainment,Frank Darabont,Adventure,1994,142,High,R,5,2024-04-20
2703,Pulp Fiction,Miramax,Quentin Tarantino,Romance,1994,154,High,R,1,2015-12-04
647,Forrest Gump,Paramount Pictures,Robert Zemeckis,Adventure,1994,142,High,PG-13,2,2024-07-22
1122,The Social Network,Columbia Pictures,David Fincher,Romance,2010,120,Medium,PG-13,2,2021-12-19
664,Fight Club,20th Century Fox,David Fincher,Sci-Fi,1999,139,High,R,3,2024-11-02
1044,The Shawshank Redemption,Castle Rock Entertainment,Frank Darabont,Romance,1994,142,High,R,4,2020-07-26
217,The Empire Strikes Back,Lucasfilm,Irvin Kershner,Romance,1980,124,High,PG,5,2021-11-30
1103,The Shawshank Redemption,Castle Rock Entertainment,Frank Darabont,Thriller,1994,142,High,R,5,2018-10-22
1075,The Shawshank Redemption,Castle Rock Entertainment,Frank Darabont,Drama,1994,142,High,R,1,2021-04-13
337,Se7en,New Line Cinema,David Fincher,Adventure,1995,127,High,R,5,2023-01-05
2312,The King's Speech,The Weinstein Company,Tom Hooper,Comedy,2010,118,Medium,R,2,2019-08-27
2846,Goodfellas,Warner Bros.,Martin Scorsese,Fantasy,1990,146,High,R,3,2017-06-25
2492,Fight Club,20th Century Fox,David Fincher,Crime,1999,139,High,R,2,2022-07-30
660,The Green Mile,Castle Rock Entertainment,Frank Darabont,Sci-Fi,1999,189,High,R,2,2018-09-28
536,The Lord of the Rings: The Return of the King,New Line Cinema,Peter Jackson,Sci-Fi,2003,201,High,PG-13,1,2018-07-03
244,Titanic,Paramount Pictures,James Cameron,Action,1997,195,High,PG-13,1,2018-01-15
1008,Inception,Warner Bros.,Christopher Nolan,Action,2010,148,High,PG-13,1,2019-06-18
2160,The Shawshank Redemption,Castle Rock Entertainment,Frank Darabont,Sci-Fi,1994,142,High,R,1,2015-10-10
1839,The Matrix,Warner Bros.,Lana Wachowski,Animation,1999,136,High,R,4,2017-02-12
1431,The Shawshank Redemption,Castle Rock Entertainment,Frank Darabont,Action,1994,142,High,R,4,2025-02-11
2080,The Avengers,Marvel Studios,Joss Whedon,Thriller,2012,143,High,PG-13,2,2022-10-03
1971,The Shawshank Redemption,Castle Rock Entertainment,Frank Darabont,Crime,1994,142,High,R,5,2015-09-28
829,The Shawshank Redemption,Castle Rock Entertainment,Frank Darabont,Sci-Fi,1994,142,High,R,1,2017-10-01
1531,The Usual Suspects,Gramercy Pictures,Bryan Singer,Thriller,1995,106,Medium,R,1,2020-08-28
1235,The Godfather,Paramount Pictures,Francis Ford Coppola,Crime,1972,175,High,R,5,2022-04-16
741,The Godfather,Paramount Pictures,Francis Ford Coppola,Sci-Fi,1972,175,High,R,1,2022-06-16
912,The Empire Strikes Back,Lucasfilm,Irvin Kershner,Romance,1980,124,High,PG,2,2015-12-24
2995,Forrest Gump,Paramount Pictures,Robert Zemeckis,Animation,1994,142,High,PG-13,5,2015-07-17
985,The Shawshank Redemption,Castle Rock Entertainment,Frank Darabont,Crime,1994,142,High,R,1,2021-07-05
1875,"Crouching Tiger, Hidden Dragon",Sony Pictures Classics,Ang Lee,Fantasy,2000,120,Medium,PG-13,4,2020-08-04
1705,Whiplash,Blumhouse Productions,Damien Chazelle,Fantasy,2014,107,Medium,R,2,2024-07-27
1463,The Dark Knight,Warner Bros.,Christopher Nolan,Fantasy,2008,152,High,PG-13,4,2018-06-28
239,The Dark Knight,Warner Bros.,Christopher Nolan,Adventure,2008,152,High,PG-13,5,2024-12-06
1356,The Shawshank Redemption,Castle Rock Entertainment,Frank Darabont,Animation,1994,142,High,R,1,2021-11-17
2957,Saving Private Ryan,DreamWorks/Amblin,Steven Spielberg,Comedy,1998,169,High,R,2,2019-01-07
2557,The Shawshank Redemption,Castle Rock Entertainment,Frank Darabont,Drama,1994,142,High,R,2,2019-04-13
963,The Shawshank Redemption,Castle Rock Entertainment,Frank Darabont,Adventure,1994,142,High,R,3,2017-04-21
555,The Lion King,Walt Disney Pictures,Roger Allers,Animation,1994,88,Low,G,5,2023-03-16
337,The Shawshank Redemption,Castle Rock Entertainment,Frank Darabont,Thriller,1994,142,High,R,2,2022-04-27
2683,The Shawshank Redemption,Castle Rock Entertainment,Frank Darabont,Crime,1994,142,High,R,3,2025-12-02
94,Inception,Warner Bros.,Christopher Nolan,Adventure,2010,148,High,PG-13,1,2020-03-17
568,The Shawshank Redemption,Castle Rock Entertainment,Frank Darabont,Comedy,1994,142,High,R,1,2019-11-06
1803,Saving Private Ryan,DreamWorks/Amblin,Steven Spielberg,Sci-Fi,1998,169,High,R,1,2019-04-29
506,The Godfather,Paramount Pictures,Francis Ford Coppola,Crime,1972,175,High,R,3,2022-02-02
2077,Goodfellas,Warner Bros.,Martin Scorsese,Comedy,1990,146,High,R,3,2024-02-21
1721,Forrest Gump,Paramount Pictures,Robert Zemeckis,Action,1994,142,High,PG-13,1,2025-06-16
1045,Toy Story,Pixar,John Lasseter,Animation,1995,81,Low,G,2,2023-03-29
1021,Schindler's List,Universal Pictures,Steven Spielberg,Fantasy,1993,195,High,R,5,2020-02-01
1790,The Shawshank Redemption,Castle Rock Entertainment,Frank Darabont,Romance,1994,142,High,R,3,2015-08-08
688,Fight Club,20th Century Fox,David Fincher,Fantasy,1999,139,High,R,2,2018-11-13
1480,Schindler's List,Universal Pictures,Steven Spielberg,Action,1993,195,High,R,2,2023-04-22
458,Inception,Warner Bros.,Christopher Nolan,Thriller,2010,148,High,PG-13,4,2020-03-07
1084,The Shawshank Redemption,Castle Rock Entertainment,Frank Darabont,Animation,1994,142,High,R,2,2021-01-08
347,Inception,Warner Bros.,Christopher Nolan,Animation,2010,148,High,PG-13,5,2025-01-09
2472,The Matrix,Warner Bros.,Lana Wachowski,Romance,1999,136,High,R,3,2024-04-23
2971,The Dark Knight,Warner Bros.,Christopher Nolan,Crime,2008,152,High,PG-13,4,2022-08-11
2896,The Dark Knight,Warner Bros.,Christopher Nolan,Romance,2008,152,High,PG-13,1,2023-05-27
1613,Interstellar,Paramount Pictures,Christopher Nolan,Comedy,2014,169,High,PG-13,3,2024-05-18
1030,Schindler's List,Universal Pictures,Steven Spielberg,Comedy,1993,195,High,R,3,2019-11-07
2393,The Departed,Warner Bros.,Martin Scorsese,Action,2006,151,High,R,2,2024-03-31
1518,The Shawshank Redemption,Castle Rock Entertainment,Frank Darabont,Comedy,1994,142,High,R,1,2025-11-11
2030,The Shawshank Redemption,Castle Rock Entertainment,Frank Darabont,Action,1994,142,High,R,5,2019-03-19
39,Inception,Warner Bros.,Christopher Nolan,Adventure,2010,148,High,PG-13,3,2020-07-15
2000,The Prestige,Warner Bros.,Christopher Nolan,Animation,2006,130,High,PG-13,5,2020-04-08
2806,The Matrix,Warner Bros.,Lana Wachowski,Adventure,1999,136,High,R,1,2016-05-26
2524,The Godfather,Paramount Pictures,Francis Ford Coppola,Fantasy,1972,175,High,R,1,2023-05-25
587,The Empire Strikes Back,Lucasfilm,Irvin Kershner,Thriller,1980,124,High,PG,4,2020-06-30
526,Se7en,New Line Cinema,David Fincher,Adventure,1995,127,High,R,1,2023-05-01
2832,Avengers: Endgame,Marvel Studios,Anthony Russo,Drama,2019,181,High,PG-13,1,2023-12-11
2913,The Godfather,Paramount Pictures,Francis Ford Coppola,Crime,1972,175,High,R,4,2020-06-03
2872,The Shawshank Redemption,Castle Rock Entertainment,Frank Darabont,Fantasy,1994,142,High,R,2,2018-01-10
1695,The Social Network,Columbia Pictures,David Fincher,Drama,2010,120,Medium,PG-13,2,2016-03-09
1997,The Shawshank Redemption,Castle Rock Entertainment,Frank Darabont,Comedy,1994,142,High,R,1,2023-05-16
1099,The Matrix,Warner Bros.,Lana Wachowski,Action,1999,136,High,R,1,2019-04-28
1415,The Dark Knight,Warner Bros.,Christopher Nolan,Adventure,2008,152,High,PG-13,2,2020-06-21
2731,The Godfather,Paramount Pictures,Francis Ford Coppola,Action,1972,175,High,R,5,2022-12-24
1637,The Green Mile,Castle Rock Entertainment,Frank Darabont,Action,1999,189,High,R,5,2023-06-18
370,Forrest Gump,Paramount Pictures,Robert Zemeckis,Animation,1994,142,High,PG-13,3,2025-04-28
1603,Toy Story,Pixar,John Lasseter,Drama,1995,81,Low,G,4,2025-03-05
1469,Inception,Warner Bros.,Christopher Nolan,Animation,2010,148,High,PG-13,1,2018-11-24
1704,Goodfellas,Warner Bros.,Martin Scorsese,Crime,1990,146,High,R,3,2019-02-03
2293,The Empire Strikes Back,Lucasfilm,Irvin Kershner,Crime,1980,124,High,PG,4,2019-08-26
982,The Usual Suspects,Gramercy Pictures,Bryan Singer,Comedy,1995,106,Medium,R,1,2021-05-05
1669,Pulp Fiction,Miramax,Quentin Tarantino,Thriller,1994,154,High,R,4,2017-10-24
1518,The Silence of the Lambs,Orion Pictures,Jonathan Demme,Adventure,1991,118,Medium,R,5,2024-11-24
294,The Godfather,Paramount Pictures,Francis Ford Coppola,Sci-Fi,1972,175,High,R,1,2024-09-07
770,The Shawshank Redemption,Castle Rock Entertainment,Frank Darabont,Romance,1994,142,High,R,3,2019-08-29
306,The Shawshank Redemption,Castle Rock Entertainment,Frank Darabont,Comedy,1994,142,High,R,3,2025-06-10
1656,Inception,Warner Bros.,Christopher Nolan,Adventure,2010,148,High,PG-13,4,2021-10-22
596,The Shawshank Redemption,Castle Rock Entertainment,Frank Darabont,Action,1994,142,High,R,1,2025-08-22
1278,The Silence of the Lambs,Orion Pictures,Jonathan Demme,Sci-Fi,1991,118,Medium,R,5,2020-01-22
2267,Fight Club,20th Century Fox,David Fincher,Sci-Fi,1999,139,High,R,5,2020-06-14
2079,The Godfather,Paramount Pictures,Francis Ford Coppola,Fantasy,1972,175,High,R,5,2023-06-15
2342,The Silence of the Lambs,Orion Pictures,Jonathan Demme,Sci-Fi,1991,118,Medium,R,2,2015-12-16
664,Pulp Fiction,Miramax,Quentin Tarantino,Thriller,1994,154,High,R,1,2018-11-24
840,Forrest Gump,Paramount Pictures,Robert Zemeckis,Drama,1994,142,High,PG-13,3,2022-12-12
1424,The Dark Knight,Warner Bros.,Christopher Nolan,Action,2008,152,High,PG-13,2,2023-07-18
546,American Beauty,DreamWorks,Sam Mendes,Crime,1999,122,High,R,4,2017-10-22
1154,The Godfather,Paramount Pictures,Francis Ford Coppola,Crime,1972,175,High,R,2,2020-05-31
1600,The Dark Knight,Warner Bros.,Christopher Nolan,Drama,2008,152,High,PG-13,1,2020-06-21
2338,The Shawshank Redemption,Castle Rock Entertainment,Frank Darabont,Crime,1994,142,High,R,5,2016-01-06
2795,The Lion King,Walt Disney Pictures,Roger Allers,Sci-Fi,1994,88,Low,G,2,2020-03-26
1417,Schindler's List,Universal Pictures,Steven Spielberg,Animation,1993,195,High,R,3,2022-06-26
615,The Godfather,Paramount Pictures,Francis Ford Coppola,Sci-Fi,1972,175,High,R,1,2019-09-17
1427,The Shawshank Redemption,Castle Rock Entertainment,Frank Darabont,Drama,1994,142,High,R,4,2017-02-11
1863,Pulp Fiction,Miramax,Quentin Tarantino,Thriller,1994,154,High,R,3,2020-07-01
2491,The Dark Knight,Warner Bros.,Christopher Nolan,Romance,2008,152,High,PG-13,3,2016-11-11
1221,Inception,Warner Bros.,Christopher Nolan,Crime,2010,148,High,PG-13,1,2023-12-18
653,The Grand Budapest Hotel,Fox Searchlight,Wes Anderson,Drama,2014,99,Medium,R,2,2024-08-03
523,Forrest Gump,Paramount Pictures,Robert Zemeckis,Drama,1994,142,High,PG-13,2,2023-06-09
1821,The Godfather,Paramount Pictures,Francis Ford Coppola,Animation,1972,175,High,R,2,2022-12-15
1331,The Godfather,Paramount Pictures,Francis Ford Coppola,Sci-Fi,1972,175,High,R,2,2023-05-23
1693,The Shawshank Redemption,Castle Rock Entertainment,Frank Darabont,Thriller,1994,142,High,R,3,2024-05-29
620,The Shawshank Redemption,Castle Rock Entertainment,Frank Darabont,Animation,1994,142,High,R,5,2022-09-29
2813,The Shawshank Redemption,Castle Rock Entertainment,Frank Darabont,Thriller,1994,142,High,R,5,2015-01-14
2729,Parasite,CJ Entertainment,Bong Joon-ho,Romance,2019,132,High,R,3,2020-09-01
1372,The Usual Suspects,Gramercy Pictures,Bryan Singer,Action,1995,106,Medium,R,1,2021-04-21
2687,The Shawshank Redemption,Castle Rock Entertainment,Frank Darabont,Crime,1994,142,High,R,1,2016-01-20
1985,"Crouching Tiger, Hidden Dragon",Sony Pictures Classics,Ang Lee,Animation,2000,120,Medium,PG-13,1,2020-03-26
1603,The Prestige,Warner Bros.,Christopher Nolan,Drama,2006,130,High,PG-13,2,2022-02-24
2667,Pulp Fiction,Miramax,Quentin Tarantino,Sci-Fi,1994,154,High,R,2,2019-05-26
718,Titanic,Paramount Pictures,James Cameron,Romance,1997,195,High,PG-13,3,2020-05-20
1337,Inception,Warner Bros.,Christopher Nolan,Thriller,2010,148,High,PG-13,2,2019-08-24
789,The Matrix,Warner Bros.,Lana Wachowski,Comedy,1999,136,High,R,3,2015-02-11
2938,The Shawshank Redemption,Castle Rock Entertainment,Frank Darabont,Fantasy,1994,142,High,R,5,2015-07-21
922,The Shawshank Redemption,Castle Rock Entertainment,Frank Darabont,Romance,1994,142,High,R,3,2015-05-07
2821,Forrest Gump,Paramount Pictures,Robert Zemeckis,Thriller,1994,142,High,PG-13,3,2022-02-05
2911,The Shawshank Redemption,Castle Rock Entertainment,Frank Darabont,Crime,1994,142,High,R,2,2016-09-28
2824,The Godfather,Paramount Pictures,Francis Ford Coppola,Adventure,1972,175,High,R,2,2024-06-24
402,Pulp Fiction,Miramax,Quentin Tarantino,Adventure,1994,154,High,R,4,2020-01-24
2997,The Matrix,Warner Bros.,Lana Wachowski,Adventure,1999,136,High,R,1,2024-02-14
1863,The Godfather,Paramount Pictures,Francis Ford Coppola,Adventure,1972,175,High,R,4,2020-08-15
2872,Fight Club,20th Century Fox,David Fincher,Fantasy,1999,139,High,R,1,2016-05-30
1164,La La Land,Summit Entertainment,Damien Chazelle,Sci-Fi,2016,128,High,PG-13,3,2016-09-13
2220,The Social Network,Columbia Pictures,David Fincher,Romance,2010,120,Medium,PG-13,3,2023-12-03
2963,The Lord of the Rings: The Return of the King,New Line Cinema,Peter Jackson,Animation,2003,201,High,PG-13,3,2016-10-17
2060,The Matrix,Warner Bros.,Lana Wachowski,Animation,1999,136,High,R,2,2020-09-10
495,There Will Be Blood,Paramount Vantage,Paul Thomas Anderson,Drama,2007,158,High,R,1,2018-09-05
1695,The Godfather,Paramount Pictures,Francis Ford Coppola,Fantasy,1972,175,High,R,4,2020-07-27
2974,The Godfather,Paramount Pictures,Francis Ford Coppola,Crime,1972,175,High,R,2,2019-06-27
1419,The Shawshank Redemption,Castle Rock Entertainment,Frank Darabont,Adventure,1994,142,High,R,4,2019-08-23
1585,The Shawshank Redemption,Castle Rock Entertainment,Frank Darabont,Action,1994,142,High,R,2,2022-11-20
1102,The Shawshank Redemption,Castle Rock Entertainment,Frank Darabont,Romance,1994,142,High,R,3,2022-05-13
537,Gladiator,DreamWorks Pictures,Ridley Scott,Romance,2000,155,High,R,1,2024-12-21
1215,Fight Club,20th Century Fox,David Fincher,Animation,1999,139,High,R,3,2021-07-05
1968,The Shawshank Redemption,Castle Rock Entertainment,Frank Darabont,Comedy,1994,142,High,R,3,2020-02-20
2957,Back to the Future,Universal Pictures,Robert Zemeckis,Sci-Fi,1985,116,Medium,PG,4,2015-11-11
1790,The Grand Budapest Hotel,Fox Searchlight,Wes Anderson,Animation,2014,99,Medium,R,5,2024-06-20
140,The Dark Knight,Warner Bros.,Christopher Nolan,Adventure,2008,152,High,PG-13,1,2023-09-18
1506,Gladiator,DreamWorks Pictures,Ridley Scott,Romance,2000,155,High,R,1,2022-10-27
769,The Matrix,Warner Bros.,Lana Wachowski,Sci-Fi,1999,136,High,R,4,2020-10-12
2668,The Shawshank Redemption,Castle Rock Entertainment,Frank Darabont,Thriller,1994,142,High,R,5,2022-10-25
772,Inside Out,Pixar,Pete Docter,Adventure,2015,95,Medium,PG,5,2023-06-27
1167,The Dark Knight,Warner Bros.,Christopher Nolan,Drama,2008,152,High,PG-13,1,2021-06-30
1569,The Shawshank Redemption,Castle Rock Entertainment,Frank Darabont,Fantasy,1994,142,High,R,1,2019-08-28
141,The Shawshank Redemption,Castle Rock Entertainment,Frank Darabont,Adventure,1994,142,High,R,2,2019-08-06
1796,Gladiator,DreamWorks Pictures,Ridley Scott,Fantasy,2000,155,High,R,5,2015-06-20
916,The Shawshank Redemption,Castle Rock Entertainment,Frank Darabont,Action,1994,142,High,R,1,2025-02-13
2250,Blade Runner 2049,Warner Bros.,Denis Villeneuve,Thriller,2017,164,High,R,5,2025-07-16
2367,The Shawshank Redemption,Castle Rock Entertainment,Frank Darabont,Crime,1994,142,High,R,2,2015-02-16
901,The Lord of the Rings: The Return of the King,New Line Cinema,Peter Jackson,Sci-Fi,2003,201,High,PG-13,4,2019-10-22
1818,Pulp Fiction,Miramax,Quentin Tarantino,Drama,1994,154,High,R,2,2022-04-03
1538,The Godfather,Paramount Pictures,Francis Ford Coppola,Comedy,1972,175,High,R,5,2017-07-05
2624,The Dark Knight,Warner Bros.,Christopher Nolan,Fantasy,2008,152,High,PG-13,1,2020-02-28
2701,The Shawshank Redemption,Castle Rock Entertainment,Frank Darabont,Drama,1994,142,High,R,3,2019-07-20
794,La La Land,Summit Entertainment,Damien Chazelle,Fantasy,2016,128,High,PG-13,3,2024-05-29
1302,The Matrix,Warner Bros.,Lana Wachowski,Fantasy,1999,136,High,R,4,2015-05-20
1000,The Godfather,Paramount Pictures,Francis Ford Coppola,Fantasy,1972,175,High,R,2,2021-09-27
2419,The Shawshank Redemption,Castle Rock Entertainment,Frank Darabont,Comedy,1994,142,High,R,5,2015-01-24
2252,The King's Speech,The Weinstein Company,Tom Hooper,Adventure,2010,118,Medium,R,3,2019-10-10
2708,Schindler's List,Universal Pictures,Steven Spielberg,Fantasy,1993,195,High,R,2,2023-01-22
2059,The Shawshank Redemption,Castle Rock Entertainment,Frank Darabont,Adventure,1994,142,High,R,5,2025-11-09
659,Pulp Fiction,Miramax,Quentin Tarantino,Crime,1994,154,High,R,1,2024-07-12
2416,The Godfather,Paramount Pictures,Francis Ford Coppola,Crime,1972,175,High,R,2,2025-11-07
1296,Saving Private Ryan,DreamWorks/Amblin,Steven Spielberg,Sci-Fi,1998,169,High,R,4,2016-06-07
200,The Godfather,Paramount Pictures,Francis Ford Coppola,Fantasy,1972,175,High,R,5,2025-01-12
212,The Empire Strikes Back,Lucasfilm,Irvin Kershner,Romance,1980,124,High,PG,3,2020-10-13
501,The Godfather,Paramount Pictures,Francis Ford Coppola,Crime,1972,175,High,R,3,2019-05-01
54,Back to the Future,Universal Pictures,Robert Zemeckis,Romance,1985,116,Medium,PG,4,2023-08-15
228,The Shawshank Redemption,Castle Rock Entertainment,Frank Darabont,Crime,1994,142,High,R,5,2022-07-13
2127,Up,Pixar,Pete Docter,Drama,2009,96,Medium,PG,4,2017-05-08
1807,Inception,Warner Bros.,Christopher Nolan,Adventure,2010,148,High,PG-13,3,2019-05-27
2033,The Truman Show,Paramount Pictures,Peter Weir,Thriller,1998,103,Medium,PG,3,2023-03-03
2351,The Godfather,Paramount Pictures,Francis Ford Coppola,Sci-Fi,1972,175,High,R,5,2017-08-08
1132,The Silence of the Lambs,Orion Pictures,Jonathan Demme,Drama,1991,118,Medium,R,5,2021-10-11
1303,The Shawshank Redemption,Castle Rock Entertainment,Frank Darabont,Crime,1994,142,High,R,5,2020-12-15
2145,The King's Speech,The Weinstein Company,Tom Hooper,Sci-Fi,2010,118,Medium,R,4,2015-10-05
55,The Shawshank Redemption,Castle Rock Entertainment,Frank Darabont,Crime,1994,142,High,R,2,2025-10-03
1037,The Dark Knight,Warner Bros.,Christopher Nolan,Action,2008,152,High,PG-13,5,2022-02-23
278,Schindler's List,Universal Pictures,Steven Spielberg,Action,1993,195,High,R,3,2022-01-25
1448,The Shawshank Redemption,Castle Rock Entertainment,Frank Darabont,Romance,1994,142,High,R,1,2017-03-15
681,The Matrix,Warner Bros.,Lana Wachowski,Drama,1999,136,High,R,5,2018-04-18
744,Schindler's List,Universal Pictures,Steven Spielberg,Comedy,1993,195,High,R,1,2024-04-05
2416,The Godfather,Paramount Pictures,Francis Ford Coppola,Fantasy,1972,175,High,R,5,2022-01-03
2285,The Shawshank Redemption,Castle Rock Entertainment,Frank Darabont,Thriller,1994,142,High,R,2,2017-10-08
1595,Fight Club,20th Century Fox,David Fincher,Fantasy,1999,139,High,R,4,2020-04-01
678,The Social Network,Columbia Pictures,David Fincher,Drama,2010,120,Medium,PG-13,4,2024-04-28
1312,Parasite,CJ Entertainment,Bong Joon-ho,Animation,2019,132,High,R,5,2025-07-08
1269,No Country for Old Men,Mirage Enterprises,Ethan Coen,Crime,2007,122,High,R,2,2023-10-05
1927,The Shawshank Redemption,Castle Rock Entertainment,Frank Darabont,Thriller,1994,142,High,R,5,2021-11-11
1189,Fight Club,20th Century Fox,David Fincher,Animation,1999,139,High,R,4,2018-03-20
410,The Empire Strikes Back,Lucasfilm,Irvin Kershner,Thriller,1980,124,High,PG,1,2020-12-02
2829,Inception,Warner Bros.,Christopher Nolan,Sci-Fi,2010,148,High,PG-13,2,2016-10-21
2803,Se7en,New Line Cinema,David Fincher,Thriller,1995,127,High,R,5,2024-10-14
1565,The Lion King,Walt Disney Pictures,Roger Allers,Drama,1994,88,Low,G,2,2019-04-26
502,The Godfather,Paramount Pictures,Francis Ford Coppola,Action,1972,175,High,R,1,2020-04-16
2257,The Dark Knight,Warner Bros.,Christopher Nolan,Comedy,2008,152,High,PG-13,5,2015-11-24
432,The Godfather,Paramount Pictures,Francis Ford Coppola,Thriller,1972,175,High,R,2,2024-04-01
232,The Shawshank Redemption,Castle Rock Entertainment,Frank Darabont,Fantasy,1994,142,High,R,5,2019-08-27
1853,The Dark Knight,Warner Bros.,Christopher Nolan,Fantasy,2008,152,High,PG-13,4,2024-06-11
2724,Forrest Gump,Paramount Pictures,Robert Zemeckis,Romance,1994,142,High,PG-13,2,2022-11-24
137,Fight Club,20th Century Fox,David Fincher,Romance,1999,139,High,R,2,2023-07-24
1819,The Green Mile,Castle Rock Entertainment,Frank Darabont,Drama,1999,189,High,R,2,2020-12-13
1465,The Godfather,Paramount Pictures,Francis Ford Coppola,Fantasy,1972,175,High,R,3,2015-05-18
53,Forrest Gump,Paramount Pictures,Robert Zemeckis,Action,1994,142,High,PG-13,2,2022-08-15
2003,The Shawshank Redemption,Castle Rock Entertainment,Frank Darabont,Drama,1994,142,High,R,4,2019-11-29
2636,Inception,Warner Bros.,Christopher Nolan,Crime,2010,148,High,PG-13,5,2024-10-11
717,The Shawshank Redemption,Castle Rock Entertainment,Frank Darabont,Romance,1994,142,High,R,4,2022-06-06
776,The Dark Knight,Warner Bros.,Christopher Nolan,Adventure,2008,152,High,PG-13,4,2015-09-20
1697,The Truman Show,Paramount Pictures,Peter Weir,Comedy,1998,103,Medium,PG,5,2024-06-08
2845,Forrest Gump,Paramount Pictures,Robert Zemeckis,Comedy,1994,142,High,PG-13,3,2016-01-24
1460,Goodfellas,Warner Bros.,Martin Scorsese,Adventure,1990,146,High,R,2,2020-01-28
1231,The Departed,Warner Bros.,Martin Scorsese,Adventure,2006,151,High,R,4,2023-01-24
599,WALL·E,Pixar,Andrew Stanton,Comedy,2008,98,Medium,G,5,2020-12-18
1718,The Usual Suspects,Gramercy Pictures,Bryan Singer,Adventure,1995,106,Medium,R,2,2023-01-29
199,Schindler's List,Universal Pictures,Steven Spielberg,Romance,1993,195,High,R,5,2025-11-05
427,Gladiator,DreamWorks Pictures,Ridley Scott,Animation,2000,155,High,R,3,2025-08-20
1773,The Departed,Warner Bros.,Martin Scorsese,Crime,2006,151,High,R,1,2018-07-12
1411,Forrest Gump,Paramount Pictures,Robert Zemeckis,Thriller,1994,142,High,PG-13,2,2021-02-03
1723,The Shawshank Redemption,Castle Rock Entertainment,Frank Darabont,Fantasy,1994,142,High,R,4,2018-03-20
2708,Forrest Gump,Paramount Pictures,Robert Zemeckis,Drama,1994,142,High,PG-13,3,2015-09-04
2493,Pulp Fiction,Miramax,Quentin Tarantino,Animation,1994,154,High,R,1,2025-11-19
2388,Fight Club,20th Century Fox,David Fincher,Animation,1999,139,High,R,2,2015-10-05
248,The Godfather,Paramount Pictures,Francis Ford Coppola,Sci-Fi,1972,175,High,R,3,2022-11-17
1755,The Shawshank Redemption,Castle Rock Entertainment,Frank Darabont,Fantasy,1994,142,High,R,3,2020-09-16
831,The Shawshank Redemption,Castle Rock Entertainment,Frank Darabont,Comedy,1994,142,High,R,3,2019-03-24
618,Interstellar,Paramount Pictures,Christopher Nolan,Thriller,2014,169,High,PG-13,5,2021-06-25
1143,The Godfather,Paramount Pictures,Francis Ford Coppola,Romance,1972,175,High,R,3,2016-07-20
316,The Departed,Warner Bros.,Martin Scorsese,Fantasy,2006,151,High,R,1,2018-10-20
2173,The Godfather,Paramount Pictures,Francis Ford Coppola,Adventure,1972,175,High,R,4,2024-07-26
2194,The Pianist,Focus Features,Roman Polanski,Action,2002,150,High,R,4,2017-02-26
1104,Fight Club,20th Century Fox,David Fincher,Thriller,1999,139,High,R,2,2025-10-13
1547,Django Unchained,Columbia Pictures,Quentin Tarantino,Action,2012,165,High,R,4,2015-12-30
659,The Shawshank Redemption,Castle Rock Entertainment,Frank Darabont,Animation,1994,142,High,R,4,2023-09-01
1896,Gladiator,DreamWorks Pictures,Ridley Scott,Animation,2000,155,High,R,4,2021-07-03
2963,Toy Story,Pixar,John Lasseter,Comedy,1995,81,Low,G,4,2019-09-08
857,Saving Private Ryan,DreamWorks/Amblin,Steven Spielberg,Thriller,1998,169,High,R,4,2015-04-11
2295,The Empire Strikes Back,Lucasfilm,Irvin Kershner,Adventure,1980,124,High,PG,3,2020-04-07
394,Se7en,New Line Cinema,David Fincher,Action,1995,127,High,R,4,2020-11-26
2502,Fight Club,20th Century Fox,David Fincher,Thriller,1999,139,High,R,1,2023-12-07
2920,The Shawshank Redemption,Castle Rock Entertainment,Frank Darabont,Romance,1994,142,High,R,3,2016-01-05
2856,Up,Pixar,Pete Docter,Thriller,2009,96,Medium,PG,2,2020-09-21
986,The Shawshank Redemption,Castle Rock Entertainment,Frank Darabont,Sci-Fi,1994,142,High,R,2,2018-11-28
2056,The Empire Strikes Back,Lucasfilm,Irvin Kershner,Comedy,1980,124,High,PG,1,2025-03-22
264,The Dark Knight,Warner Bros.,Christopher Nolan,Adventure,2008,152,High,PG-13,3,2018-02-13
2207,Parasite,CJ Entertainment,Bong Joon-ho,Romance,2019,132,High,R,2,2018-07-27
15,No Country for Old Men,Mirage Enterprises,Ethan Coen,Thriller,2007,122,High,R,1,2017-12-06
921,The Shawshank Redemption,Castle Rock Entertainment,Frank Darabont,Thriller,1994,142,High,R,3,2019-07-06
1766,The Shawshank Redemption,Castle Rock Entertainment,Frank Darabont,Action,1994,142,High,R,5,2016-09-09
2509,Forrest Gump,Paramount Pictures,Robert Zemeckis,Adventure,1994,142,High,PG-13,3,2024-10-07
2240,The Shawshank Redemption,Castle Rock Entertainment,Frank Darabont,Fantasy,1994,142,High,R,5,2024-02-14
1748,Alien,20th Century Fox,Ridley Scott,Adventure,1979,117,Medium,R,4,2016-02-15
1789,Back to the Future,Universal Pictures,Robert Zemeckis,Animation,1985,116,Medium,PG,5,2023-01-02
1502,Schindler's List,Universal Pictures,Steven Spielberg,Crime,1993,195,High,R,2,2016-08-28
2212,The Shawshank Redemption,Castle Rock Entertainment,Frank Darabont,Sci-Fi,1994,142,High,R,2,2024-07-15
1197,Pulp Fiction,Miramax,Quentin Tarantino,Animation,1994,154,High,R,3,2019-04-30
1584,Toy Story,Pixar,John Lasseter,Thriller,1995,81,Low,G,3,2019-12-01
864,The Shawshank Redemption,Castle Rock Entertainment,Frank Darabont,Animation,1994,142,High,R,5,2016-12-17
1800,The Shawshank Redemption,Castle Rock Entertainment,Frank Darabont,Action,1994,142,High,R,3,2021-02-07
1913,The Shawshank Redemption,Castle Rock Entertainment,Frank Darabont,Romance,1994,142,High,R,3,2019-06-07
320,"Crouching Tiger, Hidden Dragon",Sony Pictures Classics,Ang Lee,Thriller,2000,120,Medium,PG-13,4,2017-05-07
2270,The Dark Knight,Warner Bros.,Christopher Nolan,Thriller,2008,152,High,PG-13,1,2024-07-21
646,The Godfather,Paramount Pictures,Francis Ford Coppola,Drama,1972,175,High,R,1,2020-04-05
59,Goodfellas,Warner Bros.,Martin Scorsese,Action,1990,146,High,R,5,2023-08-18
2494,The Godfather,Paramount Pictures,Francis Ford Coppola,Thriller,1972,175,High,R,4,2018-06-30
2339,The Shawshank Redemption,Castle Rock Entertainment,Frank Darabont,Comedy,1994,142,High,R,4,2018-02-26
982,The Shawshank Redemption,Castle Rock Entertainment,Frank Darabont,Crime,1994,142,High,R,4,2024-01-19
390,The Godfather,Paramount Pictures,Francis Ford Coppola,Thriller,1972,175,High,R,1,2017-07-25
963,The Shawshank Redemption,Castle Rock Entertainment,Frank Darabont,Crime,1994,142,High,R,4,2019-08-15
589,The Departed,Warner Bros.,Martin Scorsese,Sci-Fi,2006,151,High,R,2,2023-06-07
297,Inception,Warner Bros.,Christopher Nolan,Adventure,2010,148,High,PG-13,3,2018-06-07
1357,The Godfather,Paramount Pictures,Francis Ford Coppola,Drama,1972,175,High,R,5,2022-02-16
2355,Pulp Fiction,Miramax,Quentin Tarantino,Sci-Fi,1994,154,High,R,2,2016-10-28
1279,The Dark Knight,Warner Bros.,Christopher Nolan,Crime,2008,152,High,PG-13,1,2020-09-25
2995,Inception,Warner Bros.,Christopher Nolan,Crime,2010,148,High,PG-13,1,2019-04-17
2703,The Usual Suspects,Gramercy Pictures,Bryan Singer,Sci-Fi,1995,106,Medium,R,1,2023-04-19
26,The Prestige,Warner Bros.,Christopher Nolan,Action,2006,130,High,PG-13,4,2024-12-28
426,The Godfather,Paramount Pictures,Francis Ford Coppola,Romance,1972,175,High,R,1,2022-02-22
2094,Pulp Fiction,Miramax,Quentin Tarantino,Romance,1994,154,High,R,3,2017-03-27
2946,Back to the Future,Universal Pictures,Robert Zemeckis,Romance,1985,116,Medium,PG,1,2025-03-12
298,The Dark Knight,Warner Bros.,Christopher Nolan,Action,2008,152,High,PG-13,3,2018-02-10
2014,Up,Pixar,Pete Docter,Sci-Fi,2009,96,Medium,PG,4,2022-01-10
905,Fight Club,20th Century Fox,David Fincher,Comedy,1999,139,High,R,3,2020-04-11
1431,The Social Network,Columbia Pictures,David Fincher,Action,2010,120,Medium,PG-13,1,2019-10-30
867,The Shawshank Redemption,Castle Rock Entertainment,Frank Darabont,Action,1994,142,High,R,3,2016-09-18
1090,Whiplash,Blumhouse Productions,Damien Chazelle,Romance,2014,107,Medium,R,2,2018-11-20
278,Goodfellas,Warner Bros.,Martin Scorsese,Drama,1990,146,High,R,4,2015-11-09
703,The Silence of the Lambs,Orion Pictures,Jonathan Demme,Drama,1991,118,Medium,R,4,2023-06-24
999,The Lord of the Rings: The Return of the King,New Line Cinema,Peter Jackson,Adventure,2003,201,High,PG-13,1,2016-11-22
125,Schindler's List,Universal Pictures,Steven Spielberg,Drama,1993,195,High,R,3,2022-03-01
1035,Parasite,CJ Entertainment,Bong Joon-ho,Sci-Fi,2019,132,High,R,4,2016-01-22
816,Inception,Warner Bros.,Christopher Nolan,Thriller,2010,148,High,PG-13,2,2022-05-15
1865,Whiplash,Blumhouse Productions,Damien Chazelle,Fantasy,2014,107,Medium,R,1,2017-11-09
271,The Matrix,Warner Bros.,Lana Wachowski,Adventure,1999,136,High,R,3,2017-11-12
2372,The Shawshank Redemption,Castle Rock Entertainment,Frank Darabont,Animation,1994,142,High,R,2,2018-04-13
2751,The Shawshank Redemption,Castle Rock Entertainment,Frank Darabont,Drama,1994,142,High,R,2,2020-09-10
2678,There Will Be Blood,Paramount Vantage,Paul Thomas Anderson,Crime,2007,158,High,R,3,2023-10-26
2786,The Shawshank Redemption,Castle Rock Entertainment,Frank Darabont,Animation,1994,142,High,R,5,2024-08-21
1608,The Dark Knight,Warner Bros.,Christopher Nolan,Crime,2008,152,High,PG-13,4,2024-10-15
2488,Fight Club,20th Century Fox,David Fincher,Crime,1999,139,High,R,2,2019-09-05
1342,Pulp Fiction,Miramax,Quentin Tarantino,Adventure,1994,154,High,R,1,2024-07-17
557,Se7en,New Line Cinema,David Fincher,Fantasy,1995,127,High,R,2,2022-12-28
2461,The Godfather,Paramount Pictures,Francis Ford Coppola,Romance,1972,175,High,R,1,2017-08-06
2819,The Godfather,Paramount Pictures,Francis Ford Coppola,Drama,1972,175,High,R,2,2024-03-05
690,Se7en,New Line Cinema,David Fincher,Adventure,1995,127,High,R,1,2023-04-27
623,Forrest Gump,Paramount Pictures,Robert Zemeckis,Romance,1994,142,High,PG-13,4,2024-02-17
2072,The Prestige,Warner Bros.,Christopher Nolan,Thriller,2006,130,High,PG-13,5,2017-08-01
2782,Toy Story,Pixar,John Lasseter,Comedy,1995,81,Low,G,1,2023-07-05
1053,Parasite,CJ Entertainment,Bong Joon-ho,Fantasy,2019,132,High,R,4,2018-12-24
633,The Shawshank Redemption,Castle Rock Entertainment,Frank Darabont,Romance,1994,142,High,R,5,2017-12-25
2149,Parasite,CJ Entertainment,Bong Joon-ho,Animation,2019,132,High,R,3,2023-04-09
1683,The Shawshank Redemption,Castle Rock Entertainment,Frank Darabont,Thriller,1994,142,High,R,1,2020-11-11
1686,The Silence of the Lambs,Orion Pictures,Jonathan Demme,Crime,1991,118,Medium,R,3,2021-03-29
192,Schindler's List,Universal Pictures,Steven Spielberg,Action,1993,195,High,R,5,2022-04-11
235,Inception,Warner Bros.,Christopher Nolan,Drama,2010,148,High,PG-13,3,2025-12-05
2030,Se7en,New Line Cinema,David Fincher,Comedy,1995,127,High,R,5,2024-08-02
1291,Schindler's List,Universal Pictures,Steven Spielberg,Adventure,1993,195,High,R,5,2015-04-24
2000,The Shawshank Redemption,Castle Rock Entertainment,Frank Darabont,Action,1994,142,High,R,2,2020-03-26
1980,The Shawshank Redemption,Castle Rock Entertainment,Frank Darabont,Drama,1994,142,High,R,5,2015-08-01
2830,The Godfather,Paramount Pictures,Francis Ford Coppola,Comedy,1972,175,High,R,4,2021-06-02
512,The Godfather,Paramount Pictures,Francis Ford Coppola,Crime,1972,175,High,R,1,2020-04-15
821,Forrest Gump,Paramount Pictures,Robert Zemeckis,Comedy,1994,142,High,PG-13,1,2015-05-02
2784,Gladiator,DreamWorks Pictures,Ridley Scott,Adventure,2000,155,High,R,4,2020-12-02
1350,Moonlight,A24,Barry Jenkins,Comedy,2016,111,Medium,R,5,2019-06-11
1204,The Empire Strikes Back,Lucasfilm,Irvin Kershner,Fantasy,1980,124,High,PG,2,2020-05-15
1545,Whiplash,Blumhouse Productions,Damien Chazelle,Romance,2014,107,Medium,R,4,2019-07-17
1613,The King's Speech,The Weinstein Company,Tom Hooper,Fantasy,2010,118,Medium,R,2,2017-06-16
1925,The Dark Knight,Warner Bros.,Christopher Nolan,Drama,2008,152,High,PG-13,3,2024-07-18
433,The Godfather,Paramount Pictures,Francis Ford Coppola,Action,1972,175,High,R,1,2021-04-05
2434,Fight Club,20th Century Fox,David Fincher,Thriller,1999,139,High,R,4,2020-10-17
544,The Shawshank Redemption,Castle Rock Entertainment,Frank Darabont,Action,1994,142,High,R,3,2024-06-03
1254,The Prestige,Warner Bros.,Christopher Nolan,Romance,2006,130,High,PG-13,3,2015-01-20
1648,The Shawshank Redemption,Castle Rock Entertainment,Frank Darabont,Thriller,1994,142,High,R,3,2016-04-24
2903,The Shawshank Redemption,Castle Rock Entertainment,Frank Darabont,Sci-Fi,1994,142,High,R,5,2023-09-06
2826,The Godfather,Paramount Pictures,Francis Ford Coppola,Fantasy,1972,175,High,R,3,2016-06-26
2290,The Truman Show,Paramount Pictures,Peter Weir,Sci-Fi,1998,103,Medium,PG,5,2018-04-01
805,"Crouching Tiger, Hidden Dragon",Sony Pictures Classics,Ang Lee,Thriller,2000,120,Medium,PG-13,1,2019-10-17
1291,The Dark Knight,Warner Bros.,Christopher Nolan,Animation,2008,152,High,PG-13,1,2020-02-27
1386,The Shawshank Redemption,Castle Rock Entertainment,Frank Darabont,Animation,1994,142,High,R,1,2017-10-14
2498,The Godfather,Paramount Pictures,Francis Ford Coppola,Sci-Fi,1972,175,High,R,3,2016-10-03
2512,Back to the Future,Universal Pictures,Robert Zemeckis,Animation,1985,116,Medium,PG,2,2023-06-24
1466,The Shawshank Redemption,Castle Rock Entertainment,Frank Darabont,Thriller,1994,142,High,R,5,2023-07-22
2860,The Godfather,Paramount Pictures,Francis Ford Coppola,Adventure,1972,175,High,R,2,2023-04-22
2677,The Grand Budapest Hotel,Fox Searchlight,Wes Anderson,Sci-Fi,2014,99,Medium,R,1,2020-11-07
2458,Inception,Warner Bros.,Christopher Nolan,Adventure,2010,148,High,PG-13,2,2017-01-10
2887,Saving Private Ryan,DreamWorks/Amblin,Steven Spielberg,Fantasy,1998,169,High,R,2,2018-04-03
2538,Mad Max: Fury Road,Warner Bros.,George Miller,Crime,2015,120,Medium,R,1,2017-11-06
1348,American Beauty,DreamWorks,Sam Mendes,Fantasy,1999,122,High,R,3,2020-02-08
2680,The Godfather,Paramount Pictures,Francis Ford Coppola,Fantasy,1972,175,High,R,2,2022-07-15
2411,Pulp Fiction,Miramax,Quentin Tarantino,Fantasy,1994,154,High,R,1,2018-02-02
1880,Blade Runner,Warner Bros.,Ridley Scott,Drama,1982,117,Medium,R,5,2019-09-05
1595,Inception,Warner Bros.,Christopher Nolan,Romance,2010,148,High,PG-13,3,2019-02-02
1847,Inside Out,Pixar,Pete Docter,Adventure,2015,95,Medium,PG,5,2020-05-17
129,The Godfather,Paramount Pictures,Francis Ford Coppola,Sci-Fi,1972,175,High,R,1,2023-09-30
1926,Schindler's List,Universal Pictures,Steven Spielberg,Comedy,1993,195,High,R,1,2018-11-06
2988,The Shawshank Redemption,Castle Rock Entertainment,Frank Darabont,Sci-Fi,1994,142,High,R,5,2025-02-19
83,The Matrix,Warner Bros.,Lana Wachowski,Drama,1999,136,High,R,5,2024-09-14
1286,The Godfather,Paramount Pictures,Francis Ford Coppola,Crime,1972,175,High,R,4,2025-11-02
1941,Pulp Fiction,Miramax,Quentin Tarantino,Comedy,1994,154,High,R,2,2015-05-10
2805,La La Land,Summit Entertainment,Damien Chazelle,Action,2016,128,High,PG-13,1,2025-01-25
1860,Forrest Gump,Paramount Pictures,Robert Zemeckis,Animation,1994,142,High,PG-13,4,2022-06-03
414,Saving Private Ryan,DreamWorks/Amblin,Steven Spielberg,Sci-Fi,1998,169,High,R,5,2021-08-06
949,The Dark Knight,Warner Bros.,Christopher Nolan,Animation,2008,152,High,PG-13,4,2017-01-11
132,Pulp Fiction,Miramax,Quentin Tarantino,Comedy,1994,154,High,R,1,2016-05-01
2925,The Godfather,Paramount Pictures,Francis Ford Coppola,Adventure,1972,175,High,R,4,2021-03-27
1343,Pulp Fiction,Miramax,Quentin Tarantino,Crime,1994,154,High,R,2,2019-04-27
274,American Beauty,DreamWorks,Sam Mendes,Action,1999,122,High,R,5,2024-04-30
482,Fight Club,20th Century Fox,David Fincher,Action,1999,139,High,R,5,2024-06-02
2627,The Shawshank Redemption,Castle Rock Entertainment,Frank Darabont,Fantasy,1994,142,High,R,5,2021-12-30
2657,The Social Network,Columbia Pictures,David Fincher,Animation,2010,120,Medium,PG-13,3,2025-03-23
2559,The Shawshank Redemption,Castle Rock Entertainment,Frank Darabont,Romance,1994,142,High,R,5,2015-09-20
410,The Grand Budapest Hotel,Fox Searchlight,Wes Anderson,Drama,2014,99,Medium,R,5,2018-04-11
1372,Gladiator,DreamWorks Pictures,Ridley Scott,Adventure,2000,155,High,R,5,2023-09-24
930,The Green Mile,Castle Rock Entertainment,Frank Darabont,Thriller,1999,189,High,R,4,2022-12-31
1706,The Shawshank Redemption,Castle Rock Entertainment,Frank Darabont,Comedy,1994,142,High,R,2,2020-02-10
2317,The Shawshank Redemption,Castle Rock Entertainment,Frank Darabont,Animation,1994,142,High,R,3,2019-02-18
505,The Dark Knight,Warner Bros.,Christopher Nolan,Fantasy,2008,152,High,PG-13,1,2020-07-12
2243,Pulp Fiction,Miramax,Quentin Tarantino,Romance,1994,154,High,R,3,2017-11-11
1252,Gladiator,DreamWorks Pictures,Ridley Scott,Crime,2000,155,High,R,3,2023-05-29
1821,The Shawshank Redemption,Castle Rock Entertainment,Frank Darabont,Drama,1994,142,High,R,3,2015-05-29
504,The Dark Knight,Warner Bros.,Christopher Nolan,Drama,2008,152,High,PG-13,2,2017-09-03
166,The Shawshank Redemption,Castle Rock Entertainment,Frank Darabont,Sci-Fi,1994,142,High,R,3,2025-11-12
2394,Pulp Fiction,Miramax,Quentin Tarantino,Romance,1994,154,High,R,4,2016-10-12
2302,Pulp Fiction,Miramax,Quentin Tarantino,Action,1994,154,High,R,2,2023-03-22
1858,Forrest Gump,Paramount Pictures,Robert Zemeckis,Adventure,1994,142,High,PG-13,3,2016-09-22
2914,Blade Runner 2049,Warner Bros.,Denis Villeneuve,Comedy,2017,164,High,R,3,2021-08-08
1536,Forrest Gump,Paramount Pictures,Robert Zemeckis,Romance,1994,142,High,PG-13,2,2025-01-18
799,The Shawshank Redemption,Castle Rock Entertainment,Frank Darabont,Romance,1994,142,High,R,4,2022-09-25
1825,American Beauty,DreamWorks,Sam Mendes,Sci-Fi,1999,122,High,R,3,2018-02-03
1891,Titanic,Paramount Pictures,James Cameron,Adventure,1997,195,High,PG-13,5,2025-02-08
275,Parasite,CJ Entertainment,Bong Joon-ho,Thriller,2019,132,High,R,4,2025-03-15
2405,Avengers: Endgame,Marvel Studios,Anthony Russo,Adventure,2019,181,High,PG-13,2,2025-12-03
2925,Goodfellas,Warner Bros.,Martin Scorsese,Action,1990,146,High,R,3,2022-04-06
494,The Matrix,Warner Bros.,Lana Wachowski,Sci-Fi,1999,136,High,R,4,2020-02-26
2602,Fight Club,20th Century Fox,David Fincher,Thriller,1999,139,High,R,4,2015-01-09
83,The Shawshank Redemption,Castle Rock Entertainment,Frank Darabont,Comedy,1994,142,High,R,2,2022-11-09
242,The Godfather,Paramount Pictures,Francis Ford Coppola,Action,1972,175,High,R,3,2019-03-25
408,The Shawshank Redemption,Castle Rock Entertainment,Frank Darabont,Crime,1994,142,High,R,2,2025-02-04
1443,Pulp Fiction,Miramax,Quentin Tarantino,Sci-Fi,1994,154,High,R,4,2020-03-19
638,The Shawshank Redemption,Castle Rock Entertainment,Frank Darabont,Drama,1994,142,High,R,4,2016-03-28
1799,The Grand Budapest Hotel,Fox Searchlight,Wes Anderson,Romance,2014,99,Medium,R,4,2016-02-25
1211,Pulp Fiction,Miramax,Quentin Tarantino,Adventure,1994,154,High,R,1,2019-08-09
2952,The Shawshank Redemption,Castle Rock Entertainment,Frank Darabont,Fantasy,1994,142,High,R,2,2021-05-21
2097,The Lord of the Rings: The Return of the King,New Line Cinema,Peter Jackson,Drama,2003,201,High,PG-13,3,2017-05-12
2947,Fight Club,20th Century Fox,David Fincher,Crime,1999,139,High,R,4,2025-03-09
688,Pulp Fiction,Miramax,Quentin Tarantino,Sci-Fi,1994,154,High,R,2,2025-06-18
1425,The Social Network,Columbia Pictures,David Fincher,Fantasy,2010,120,Medium,PG-13,1,2016-08-12
951,The Godfather,Paramount Pictures,Francis Ford Coppola,Crime,1972,175,High,R,4,2022-03-07
1725,The Matrix,Warner Bros.,Lana Wachowski,Adventure,1999,136,High,R,5,2018-06-19
1715,The Godfather,Paramount Pictures,Francis Ford Coppola,Fantasy,1972,175,High,R,2,2018-10-06
1915,The Shawshank Redemption,Castle Rock Entertainment,Frank Darabont,Comedy,1994,142,High,R,4,2024-01-19
184,Heat,Warner Bros.,Michael Mann,Animation,1995,170,High,R,2,2022-04-30
1601,The Empire Strikes Back,Lucasfilm,Irvin Kershner,Sci-Fi,1980,124,High,PG,5,2015-03-29
2880,Interstellar,Paramount Pictures,Christopher Nolan,Crime,2014,169,High,PG-13,3,2022-12-18
265,The Dark Knight,Warner Bros.,Christopher Nolan,Action,2008,152,High,PG-13,4,2025-03-17
1931,The Godfather,Paramount Pictures,Francis Ford Coppola,Drama,1972,175,High,R,5,2024-10-06
2753,The Godfather,Paramount Pictures,Francis Ford Coppola,Action,1972,175,High,R,2,2023-11-22
1784,The Shawshank Redemption,Castle Rock Entertainment,Frank Darabont,Sci-Fi,1994,142,High,R,4,2019-12-04
18,Pulp Fiction,Miramax,Quentin Tarantino,Adventure,1994,154,High,R,3,2022-05-10
2570,The Godfather,Paramount Pictures,Francis Ford Coppola,Action,1972,175,High,R,3,2016-10-04
2316,WALL·E,Pixar,Andrew Stanton,Crime,2008,98,Medium,G,4,2025-12-19
683,The Godfather,Paramount Pictures,Francis Ford Coppola,Adventure,1972,175,High,R,2,2022-11-12
301,The King's Speech,The Weinstein Company,Tom Hooper,Animation,2010,118,Medium,R,4,2025-03-30
278,Forrest Gump,Paramount Pictures,Robert Zemeckis,Drama,1994,142,High,PG-13,3,2021-03-19
1364,The Godfather,Paramount Pictures,Francis Ford Coppola,Animation,1972,175,High,R,1,2025-09-10
1549,Pulp Fiction,Miramax,Quentin Tarantino,Action,1994,154,High,R,1,2017-07-04
2677,Whiplash,Blumhouse Productions,Damien Chazelle,Fantasy,2014,107,Medium,R,5,2023-06-29
1525,Fight Club,20th Century Fox,David Fincher,Comedy,1999,139,High,R,3,2018-09-22
124,The Shawshank Redemption,Castle Rock Entertainment,Frank Darabont,Crime,1994,142,High,R,3,2016-05-03
35,Pulp Fiction,Miramax,Quentin Tarantino,Adventure,1994,154,High,R,3,2020-07-31
1530,The Dark Knight,Warner Bros.,Christopher Nolan,Action,2008,152,High,PG-13,5,2025-08-11
1094,The Shawshank Redemption,Castle Rock Entertainment,Frank Darabont,Sci-Fi,1994,142,High,R,5,2020-07-11
2760,The Godfather,Paramount Pictures,Francis Ford Coppola,Action,1972,175,High,R,2,2018-11-08
2687,The Matrix,Warner Bros.,Lana Wachowski,Animation,1999,136,High,R,5,2019-11-13
2445,The Shawshank Redemption,Castle Rock Entertainment,Frank Darabont,Adventure,1994,142,High,R,5,2019-06-15
1765,The Shawshank Redemption,Castle Rock Entertainment,Frank Darabont,Sci-Fi,1994,142,High,R,2,2018-07-08
2726,The Shawshank Redemption,Castle Rock Entertainment,Frank Darabont,Sci-Fi,1994,142,High,R,2,2018-10-03
2406,The Dark Knight,Warner Bros.,Christopher Nolan,Adventure,2008,152,High,PG-13,1,2020-05-30
2397,The Green Mile,Castle Rock Entertainment,Frank Darabont,Fantasy,1999,189,High,R,3,2015-11-06
1371,The Shawshank Redemption,Castle Rock Entertainment,Frank Darabont,Animation,1994,142,High,R,3,2021-08-05
811,The Shawshank Redemption,Castle Rock Entertainment,Frank Darabont,Action,1994,142,High,R,4,2024-01-01
2648,The Godfather,Paramount Pictures,Francis Ford Coppola,Comedy,1972,175,High,R,3,2020-12-10
1734,The Shawshank Redemption,Castle Rock Entertainment,Frank Darabont,Crime,1994,142,High,R,5,2020-07-10
1102,Interstellar,Paramount Pictures,Christopher Nolan,Crime,2014,169,High,PG-13,2,2025-07-08
2799,Pulp Fiction,Miramax,Quentin Tarantino,Crime,1994,154,High,R,4,2018-02-09
2867,The Dark Knight,Warner Bros.,Christopher Nolan,Adventure,2008,152,High,PG-13,2,2025-07-11
620,Saving Private Ryan,DreamWorks/Amblin,Steven Spielberg,Sci-Fi,1998,169,High,R,3,2017-10-13
1842,American Beauty,DreamWorks,Sam Mendes,Action,1999,122,High,R,3,2025-02-15
10,The Shawshank Redemption,Castle Rock Entertainment,Frank Darabont,Animation,1994,142,High,R,1,2025-12-29
2388,The Shawshank Redemption,Castle Rock Entertainment,Frank Darabont,Animation,1994,142,High,R,1,2016-11-18
2193,Titanic,Paramount Pictures,James Cameron,Crime,1997,195,High,PG-13,5,2021-04-06
2697,The Godfather,Paramount Pictures,Francis Ford Coppola,Animation,1972,175,High,R,5,2024-11-12
2729,The Godfather,Paramount Pictures,Francis Ford Coppola,Fantasy,1972,175,High,R,3,2021-03-18
1646,The Departed,Warner Bros.,Martin Scorsese,Crime,2006,151,High,R,2,2025-01-10
34,Inception,Warner Bros.,Christopher Nolan,Fantasy,2010,148,High,PG-13,5,2017-10-19
2110,Titanic,Paramount Pictures,James Cameron,Animation,1997,195,High,PG-13,1,2018-08-18
49,Inception,Warner Bros.,Christopher Nolan,Romance,2010,148,High,PG-13,5,2024-10-14
495,The Godfather,Paramount Pictures,Francis Ford Coppola,Animation,1972,175,High,R,1,2021-02-16
2918,The Godfather,Paramount Pictures,Francis Ford Coppola,Thriller,1972,175,High,R,2,2018-03-03
461,Parasite,CJ Entertainment,Bong Joon-ho,Adventure,2019,132,High,R,1,2021-03-14
2909,Interstellar,Paramount Pictures,Christopher Nolan,Drama,2014,169,High,PG-13,3,2019-03-23
2423,The Godfather,Paramount Pictures,Francis Ford Coppola,Animation,1972,175,High,R,4,2024-02-02
967,The Matrix,Warner Bros.,Lana Wachowski,Action,1999,136,High,R,1,2023-09-22
1700,The Avengers,Marvel Studios,Joss Whedon,Crime,2012,143,High,PG-13,4,2022-11-13
562,Fight Club,20th Century Fox,David Fincher,Sci-Fi,1999,139,High,R,1,2024-12-23
1191,Toy Story,Pixar,John Lasseter,Crime,1995,81,Low,G,2,2025-03-26
1058,Avengers: Endgame,Marvel Studios,Anthony Russo,Fantasy,2019,181,High,PG-13,4,2023-09-13
2808,The Shawshank Redemption,Castle Rock Entertainment,Frank Darabont,Crime,1994,142,High,R,2,2022-11-30
779,Titanic,Paramount Pictures,James Cameron,Adventure,1997,195,High,PG-13,5,2020-11-15
1096,The Dark Knight,Warner Bros.,Christopher Nolan,Action,2008,152,High,PG-13,1,2020-02-16
2828,The Lord of the Rings: The Return of the King,New Line Cinema,Peter Jackson,Animation,2003,201,High,PG-13,3,2021-07-23
706,Titanic,Paramount Pictures,James Cameron,Romance,1997,195,High,PG-13,1,2024-07-02
1003,The Dark Knight,Warner Bros.,Christopher Nolan,Romance,2008,152,High,PG-13,2,2015-01-02
1710,The Godfather,Paramount Pictures,Francis Ford Coppola,Comedy,1972,175,High,R,4,2019-02-22
492,WALL·E,Pixar,Andrew Stanton,Adventure,2008,98,Medium,G,4,2023-01-09
2099,Se7en,New Line Cinema,David Fincher,Sci-Fi,1995,127,High,R,3,2020-07-04
2354,The Silence of the Lambs,Orion Pictures,Jonathan Demme,Thriller,1991,118,Medium,R,1,2018-03-15
2054,The Lord of the Rings: The Return of the King,New Line Cinema,Peter Jackson,Drama,2003,201,High,PG-13,3,2017-08-21
412,Fight Club,20th Century Fox,David Fincher,Sci-Fi,1999,139,High,R,3,2022-04-13
1580,The Dark Knight,Warner Bros.,Christopher Nolan,Adventure,2008,152,High,PG-13,1,2020-12-04
534,The Shawshank Redemption,Castle Rock Entertainment,Frank Darabont,Romance,1994,142,High,R,3,2017-02-17
606,The Departed,Warner Bros.,Martin Scorsese,Thriller,2006,151,High,R,1,2020-04-16
1044,Django Unchained,Columbia Pictures,Quentin Tarantino,Animation,2012,165,High,R,4,2019-04-29
892,The Shawshank Redemption,Castle Rock Entertainment,Frank Darabont,Action,1994,142,High,R,4,2016-02-09
1488,The Empire Strikes Back,Lucasfilm,Irvin Kershner,Romance,1980,124,High,PG,3,2024-02-20
486,Forrest Gump,Paramount Pictures,Robert Zemeckis,Adventure,1994,142,High,PG-13,5,2019-06-14
2065,Forrest Gump,Paramount Pictures,Robert Zemeckis,Drama,1994,142,High,PG-13,3,2024-08-04
149,The Shawshank Redemption,Castle Rock Entertainment,Frank Darabont,Thriller,1994,142,High,R,3,2024-12-01
1144,Inception,Warner Bros.,Christopher Nolan,Adventure,2010,148,High,PG-13,3,2022-02-07
1446,Parasite,CJ Entertainment,Bong Joon-ho,Fantasy,2019,132,High,R,5,2020-12-12
705,Fight Club,20th Century Fox,David Fincher,Animation,1999,139,High,R,1,2021-08-11
1561,The Shawshank Redemption,Castle Rock Entertainment,Frank Darabont,Romance,1994,142,High,R,4,2019-03-08
2450,The Lord of the Rings: The Return of the King,New Line Cinema,Peter Jackson,Action,2003,201,High,PG-13,3,2022-06-13
2820,Pulp Fiction,Miramax,Quentin Tarantino,Action,1994,154,High,R,4,2019-11-20
967,The Shawshank Redemption,Castle Rock Entertainment,Frank Darabont,Thriller,1994,142,High,R,4,2021-01-16
945,The Shawshank Redemption,Castle Rock Entertainment,Frank Darabont,Action,1994,142,High,R,4,2018-10-26
2511,Avengers: Endgame,Marvel Studios,Anthony Russo,Crime,2019,181,High,PG-13,5,2017-04-23
1927,Goodfellas,Warner Bros.,Martin Scorsese,Adventure,1990,146,High,R,3,2022-02-13
550,Back to the Future,Universal Pictures,Robert Zemeckis,Drama,1985,116,Medium,PG,2,2025-02-24
1862,No Country for Old Men,Mirage Enterprises,Ethan Coen,Drama,2007,122,High,R,1,2024-08-27
2311,Forrest Gump,Paramount Pictures,Robert Zemeckis,Drama,1994,142,High,PG-13,4,2016-06-16
1584,The Godfather,Paramount Pictures,Francis Ford Coppola,Drama,1972,175,High,R,2,2023-05-26
1863,Schindler's List,Universal Pictures,Steven Spielberg,Romance,1993,195,High,R,3,2017-12-31
392,The Godfather,Paramount Pictures,Francis Ford Coppola,Adventure,1972,175,High,R,2,2018-02-10
300,Django Unchained,Columbia Pictures,Quentin Tarantino,Comedy,2012,165,High,R,2,2021-12-19
977,The Shawshank Redemption,Castle Rock Entertainment,Frank Darabont,Thriller,1994,142,High,R,2,2025-08-26
2716,Goodfellas,Warner Bros.,Martin Scorsese,Crime,1990,146,High,R,5,2019-11-02
205,Se7en,New Line Cinema,David Fincher,Fantasy,1995,127,High,R,5,2022-02-22
1053,Moonlight,A24,Barry Jenkins,Sci-Fi,2016,111,Medium,R,4,2025-10-05
400,Forrest Gump,Paramount Pictures,Robert Zemeckis,Action,1994,142,High,PG-13,1,2022-12-28
2259,The Shawshank Redemption,Castle Rock Entertainment,Frank Darabont,Drama,1994,142,High,R,3,2015-01-07
1919,The Godfather,Paramount Pictures,Francis Ford Coppola,Comedy,1972,175,High,R,2,2023-04-26
348,The Social Network,Columbia Pictures,David Fincher,Action,2010,120,Medium,PG-13,4,2015-03-15
1949,The Silence of the Lambs,Orion Pictures,Jonathan Demme,Fantasy,1991,118,Medium,R,4,2022-12-24
1158,The Prestige,Warner Bros.,Christopher Nolan,Adventure,2006,130,High,PG-13,2,2017-02-10
926,The Shawshank Redemption,Castle Rock Entertainment,Frank Darabont,Adventure,1994,142,High,R,2,2021-08-19
525,The Pianist,Focus Features,Roman Polanski,Action,2002,150,High,R,2,2017-12-16
744,The Dark Knight,Warner Bros.,Christopher Nolan,Fantasy,2008,152,High,PG-13,4,2020-01-22
2763,Pulp Fiction,Miramax,Quentin Tarantino,Comedy,1994,154,High,R,3,2020-01-01
2135,The Dark Knight,Warner Bros.,Christopher Nolan,Action,2008,152,High,PG-13,1,2022-05-20
409,Inception,Warner Bros.,Christopher Nolan,Adventure,2010,148,High,PG-13,2,2016-01-17
1770,The Pianist,Focus Features,Roman Polanski,Comedy,2002,150,High,R,5,2018-06-19
2176,Django Unchained,Columbia Pictures,Quentin Tarantino,Thriller,2012,165,High,R,4,2017-02-15
2221,The Godfather,Paramount Pictures,Francis Ford Coppola,Sci-Fi,1972,175,High,R,5,2020-06-26
65,Back to the Future,Universal Pictures,Robert Zemeckis,Comedy,1985,116,Medium,PG,2,2024-02-06
2819,Se7en,New Line Cinema,David Fincher,Comedy,1995,127,High,R,4,2018-09-18
1510,The Lord of the Rings: The Return of the King,New Line Cinema,Peter Jackson,Romance,2003,201,High,PG-13,5,2017-10-07
1945,Schindler's List,Universal Pictures,Steven Spielberg,Romance,1993,195,High,R,3,2020-01-06
2959,The Shawshank Redemption,Castle Rock Entertainment,Frank Darabont,Sci-Fi,1994,142,High,R,5,2022-11-13
1395,Back to the Future,Universal Pictures,Robert Zemeckis,Romance,1985,116,Medium,PG,2,2020-11-25
1300,The Godfather,Paramount Pictures,Francis Ford Coppola,Drama,1972,175,High,R,2,2025-11-30
2725,The Godfather,Paramount Pictures,Francis Ford Coppola,Crime,1972,175,High,R,4,2022-12-29
1188,Gladiator,DreamWorks Pictures,Ridley Scott,Fantasy,2000,155,High,R,5,2025-08-28
2722,Pulp Fiction,Miramax,Quentin Tarantino,Fantasy,1994,154,High,R,4,2020-11-21
1780,The Prestige,Warner Bros.,Christopher Nolan,Animation,2006,130,High,PG-13,5,2020-10-17
921,The Shawshank Redemption,Castle Rock Entertainment,Frank Darabont,Sci-Fi,1994,142,High,R,1,2024-10-16
1191,The Green Mile,Castle Rock Entertainment,Frank Darabont,Adventure,1999,189,High,R,5,2023-01-22
2885,Whiplash,Blumhouse Productions,Damien Chazelle,Adventure,2014,107,Medium,R,5,2016-07-07
1795,WALL·E,Pixar,Andrew Stanton,Crime,2008,98,Medium,G,5,2018-10-05
2535,The Shawshank Redemption,Castle Rock Entertainment,Frank Darabont,Adventure,1994,142,High,R,1,2015-12-24
2339,The Godfather,Paramount Pictures,Francis Ford Coppola,Thriller,1972,175,High,R,4,2020-06-19
2390,Pulp Fiction,Miramax,Quentin Tarantino,Sci-Fi,1994,154,High,R,2,2020-08-31
2305,The Dark Knight,Warner Bros.,Christopher Nolan,Adventure,2008,152,High,PG-13,3,2023-08-03
352,The King's Speech,The Weinstein Company,Tom Hooper,Fantasy,2010,118,Medium,R,4,2021-05-24
554,Gladiator,DreamWorks Pictures,Ridley Scott,Animation,2000,155,High,R,2,2024-02-01
124,The Shawshank Redemption,Castle Rock Entertainment,Frank Darabont,Animation,1994,142,High,R,1,2015-04-06
1671,The Shawshank Redemption,Castle Rock Entertainment,Frank Darabont,Comedy,1994,142,High,R,2,2020-08-28
747,Schindler's List,Universal Pictures,Steven Spielberg,Romance,1993,195,High,R,1,2019-06-07
2401,The Godfather,Paramount Pictures,Francis Ford Coppola,Adventure,1972,175,High,R,4,2018-08-17
176,The Dark Knight,Warner Bros.,Christopher Nolan,Comedy,2008,152,High,PG-13,5,2023-08-09
2591,Fight Club,20th Century Fox,David Fincher,Sci-Fi,1999,139,High,R,4,2016-02-07
7,Interstellar,Paramount Pictures,Christopher Nolan,Drama,2014,169,High,PG-13,5,2015-02-02
1982,Gladiator,DreamWorks Pictures,Ridley Scott,Adventure,2000,155,High,R,5,2022-10-16
715,There Will Be Blood,Paramount Vantage,Paul Thomas Anderson,Comedy,2007,158,High,R,2,2022-05-23
1615,Forrest Gump,Paramount Pictures,Robert Zemeckis,Comedy,1994,142,High,PG-13,5,2025-10-01
2115,Pulp Fiction,Miramax,Quentin Tarantino,Action,1994,154,High,R,5,2018-05-03
1871,The Shawshank Redemption,Castle Rock Entertainment,Frank Darabont,Drama,1994,142,High,R,3,2016-04-15
1360,The Shawshank Redemption,Castle Rock Entertainment,Frank Darabont,Fantasy,1994,142,High,R,2,2023-05-02
963,The Shawshank Redemption,Castle Rock Entertainment,Frank Darabont,Thriller,1994,142,High,R,3,2017-04-22
2767,The Godfather,Paramount Pictures,Francis Ford Coppola,Sci-Fi,1972,175,High,R,4,2019-03-09
872,Pulp Fiction,Miramax,Quentin Tarantino,Fantasy,1994,154,High,R,4,2019-12-25
1372,The Godfather,Paramount Pictures,Francis Ford Coppola,Action,1972,175,High,R,4,2023-12-18
848,Inception,Warner Bros.,Christopher Nolan,Fantasy,2010,148,High,PG-13,3,2015-07-16
2651,Schindler's List,Universal Pictures,Steven Spielberg,Drama,1993,195,High,R,3,2022-12-13
5,The Matrix,Warner Bros.,Lana Wachowski,Romance,1999,136,High,R,1,2017-11-17
2809,Forrest Gump,Paramount Pictures,Robert Zemeckis,Fantasy,1994,142,High,PG-13,1,2022-01-22
1692,The Silence of the Lambs,Orion Pictures,Jonathan Demme,Animation,1991,118,Medium,R,1,2025-09-19
1972,The Shawshank Redemption,Castle Rock Entertainment,Frank Darabont,Romance,1994,142,High,R,5,2015-05-25
2900,Parasite,CJ Entertainment,Bong Joon-ho,Sci-Fi,2019,132,High,R,4,2024-12-13
2739,Spirited Away,Studio Ghibli,Hayao Miyazaki,Romance,2001,125,High,PG,4,2024-05-03
491,The Godfather,Paramount Pictures,Francis Ford Coppola,Action,1972,175,High,R,1,2020-02-25
944,Se7en,New Line Cinema,David Fincher,Action,1995,127,High,R,3,2023-08-12
1004,The Dark Knight,Warner Bros.,Christopher Nolan,Sci-Fi,2008,152,High,PG-13,5,2022-05-12
1427,Whiplash,Blumhouse Productions,Damien Chazelle,Drama,2014,107,Medium,R,2,2016-09-21
2930,Se7en,New Line Cinema,David Fincher,Sci-Fi,1995,127,High,R,5,2019-03-03
1825,The Shawshank Redemption,Castle Rock Entertainment,Frank Darabont,Adventure,1994,142,High,R,3,2020-12-19
1312,Titanic,Paramount Pictures,James Cameron,Sci-Fi,1997,195,High,PG-13,4,2017-04-27
384,Titanic,Paramount Pictures,James Cameron,Fantasy,1997,195,High,PG-13,5,2023-07-07
2821,Goodfellas,Warner Bros.,Martin Scorsese,Fantasy,1990,146,High,R,2,2020-11-10
1890,The Godfather,Paramount Pictures,Francis Ford Coppola,Romance,1972,175,High,R,3,2024-02-07
2779,Parasite,CJ Entertainment,Bong Joon-ho,Comedy,2019,132,High,R,4,2023-05-27
1552,Up,Pixar,Pete Docter,Crime,2009,96,Medium,PG,2,2022-08-16
2689,The Shawshank Redemption,Castle Rock Entertainment,Frank Darabont,Romance,1994,142,High,R,5,2017-04-18
2348,The Dark Knight,Warner Bros.,Christopher Nolan,Thriller,2008,152,High,PG-13,1,2023-08-24
2860,The Dark Knight,Warner Bros.,Christopher Nolan,Fantasy,2008,152,High,PG-13,3,2019-06-04
157,The Godfather,Paramount Pictures,Francis Ford Coppola,Thriller,1972,175,High,R,5,2024-09-23
1380,The Matrix,Warner Bros.,Lana Wachowski,Crime,1999,136,High,R,5,2024-05-20
253,The Dark Knight,Warner Bros.,Christopher Nolan,Sci-Fi,2008,152,High,PG-13,2,2015-03-09
2913,Schindler's List,Universal Pictures,Steven Spielberg,Thriller,1993,195,High,R,4,2016-08-17
317,Blade Runner 2049,Warner Bros.,Denis Villeneuve,Drama,2017,164,High,R,3,2022-08-12
1894,The Dark Knight,Warner Bros.,Christopher Nolan,Drama,2008,152,High,PG-13,4,2020-09-21
2054,The Green Mile,Castle Rock Entertainment,Frank Darabont,Drama,1999,189,High,R,3,2024-05-30
801,The Shawshank Redemption,Castle Rock Entertainment,Frank Darabont,Thriller,1994,142,High,R,3,2023-08-01
1703,The Green Mile,Castle Rock Entertainment,Frank Darabont,Fantasy,1999,189,High,R,2,2021-10-11
2575,The Dark Knight,Warner Bros.,Christopher Nolan,Action,2008,152,High,PG-13,4,2025-05-04
2229,Moonlight,A24,Barry Jenkins,Romance,2016,111,Medium,R,3,2021-07-06
251,The Dark Knight,Warner Bros.,Christopher Nolan,Fantasy,2008,152,High,PG-13,4,2022-10-25
2396,The Dark Knight,Warner Bros.,Christopher Nolan,Comedy,2008,152,High,PG-13,5,2021-08-24
747,Gladiator,DreamWorks Pictures,Ridley Scott,Drama,2000,155,High,R,4,2016-01-01
2464,Interstellar,Paramount Pictures,Christopher Nolan,Romance,2014,169,High,PG-13,4,2021-10-30
2250,"Crouching Tiger, Hidden Dragon",Sony Pictures Classics,Ang Lee,Adventure,2000,120,Medium,PG-13,3,2022-11-22
2691,The Shawshank Redemption,Castle Rock Entertainment,Frank Darabont,Fantasy,1994,142,High,R,1,2015-07-23
2849,The Shawshank Redemption,Castle Rock Entertainment,Frank Darabont,Thriller,1994,142,High,R,2,2023-09-14
2087,The Lion King,Walt Disney Pictures,Roger Allers,Thriller,1994,88,Low,G,2,2019-05-21
81,Fight Club,20th Century Fox,David Fincher,Fantasy,1999,139,High,R,3,2019-09-20
2233,The Shawshank Redemption,Castle Rock Entertainment,Frank Darabont,Thriller,1994,142,High,R,4,2023-07-02
2047,Parasite,CJ Entertainment,Bong Joon-ho,Comedy,2019,132,High,R,1,2019-01-13
2156,Forrest Gump,Paramount Pictures,Robert Zemeckis,Action,1994,142,High,PG-13,5,2015-10-04
2419,The Godfather,Paramount Pictures,Francis Ford Coppola,Adventure,1972,175,High,R,1,2023-02-07
1785,The Dark Knight,Warner Bros.,Christopher Nolan,Sci-Fi,2008,152,High,PG-13,1,2020-04-21
2458,Schindler's List,Universal Pictures,Steven Spielberg,Adventure,1993,195,High,R,3,2021-04-04
532,The Shawshank Redemption,Castle Rock Entertainment,Frank Darabont,Thriller,1994,142,High,R,3,2019-01-20
2737,Interstellar,Paramount Pictures,Christopher Nolan,Adventure,2014,169,High,PG-13,5,2020-07-01
2732,The Shawshank Redemption,Castle Rock Entertainment,Frank Darabont,Sci-Fi,1994,142,High,R,2,2015-01-24
2923,The Shawshank Redemption,Castle Rock Entertainment,Frank Darabont,Action,1994,142,High,R,5,2023-09-23
589,The Shawshank Redemption,Castle Rock Entertainment,Frank Darabont,Thriller,1994,142,High,R,2,2019-01-01
2040,Fight Club,20th Century Fox,David Fincher,Fantasy,1999,139,High,R,5,2021-11-13
2452,The Shawshank Redemption,Castle Rock Entertainment,Frank Darabont,Thriller,1994,142,High,R,3,2024-01-02
642,Schindler's List,Universal Pictures,Steven Spielberg,Comedy,1993,195,High,R,4,2025-07-30
1690,Pulp Fiction,Miramax,Quentin Tarantino,Comedy,1994,154,High,R,4,2017-12-25
1864,The Godfather,Paramount Pictures,Francis Ford Coppola,Adventure,1972,175,High,R,3,2015-05-19
41,The Empire Strikes Back,Lucasfilm,Irvin Kershner,Animation,1980,124,High,PG,2,2016-02-25
1448,The Truman Show,Paramount Pictures,Peter Weir,Crime,1998,103,Medium,PG,5,2025-08-23
202,Titanic,Paramount Pictures,James Cameron,Drama,1997,195,High,PG-13,5,2021-02-15
1272,"Crouching Tiger, Hidden Dragon",Sony Pictures Classics,Ang Lee,Fantasy,2000,120,Medium,PG-13,3,2019-07-10
2776,The Lion King,Walt Disney Pictures,Roger Allers,Adventure,1994,88,Low,G,1,2023-05-19
2170,The Dark Knight,Warner Bros.,Christopher Nolan,Crime,2008,152,High,PG-13,1,2018-08-03
2629,The Shawshank Redemption,Castle Rock Entertainment,Frank Darabont,Drama,1994,142,High,R,5,2025-02-21
2015,Fight Club,20th Century Fox,David Fincher,Sci-Fi,1999,139,High,R,4,2021-09-01
1783,Saving Private Ryan,DreamWorks/Amblin,Steven Spielberg,Comedy,1998,169,High,R,3,2020-08-08
2990,The Shawshank Redemption,Castle Rock Entertainment,Frank Darabont,Thriller,1994,142,High,R,4,2020-12-16
1574,Fight Club,20th Century Fox,David Fincher,Sci-Fi,1999,139,High,R,4,2017-03-05
1354,The Prestige,Warner Bros.,Christopher Nolan,Comedy,2006,130,High,PG-13,4,2023-07-22
1820,The Godfather,Paramount Pictures,Francis Ford Coppola,Thriller,1972,175,High,R,2,2018-05-15
938,Pulp Fiction,Miramax,Quentin Tarantino,Romance,1994,154,High,R,4,2025-12-03
606,The Shawshank Redemption,Castle Rock Entertainment,Frank Darabont,Fantasy,1994,142,High,R,5,2025-01-10
469,The Shawshank Redemption,Castle Rock Entertainment,Frank Darabont,Sci-Fi,1994,142,High,R,2,2020-08-18
743,The Lord of the Rings: The Return of the King,New Line Cinema,Peter Jackson,Crime,2003,201,High,PG-13,3,2015-01-03
2617,The Shawshank Redemption,Castle Rock Entertainment,Frank Darabont,Comedy,1994,142,High,R,2,2021-02-28
1324,Forrest Gump,Paramount Pictures,Robert Zemeckis,Comedy,1994,142,High,PG-13,3,2015-07-25
36,Up,Pixar,Pete Docter,Crime,2009,96,Medium,PG,5,2018-04-01
535,The Godfather,Paramount Pictures,Francis Ford Coppola,Drama,1972,175,High,R,3,2020-04-22
2628,Se7en,New Line Cinema,David Fincher,Drama,1995,127,High,R,5,2020-05-12
1105,Fight Club,20th Century Fox,David Fincher,Action,1999,139,High,R,5,2015-11-08
968,The Dark Knight,Warner Bros.,Christopher Nolan,Romance,2008,152,High,PG-13,4,2020-01-21
2344,Inside Out,Pixar,Pete Docter,Sci-Fi,2015,95,Medium,PG,4,2015-03-07
2485,Inception,Warner Bros.,Christopher Nolan,Adventure,2010,148,High,PG-13,5,2016-04-15
2952,Fight Club,20th Century Fox,David Fincher,Fantasy,1999,139,High,R,3,2020-06-08
2515,The Godfather,Paramount Pictures,Francis Ford Coppola,Sci-Fi,1972,175,High,R,3,2017-04-19
2147,Pulp Fiction,Miramax,Quentin Tarantino,Animation,1994,154,High,R,5,2018-12-04
2440,Pulp Fiction,Miramax,Quentin Tarantino,Comedy,1994,154,High,R,5,2023-05-20
478,The Empire Strikes Back,Lucasfilm,Irvin Kershner,Adventure,1980,124,High,PG,3,2020-01-29
1075,The Godfather,Paramount Pictures,Francis Ford Coppola,Romance,1972,175,High,R,5,2017-11-02
1783,The Godfather,Paramount Pictures,Francis Ford Coppola,Romance,1972,175,High,R,4,2015-09-22
1389,The Godfather,Paramount Pictures,Francis Ford Coppola,Romance,1972,175,High,R,3,2017-01-11
1138,Forrest Gump,Paramount Pictures,Robert Zemeckis,Fantasy,1994,142,High,PG-13,4,2020-06-02
911,The Godfather,Paramount Pictures,Francis Ford Coppola,Action,1972,175,High,R,1,2016-08-03
1513,Inception,Warner Bros.,Christopher Nolan,Animation,2010,148,High,PG-13,4,2019-12-26
2246,The Dark Knight,Warner Bros.,Christopher Nolan,Crime,2008,152,High,PG-13,5,2015-11-30
1530,Se7en,New Line Cinema,David Fincher,Animation,1995,127,High,R,4,2018-09-22
2993,Forrest Gump,Paramount Pictures,Robert Zemeckis,Animation,1994,142,High,PG-13,2,2016-06-03
117,The Shawshank Redemption,Castle Rock Entertainment,Frank Darabont,Romance,1994,142,High,R,1,2022-03-03
1310,The Truman Show,Paramount Pictures,Peter Weir,Adventure,1998,103,Medium,PG,5,2015-02-20
1556,The Godfather,Paramount Pictures,Francis Ford Coppola,Crime,1972,175,High,R,4,2017-07-31
1322,The Godfather,Paramount Pictures,Francis Ford Coppola,Adventure,1972,175,High,R,3,2015-05-13
1136,Titanic,Paramount Pictures,James Cameron,Crime,1997,195,High,PG-13,5,2017-07-06
515,The Godfather,Paramount Pictures,Francis Ford Coppola,Action,1972,175,High,R,3,2019-08-02
552,La La Land,Summit Entertainment,Damien Chazelle,Fantasy,2016,128,High,PG-13,1,2025-12-30
227,The Shawshank Redemption,Castle Rock Entertainment,Frank Darabont,Thriller,1994,142,High,R,2,2025-07-07
829,Whiplash,Blumhouse Productions,Damien Chazelle,Sci-Fi,2014,107,Medium,R,3,2017-08-27
1935,The Dark Knight,Warner Bros.,Christopher Nolan,Thriller,2008,152,High,PG-13,3,2021-11-13
2337,The Godfather,Paramount Pictures,Francis Ford Coppola,Romance,1972,175,High,R,5,2015-03-24
2992,The Dark Knight,Warner Bros.,Christopher Nolan,Action,2008,152,High,PG-13,5,2017-01-31
1,Gladiator,DreamWorks Pictures,Ridley Scott,Romance,2000,155,High,R,4,2025-04-10
2578,Inception,Warner Bros.,Christopher Nolan,Animation,2010,148,High,PG-13,4,2023-07-26
2262,The Godfather,Paramount Pictures,Francis Ford Coppola,Fantasy,1972,175,High,R,5,2022-04-23
1741,The Shawshank Redemption,Castle Rock Entertainment,Frank Darabont,Fantasy,1994,142,High,R,2,2020-03-19
900,The Godfather,Paramount Pictures,Francis Ford Coppola,Romance,1972,175,High,R,4,2020-02-10
1792,The Matrix,Warner Bros.,Lana Wachowski,Animation,1999,136,High,R,2,2024-09-23
2047,The Social Network,Columbia Pictures,David Fincher,Sci-Fi,2010,120,Medium,PG-13,1,2021-05-20
1335,Schindler's List,Universal Pictures,Steven Spielberg,Fantasy,1993,195,High,R,5,2024-02-02
2633,"Crouching Tiger, Hidden Dragon",Sony Pictures Classics,Ang Lee,Drama,2000,120,Medium,PG-13,1,2022-09-11
2885,The Godfather,Paramount Pictures,Francis Ford Coppola,Adventure,1972,175,High,R,1,2019-12-23
2498,The Shawshank Redemption,Castle Rock Entertainment,Frank Darabont,Sci-Fi,1994,142,High,R,2,2025-08-07
1809,No Country for Old Men,Mirage Enterprises,Ethan Coen,Drama,2007,122,High,R,1,2015-03-12
1457,The Lord of the Rings: The Return of the King,New Line Cinema,Peter Jackson,Action,2003,201,High,PG-13,2,2019-07-16
1187,The Shawshank Redemption,Castle Rock Entertainment,Frank Darabont,Animation,1994,142,High,R,2,2018-11-16
1247,The Dark Knight,Warner Bros.,Christopher Nolan,Drama,2008,152,High,PG-13,3,2021-12-19
496,The Empire Strikes Back,Lucasfilm,Irvin Kershner,Adventure,1980,124,High,PG,4,2020-08-09
2393,The Shawshank Redemption,Castle Rock Entertainment,Frank Darabont,Fantasy,1994,142,High,R,3,2017-04-12
2612,Fight Club,20th Century Fox,David Fincher,Fantasy,1999,139,High,R,2,2018-02-12
2266,The Godfather,Paramount Pictures,Francis Ford Coppola,Crime,1972,175,High,R,5,2023-10-27
2052,Pulp Fiction,Miramax,Quentin Tarantino,Drama,1994,154,High,R,5,2022-07-12
1292,The Godfather,Paramount Pictures,Francis Ford Coppola,Fantasy,1972,175,High,R,3,2022-12-25
802,The Departed,Warner Bros.,Martin Scorsese,Animation,2006,151,High,R,1,2019-02-02
1955,Goodfellas,Warner Bros.,Martin Scorsese,Adventure,1990,146,High,R,5,2022-01-10
2537,The Shawshank Redemption,Castle Rock Entertainment,Frank Darabont,Animation,1994,142,High,R,2,2024-10-05
2860,The King's Speech,The Weinstein Company,Tom Hooper,Drama,2010,118,Medium,R,4,2023-04-23
778,Inside Out,Pixar,Pete Docter,Adventure,2015,95,Medium,PG,1,2023-12-11
1837,The Social Network,Columbia Pictures,David Fincher,Sci-Fi,2010,120,Medium,PG-13,5,2019-08-29
1301,The Shawshank Redemption,Castle Rock Entertainment,Frank Darabont,Action,1994,142,High,R,5,2016-03-13
116,The Dark Knight,Warner Bros.,Christopher Nolan,Thriller,2008,152,High,PG-13,5,2020-01-17
2133,Back to the Future,Universal Pictures,Robert Zemeckis,Action,1985,116,Medium,PG,4,2024-09-13
2281,The Pianist,Focus Features,Roman Polanski,Thriller,2002,150,High,R,4,2021-05-20
2970,The Departed,Warner Bros.,Martin Scorsese,Crime,2006,151,High,R,3,2025-12-22
1938,Fight Club,20th Century Fox,David Fincher,Comedy,1999,139,High,R,1,2017-07-01
1746,The Shawshank Redemption,Castle Rock Entertainment,Frank Darabont,Thriller,1994,142,High,R,1,2024-10-06
2168,Interstellar,Paramount Pictures,Christopher Nolan,Romance,2014,169,High,PG-13,1,2024-04-18
2291,The Dark Knight,Warner Bros.,Christopher Nolan,Thriller,2008,152,High,PG-13,1,2019-07-30
1742,The Godfather,Paramount Pictures,Francis Ford Coppola,Animation,1972,175,High,R,2,2025-12-18
1815,Whiplash,Blumhouse Productions,Damien Chazelle,Animation,2014,107,Medium,R,1,2019-10-01
1377,The Shawshank Redemption,Castle Rock Entertainment,Frank Darabont,Animation,1994,142,High,R,4,2019-10-10
1970,Schindler's List,Universal Pictures,Steven Spielberg,Drama,1993,195,High,R,4,2020-04-28
1839,The Dark Knight,Warner Bros.,Christopher Nolan,Adventure,2008,152,High,PG-13,5,2018-12-28
13,Whiplash,Blumhouse Productions,Damien Chazelle,Adventure,2014,107,Medium,R,3,2016-02-16
2700,The Godfather,Paramount Pictures,Francis Ford Coppola,Fantasy,1972,175,High,R,4,2025-02-04
733,The Shawshank Redemption,Castle Rock Entertainment,Frank Darabont,Drama,1994,142,High,R,3,2015-06-10
2057,The Godfather,Paramount Pictures,Francis Ford Coppola,Animation,1972,175,High,R,5,2023-04-09
1312,Fight Club,20th Century Fox,David Fincher,Drama,1999,139,High,R,5,2025-03-24
866,Saving Private Ryan,DreamWorks/Amblin,Steven Spielberg,Animation,1998,169,High,R,4,2016-09-11
1474,The Dark Knight,Warner Bros.,Christopher Nolan,Animation,2008,152,High,PG-13,3,2023-06-24
88,Whiplash,Blumhouse Productions,Damien Chazelle,Action,2014,107,Medium,R,1,2020-11-26
1173,The Shawshank Redemption,Castle Rock Entertainment,Frank Darabont,Crime,1994,142,High,R,1,2023-11-23
1241,The Shawshank Redemption,Castle Rock Entertainment,Frank Darabont,Drama,1994,142,High,R,4,2023-03-31
57,The Matrix,Warner Bros.,Lana Wachowski,Crime,1999,136,High,R,4,2019-04-02
2788,Inception,Warner Bros.,Christopher Nolan,Crime,2010,148,High,PG-13,4,2023-08-06
1503,The Lion King,Walt Disney Pictures,Roger Allers,Crime,1994,88,Low,G,3,2022-02-14
2654,The Silence of the Lambs,Orion Pictures,Jonathan Demme,Sci-Fi,1991,118,Medium,R,1,2017-08-04
2681,The Godfather,Paramount Pictures,Francis Ford Coppola,Comedy,1972,175,High,R,4,2022-06-10
1278,The Dark Knight,Warner Bros.,Christopher Nolan,Drama,2008,152,High,PG-13,1,2024-10-10
2625,The Dark Knight,Warner Bros.,Christopher Nolan,Comedy,2008,152,High,PG-13,1,2025-08-22
1957,Fight Club,20th Century Fox,David Fincher,Action,1999,139,High,R,2,2022-01-08
153,The Shawshank Redemption,Castle Rock Entertainment,Frank Darabont,Romance,1994,142,High,R,5,2022-08-24
1261,Blade Runner 2049,Warner Bros.,Denis Villeneuve,Sci-Fi,2017,164,High,R,3,2021-10-22
1427,The Lord of the Rings: The Return of the King,New Line Cinema,Peter Jackson,Adventure,2003,201,High,PG-13,4,2022-04-12
2777,Goodfellas,Warner Bros.,Martin Scorsese,Animation,1990,146,High,R,1,2025-04-27
892,The Godfather,Paramount Pictures,Francis Ford Coppola,Sci-Fi,1972,175,High,R,2,2021-04-22
675,The Dark Knight,Warner Bros.,Christopher Nolan,Fantasy,2008,152,High,PG-13,2,2024-10-06
399,The Godfather,Paramount Pictures,Francis Ford Coppola,Adventure,1972,175,High,R,5,2025-04-11
1432,Forrest Gump,Paramount Pictures,Robert Zemeckis,Animation,1994,142,High,PG-13,2,2017-08-23
1115,The Shawshank Redemption,Castle Rock Entertainment,Frank Darabont,Comedy,1994,142,High,R,2,2017-12-03
2877,The Silence of the Lambs,Orion Pictures,Jonathan Demme,Romance,1991,118,Medium,R,4,2019-07-03
167,The Godfather,Paramount Pictures,Francis Ford Coppola,Romance,1972,175,High,R,1,2023-08-22
2424,Titanic,Paramount Pictures,James Cameron,Comedy,1997,195,High,PG-13,3,2017-05-17
2874,Avengers: Endgame,Marvel Studios,Anthony Russo,Animation,2019,181,High,PG-13,1,2018-01-24
1709,Inside Out,Pixar,Pete Docter,Animation,2015,95,Medium,PG,5,2023-12-17
1236,Forrest Gump,Paramount Pictures,Robert Zemeckis,Action,1994,142,High,PG-13,3,2016-03-03
1793,The Shawshank Redemption,Castle Rock Entertainment,Frank Darabont,Romance,1994,142,High,R,4,2016-03-24
1835,The Shawshank Redemption,Castle Rock Entertainment,Frank Darabont,Romance,1994,142,High,R,5,2025-08-07
2417,The Shawshank Redemption,Castle Rock Entertainment,Frank Darabont,Fantasy,1994,142,High,R,1,2025-09-06
1665,Forrest Gump,Paramount Pictures,Robert Zemeckis,Crime,1994,142,High,PG-13,4,2025-11-15
73,Toy Story,Pixar,John Lasseter,Animation,1995,81,Low,G,1,2017-07-01
2469,The Godfather,Paramount Pictures,Francis Ford Coppola,Animation,1972,175,High,R,3,2019-04-05
1495,The Shawshank Redemption,Castle Rock Entertainment,Frank Darabont,Action,1994,142,High,R,5,2016-01-28
1070,The Shawshank Redemption,Castle Rock Entertainment,Frank Darabont,Sci-Fi,1994,142,High,R,3,2018-08-26
1799,Blade Runner 2049,Warner Bros.,Denis Villeneuve,Sci-Fi,2017,164,High,R,2,2019-02-23
1728,The Godfather,Paramount Pictures,Francis Ford Coppola,Action,1972,175,High,R,3,2017-06-16
2051,The Shawshank Redemption,Castle Rock Entertainment,Frank Darabont,Fantasy,1994,142,High,R,4,2021-08-27
2393,Pulp Fiction,Miramax,Quentin Tarantino,Action,1994,154,High,R,2,2023-10-28
1266,The Dark Knight,Warner Bros.,Christopher Nolan,Fantasy,2008,152,High,PG-13,5,2025-07-24
246,Forrest Gump,Paramount Pictures,Robert Zemeckis,Adventure,1994,142,High,PG-13,1,2021-03-24
1849,The Silence of the Lambs,Orion Pictures,Jonathan Demme,Animation,1991,118,Medium,R,5,2023-10-15
1380,The Shawshank Redemption,Castle Rock Entertainment,Frank Darabont,Thriller,1994,142,High,R,2,2016-01-02
1138,Whiplash,Blumhouse Productions,Damien Chazelle,Crime,2014,107,Medium,R,4,2015-05-31
1035,The Shawshank Redemption,Castle Rock Entertainment,Frank Darabont,Crime,1994,142,High,R,3,2024-05-10
1086,Pulp Fiction,Miramax,Quentin Tarantino,Sci-Fi,1994,154,High,R,3,2015-06-01
1762,The Godfather,Paramount Pictures,Francis Ford Coppola,Crime,1972,175,High,R,3,2017-01-29
2593,The Godfather,Paramount Pictures,Francis Ford Coppola,Adventure,1972,175,High,R,5,2023-04-19
2984,The Shawshank Redemption,Castle Rock Entertainment,Frank Darabont,Sci-Fi,1994,142,High,R,5,2018-03-16
2758,The Usual Suspects,Gramercy Pictures,Bryan Singer,Comedy,1995,106,Medium,R,1,2022-05-26
2992,Parasite,CJ Entertainment,Bong Joon-ho,Crime,2019,132,High,R,2,2025-06-14
2437,The Lion King,Walt Disney Pictures,Roger Allers,Animation,1994,88,Low,G,1,2017-11-07
2470,Inception,Warner Bros.,Christopher Nolan,Sci-Fi,2010,148,High,PG-13,2,2015-03-27
1010,The Shawshank Redemption,Castle Rock Entertainment,Frank Darabont,Animation,1994,142,High,R,2,2019-12-25
712,The Matrix,Warner Bros.,Lana Wachowski,Adventure,1999,136,High,R,2,2018-07-03
1991,American Beauty,DreamWorks,Sam Mendes,Sci-Fi,1999,122,High,R,1,2022-11-27
1072,The Godfather,Paramount Pictures,Francis Ford Coppola,Crime,1972,175,High,R,3,2019-11-24
698,The Social Network,Columbia Pictures,David Fincher,Comedy,2010,120,Medium,PG-13,1,2023-12-08
784,Pulp Fiction,Miramax,Quentin Tarantino,Crime,1994,154,High,R,2,2018-12-14
1579,The Godfather,Paramount Pictures,Francis Ford Coppola,Adventure,1972,175,High,R,3,2018-10-30
1763,The Shawshank Redemption,Castle Rock Entertainment,Frank Darabont,Thriller,1994,142,High,R,2,2024-03-01
1048,Titanic,Paramount Pictures,James Cameron,Crime,1997,195,High,PG-13,2,2020-12-24
37,The Pianist,Focus Features,Roman Polanski,Adventure,2002,150,High,R,3,2015-10-24
543,The Matrix,Warner Bros.,Lana Wachowski,Adventure,1999,136,High,R,3,2025-06-05
1972,The Green Mile,Castle Rock Entertainment,Frank Darabont,Adventure,1999,189,High,R,2,2024-09-18
2217,The Dark Knight,Warner Bros.,Christopher Nolan,Adventure,2008,152,High,PG-13,4,2025-02-14
1122,Forrest Gump,Paramount Pictures,Robert Zemeckis,Drama,1994,142,High,PG-13,5,2025-02-22
55,The Silence of the Lambs,Orion Pictures,Jonathan Demme,Animation,1991,118,Medium,R,2,2022-10-26
1603,Pulp Fiction,Miramax,Quentin Tarantino,Fantasy,1994,154,High,R,1,2016-09-11
2720,The Shawshank Redemption,Castle Rock Entertainment,Frank Darabont,Comedy,1994,142,High,R,1,2022-10-06
2169,The Shawshank Redemption,Castle Rock Entertainment,Frank Darabont,Romance,1994,142,High,R,2,2020-06-24
1925,The Pianist,Focus Features,Roman Polanski,Thriller,2002,150,High,R,2,2019-07-24
1678,The Shawshank Redemption,Castle Rock Entertainment,Frank Darabont,Thriller,1994,142,High,R,2,2016-09-25
1194,The Shawshank Redemption,Castle Rock Entertainment,Frank Darabont,Fantasy,1994,142,High,R,4,2019-12-04
2076,Pulp Fiction,Miramax,Quentin Tarantino,Romance,1994,154,High,R,3,2025-03-22
1200,The Prestige,Warner Bros.,Christopher Nolan,Crime,2006,130,High,PG-13,5,2022-02-12
2894,The Departed,Warner Bros.,Martin Scorsese,Animation,2006,151,High,R,4,2022-03-07
619,Pulp Fiction,Miramax,Quentin Tarantino,Comedy,1994,154,High,R,5,2022-09-10
2501,Inside Out,Pixar,Pete Docter,Comedy,2015,95,Medium,PG,3,2021-10-22
2003,The Shawshank Redemption,Castle Rock Entertainment,Frank Darabont,Crime,1994,142,High,R,2,2019-09-05
2981,The Dark Knight,Warner Bros.,Christopher Nolan,Fantasy,2008,152,High,PG-13,2,2024-09-18
1068,Se7en,New Line Cinema,David Fincher,Sci-Fi,1995,127,High,R,4,2020-08-28
2813,Gladiator,DreamWorks Pictures,Ridley Scott,Romance,2000,155,High,R,1,2025-03-15
1799,The Godfather,Paramount Pictures,Francis Ford Coppola,Sci-Fi,1972,175,High,R,4,2025-01-24
784,The Silence of the Lambs,Orion Pictures,Jonathan Demme,Thriller,1991,118,Medium,R,2,2015-05-11
440,The Shawshank Redemption,Castle Rock Entertainment,Frank Darabont,Crime,1994,142,High,R,2,2024-10-21
997,Forrest Gump,Paramount Pictures,Robert Zemeckis,Romance,1994,142,High,PG-13,1,2018-10-30
2188,The Godfather,Paramount Pictures,Francis Ford Coppola,Thriller,1972,175,High,R,5,2022-08-19
1307,The Godfather,Paramount Pictures,Francis Ford Coppola,Thriller,1972,175,High,R,1,2022-05-03
432,The Prestige,Warner Bros.,Christopher Nolan,Crime,2006,130,High,PG-13,5,2015-03-06
47,The Dark Knight,Warner Bros.,Christopher Nolan,Comedy,2008,152,High,PG-13,5,2024-03-03
239,The Shawshank Redemption,Castle Rock Entertainment,Frank Darabont,Sci-Fi,1994,142,High,R,2,2021-01-11
2165,Mad Max: Fury Road,Warner Bros.,George Miller,Romance,2015,120,Medium,R,2,2020-08-13
795,Parasite,CJ Entertainment,Bong Joon-ho,Romance,2019,132,High,R,3,2025-09-16
2737,The Shawshank Redemption,Castle Rock Entertainment,Frank Darabont,Adventure,1994,142,High,R,3,2023-09-09
387,No Country for Old Men,Mirage Enterprises,Ethan Coen,Romance,2007,122,High,R,4,2021-02-06
355,The Dark Knight,Warner Bros.,Christopher Nolan,Thriller,2008,152,High,PG-13,3,2024-01-28
2760,La La Land,Summit Entertainment,Damien Chazelle,Romance,2016,128,High,PG-13,1,2015-03-30
1722,The Dark Knight,Warner Bros.,Christopher Nolan,Sci-Fi,2008,152,High,PG-13,1,2020-08-10
245,The Social Network,Columbia Pictures,David Fincher,Thriller,2010,120,Medium,PG-13,4,2018-12-17
2675,The Godfather,Paramount Pictures,Francis Ford Coppola,Drama,1972,175,High,R,2,2019-08-08
2026,The Shawshank Redemption,Castle Rock Entertainment,Frank Darabont,Action,1994,142,High,R,3,2024-09-04
1380,Fight Club,20th Century Fox,David Fincher,Romance,1999,139,High,R,2,2016-08-15
1746,The Shawshank Redemption,Castle Rock Entertainment,Frank Darabont,Animation,1994,142,High,R,2,2024-09-28
177,Toy Story,Pixar,John Lasseter,Crime,1995,81,Low,G,2,2018-10-13
2169,Blade Runner,Warner Bros.,Ridley Scott,Action,1982,117,Medium,R,1,2015-09-05
1967,The Godfather,Paramount Pictures,Francis Ford Coppola,Crime,1972,175,High,R,3,2024-09-18
2669,Parasite,CJ Entertainment,Bong Joon-ho,Romance,2019,132,High,R,4,2025-05-09
2145,The Shawshank Redemption,Castle Rock Entertainment,Frank Darabont,Action,1994,142,High,R,5,2024-11-30
2632,The Shawshank Redemption,Castle Rock Entertainment,Frank Darabont,Romance,1994,142,High,R,5,2020-05-10
1714,The Dark Knight,Warner Bros.,Christopher Nolan,Sci-Fi,2008,152,High,PG-13,5,2019-06-09
1716,"Crouching Tiger, Hidden Dragon",Sony Pictures Classics,Ang Lee,Drama,2000,120,Medium,PG-13,5,2017-05-28
2760,Fight Club,20th Century Fox,David Fincher,Sci-Fi,1999,139,High,R,5,2025-06-06
1813,"Crouching Tiger, Hidden Dragon",Sony Pictures Classics,Ang Lee,Crime,2000,120,Medium,PG-13,3,2015-06-21
2153,Blade Runner,Warner Bros.,Ridley Scott,Fantasy,1982,117,Medium,R,2,2015-08-09
1150,The Empire Strikes Back,Lucasfilm,Irvin Kershner,Fantasy,1980,124,High,PG,1,2025-05-10
2536,Se7en,New Line Cinema,David Fincher,Romance,1995,127,High,R,1,2017-03-09
214,The Shawshank Redemption,Castle Rock Entertainment,Frank Darabont,Action,1994,142,High,R,1,2025-03-30
163,The Dark Knight,Warner Bros.,Christopher Nolan,Sci-Fi,2008,152,High,PG-13,2,2019-06-18
1170,Forrest Gump,Paramount Pictures,Robert Zemeckis,Action,1994,142,High,PG-13,3,2020-07-10
2144,Inception,Warner Bros.,Christopher Nolan,Adventure,2010,148,High,PG-13,4,2021-12-29
259,Gladiator,DreamWorks Pictures,Ridley Scott,Animation,2000,155,High,R,5,2016-12-04
481,The Godfather,Paramount Pictures,Francis Ford Coppola,Fantasy,1972,175,High,R,2,2020-12-22
849,Moonlight,A24,Barry Jenkins,Action,2016,111,Medium,R,2,2021-09-07
2782,The Shawshank Redemption,Castle Rock Entertainment,Frank Darabont,Romance,1994,142,High,R,4,2022-07-09
460,The Shawshank Redemption,Castle Rock Entertainment,Frank Darabont,Adventure,1994,142,High,R,3,2015-06-02
1212,The Godfather,Paramount Pictures,Francis Ford Coppola,Thriller,1972,175,High,R,5,2022-09-02
2626,Forrest Gump,Paramount Pictures,Robert Zemeckis,Adventure,1994,142,High,PG-13,3,2017-08-19
1276,The Shawshank Redemption,Castle Rock Entertainment,Frank Darabont,Animation,1994,142,High,R,4,2023-10-31
214,The Dark Knight,Warner Bros.,Christopher Nolan,Comedy,2008,152,High,PG-13,4,2021-02-14
1105,The Shawshank Redemption,Castle Rock Entertainment,Frank Darabont,Romance,1994,142,High,R,2,2023-04-05
2453,Se7en,New Line Cinema,David Fincher,Thriller,1995,127,High,R,4,2019-08-11
1436,Parasite,CJ Entertainment,Bong Joon-ho,Thriller,2019,132,High,R,4,2024-06-11
1378,The Dark Knight,Warner Bros.,Christopher Nolan,Adventure,2008,152,High,PG-13,1,2018-02-21
159,Fight Club,20th Century Fox,David Fincher,Animation,1999,139,High,R,4,2019-01-18
129,The Shawshank Redemption,Castle Rock Entertainment,Frank Darabont,Fantasy,1994,142,High,R,4,2025-11-14
1818,The Lord of the Rings: The Return of the King,New Line Cinema,Peter Jackson,Drama,2003,201,High,PG-13,2,2016-04-18
930,The Prestige,Warner Bros.,Christopher Nolan,Crime,2006,130,High,PG-13,1,2023-11-25
1159,The Departed,Warner Bros.,Martin Scorsese,Romance,2006,151,High,R,5,2015-01-10
1536,The Shawshank Redemption,Castle Rock Entertainment,Frank Darabont,Thriller,1994,142,High,R,1,2024-01-16
76,The Empire Strikes Back,Lucasfilm,Irvin Kershner,Romance,1980,124,High,PG,4,2017-12-19
127,The Shawshank Redemption,Castle Rock Entertainment,Frank Darabont,Crime,1994,142,High,R,3,2019-07-20
856,The Shawshank Redemption,Castle Rock Entertainment,Frank Darabont,Romance,1994,142,High,R,2,2025-05-01
714,The Godfather,Paramount Pictures,Francis Ford Coppola,Drama,1972,175,High,R,4,2016-11-12
2323,American Beauty,DreamWorks,Sam Mendes,Sci-Fi,1999,122,High,R,1,2022-09-13
1583,The Shawshank Redemption,Castle Rock Entertainment,Frank Darabont,Sci-Fi,1994,142,High,R,3,2016-06-18
1553,The Dark Knight,Warner Bros.,Christopher Nolan,Thriller,2008,152,High,PG-13,2,2016-04-24
640,The Shawshank Redemption,Castle Rock Entertainment,Frank Darabont,Drama,1994,142,High,R,5,2025-09-10
352,The Shawshank Redemption,Castle Rock Entertainment,Frank Darabont,Drama,1994,142,High,R,1,2020-05-01
2385,Interstellar,Paramount Pictures,Christopher Nolan,Crime,2014,169,High,PG-13,5,2023-11-27
1370,The Godfather,Paramount Pictures,Francis Ford Coppola,Fantasy,1972,175,High,R,3,2015-07-09
119,The Departed,Warner Bros.,Martin Scorsese,Romance,2006,151,High,R,5,2019-01-22
1363,Fight Club,20th Century Fox,David Fincher,Romance,1999,139,High,R,1,2015-01-24
1467,Pulp Fiction,Miramax,Quentin Tarantino,Fantasy,1994,154,High,R,2,2022-02-24
2450,The Shawshank Redemption,Castle Rock Entertainment,Frank Darabont,Sci-Fi,1994,142,High,R,2,2019-02-03
1481,The Dark Knight,Warner Bros.,Christopher Nolan,Fantasy,2008,152,High,PG-13,4,2017-09-04
116,The Shawshank Redemption,Castle Rock Entertainment,Frank Darabont,Crime,1994,142,High,R,2,2022-04-25
1542,The Shawshank Redemption,Castle Rock Entertainment,Frank Darabont,Action,1994,142,High,R,5,2023-10-14
1697,Forrest Gump,Paramount Pictures,Robert Zemeckis,Crime,1994,142,High,PG-13,1,2019-06-14
1208,The Godfather,Paramount Pictures,Francis Ford Coppola,Sci-Fi,1972,175,High,R,1,2016-11-21
1826,The Matrix,Warner Bros.,Lana Wachowski,Thriller,1999,136,High,R,3,2024-11-28
1233,Pulp Fiction,Miramax,Quentin Tarantino,Comedy,1994,154,High,R,1,2022-06-13
2042,The Matrix,Warner Bros.,Lana Wachowski,Adventure,1999,136,High,R,4,2015-12-17
2032,The Dark Knight,Warner Bros.,Christopher Nolan,Action,2008,152,High,PG-13,2,2022-12-31
2021,Mad Max: Fury Road,Warner Bros.,George Miller,Romance,2015,120,Medium,R,5,2024-07-01
500,Interstellar,Paramount Pictures,Christopher Nolan,Adventure,2014,169,High,PG-13,2,2019-06-01
2881,The Godfather,Paramount Pictures,Francis Ford Coppola,Fantasy,1972,175,High,R,5,2022-01-01
2926,Avengers: Endgame,Marvel Studios,Anthony Russo,Animation,2019,181,High,PG-13,5,2024-01-20
1956,The Shawshank Redemption,Castle Rock Entertainment,Frank Darabont,Animation,1994,142,High,R,2,2016-02-09
274,WALL·E,Pixar,Andrew Stanton,Adventure,2008,98,Medium,G,1,2016-01-19
1200,The Godfather,Paramount Pictures,Francis Ford Coppola,Comedy,1972,175,High,R,1,2016-10-05
1251,Interstellar,Paramount Pictures,Christopher Nolan,Animation,2014,169,High,PG-13,3,2019-02-01
2756,Up,Pixar,Pete Docter,Fantasy,2009,96,Medium,PG,2,2015-11-01
1925,"Crouching Tiger, Hidden Dragon",Sony Pictures Classics,Ang Lee,Fantasy,2000,120,Medium,PG-13,1,2025-05-08
3,No Country for Old Men,Mirage Enterprises,Ethan Coen,Comedy,2007,122,High,R,1,2021-06-06
1271,The Empire Strikes Back,Lucasfilm,Irvin Kershner,Sci-Fi,1980,124,High,PG,5,2018-08-08
1442,There Will Be Blood,Paramount Vantage,Paul Thomas Anderson,Adventure,2007,158,High,R,1,2021-02-01
31,Forrest Gump,Paramount Pictures,Robert Zemeckis,Drama,1994,142,High,PG-13,2,2017-11-07
366,No Country for Old Men,Mirage Enterprises,Ethan Coen,Crime,2007,122,High,R,4,2019-07-10
2664,Forrest Gump,Paramount Pictures,Robert Zemeckis,Sci-Fi,1994,142,High,PG-13,1,2017-04-24
515,The Grand Budapest Hotel,Fox Searchlight,Wes Anderson,Crime,2014,99,Medium,R,1,2022-07-15
371,Pulp Fiction,Miramax,Quentin Tarantino,Animation,1994,154,High,R,2,2024-08-11
665,Schindler's List,Universal Pictures,Steven Spielberg,Animation,1993,195,High,R,1,2020-02-07
2405,The Shawshank Redemption,Castle Rock Entertainment,Frank Darabont,Thriller,1994,142,High,R,3,2020-04-09
126,The Dark Knight,Warner Bros.,Christopher Nolan,Sci-Fi,2008,152,High,PG-13,3,2015-02-20
532,The Shawshank Redemption,Castle Rock Entertainment,Frank Darabont,Crime,1994,142,High,R,3,2018-04-05
609,Whiplash,Blumhouse Productions,Damien Chazelle,Drama,2014,107,Medium,R,4,2021-03-14
